Nombre de pixels :49152Intensité ELA :0	0.0
1	0.0
2	0.0
3	0.0
4	0.0
5	0.0
6	0.00784313725490196
7	0.00784313725490196
8	0.00784313725490196
9	0.0
10	0.0
11	0.0
12	0.0
13	0.0
14	0.0
15	0.0
16	0.0
17	0.0
18	0.0
19	0.0
20	0.0
21	0.0
22	0.0
23	0.0
24	0.0
25	0.0
26	0.0
27	0.0
28	0.0
29	0.0
30	0.0
31	0.0
32	0.0
33	0.0
34	0.0
35	0.0
36	0.00784313725490196
37	0.00784313725490196
38	0.00784313725490196
39	0.0
40	0.0
41	0.0
42	0.0
43	0.0
44	0.0
45	0.0
46	0.0
47	0.0
48	0.0
49	0.0
50	0.0
51	0.0
52	0.0
53	0.0
54	0.0
55	0.0
56	0.0
57	0.0
58	0.0
59	0.0
60	0.0
61	0.0
62	0.0
63	0.0
64	0.0
65	0.0
66	0.0
67	0.0
68	0.0
69	0.0
70	0.0
71	0.0
72	0.0
73	0.0
74	0.0
75	0.0
76	0.0
77	0.0
78	0.0
79	0.0
80	0.011764705882352941
81	0.0
82	0.0
83	0.011764705882352941
84	0.0
85	0.0
86	0.0
87	0.0
88	0.0
89	0.0
90	0.0
91	0.0
92	0.0
93	0.0
94	0.0
95	0.0
96	0.0
97	0.0
98	0.0
99	0.0
100	0.0
101	0.0
102	0.0
103	0.0
104	0.0
105	0.0
106	0.0
107	0.0
108	0.011764705882352941
109	0.011764705882352941
110	0.011764705882352941
111	0.00392156862745098
112	0.00392156862745098
113	0.00392156862745098
114	0.0
115	0.0
116	0.0
117	0.00784313725490196
118	0.00784313725490196
119	0.00784313725490196
120	0.011764705882352941
121	0.011764705882352941
122	0.011764705882352941
123	0.00392156862745098
124	0.00392156862745098
125	0.00392156862745098
126	0.00392156862745098
127	0.00392156862745098
128	0.00392156862745098
129	0.0
130	0.0
131	0.0
132	0.00392156862745098
133	0.00392156862745098
134	0.00392156862745098
135	0.00392156862745098
136	0.00392156862745098
137	0.00392156862745098
138	0.0
139	0.0
140	0.0
141	0.0
142	0.0
143	0.0
144	0.0
145	0.0
146	0.0
147	0.0
148	0.0
149	0.0
150	0.0
151	0.0
152	0.0
153	0.00392156862745098
154	0.00392156862745098
155	0.00392156862745098
156	0.0
157	0.0
158	0.0
159	0.0
160	0.0
161	0.0
162	0.0
163	0.0
164	0.0
165	0.00392156862745098
166	0.00392156862745098
167	0.00392156862745098
168	0.0
169	0.0
170	0.0
171	0.0
172	0.0
173	0.0
174	0.0
175	0.0
176	0.0
177	0.0
178	0.0
179	0.0
180	0.0
181	0.0
182	0.0
183	0.0
184	0.0
185	0.0
186	0.0
187	0.0
188	0.0
189	0.0
190	0.0
191	0.0
192	0.0
193	0.0
194	0.0
195	0.0
196	0.0
197	0.0
198	0.0
199	0.0
200	0.0
201	0.00392156862745098
202	0.00392156862745098
203	0.00392156862745098
204	0.0
205	0.0
206	0.0
207	0.0
208	0.0
209	0.0
210	0.0
211	0.0
212	0.0
213	0.0
214	0.0
215	0.0
216	0.0
217	0.0
218	0.0
219	0.0
220	0.0
221	0.0
222	0.0
223	0.0
224	0.0
225	0.0
226	0.0
227	0.0
228	0.0
229	0.0
230	0.0
231	0.00392156862745098
232	0.00392156862745098
233	0.00392156862745098
234	0.00392156862745098
235	0.00392156862745098
236	0.00392156862745098
237	0.0
238	0.0
239	0.0
240	0.0
241	0.0
242	0.0
243	0.0
244	0.0
245	0.0
246	0.0
247	0.0
248	0.0
249	0.0
250	0.0
251	0.0
252	0.00784313725490196
253	0.00784313725490196
254	0.00784313725490196
255	0.00784313725490196
256	0.00784313725490196
257	0.00784313725490196
258	0.0
259	0.00392156862745098
260	0.0
261	0.0196078431372549
262	0.00784313725490196
263	0.0
264	0.00784313725490196
265	0.00392156862745098
266	0.0
267	0.0
268	0.0
269	0.0
270	0.0
271	0.0
272	0.0
273	0.0
274	0.0
275	0.0
276	0.0
277	0.0
278	0.0
279	0.0
280	0.0
281	0.0
282	0.0
283	0.0
284	0.0
285	0.0
286	0.0
287	0.0
288	0.0
289	0.0
290	0.0
291	0.0
292	0.0
293	0.0
294	0.0
295	0.0
296	0.0
297	0.0
298	0.0
299	0.0
300	0.0
301	0.0
302	0.0
303	0.0
304	0.0
305	0.0
306	0.0
307	0.0
308	0.0
309	0.0
310	0.0
311	0.0
312	0.0
313	0.0
314	0.00392156862745098
315	0.00392156862745098
316	0.0
317	0.00392156862745098
318	0.0196078431372549
319	0.00392156862745098
320	0.01568627450980392
321	0.0
322	0.0
323	0.00784313725490196
324	0.0
325	0.0
326	0.0
327	0.0
328	0.0
329	0.0
330	0.0
331	0.0
332	0.0
333	0.00392156862745098
334	0.0
335	0.0
336	0.011764705882352941
337	0.00392156862745098
338	0.0
339	0.00784313725490196
340	0.00784313725490196
341	0.00392156862745098
342	0.01568627450980392
343	0.00392156862745098
344	0.0
345	0.00392156862745098
346	0.00392156862745098
347	0.0
348	0.01568627450980392
349	0.00392156862745098
350	0.011764705882352941
351	0.00392156862745098
352	0.0
353	0.0
354	0.0
355	0.0
356	0.00392156862745098
357	0.0
358	0.00392156862745098
359	0.01568627450980392
360	0.00392156862745098
361	0.011764705882352941
362	0.00784313725490196
363	0.00784313725490196
364	0.00392156862745098
365	0.00392156862745098
366	0.00784313725490196
367	0.00392156862745098
368	0.00392156862745098
369	0.0196078431372549
370	0.00392156862745098
371	0.0
372	0.00784313725490196
373	0.00392156862745098
374	0.0
375	0.0
376	0.0
377	0.0
378	0.0
379	0.0
380	0.0
381	0.00392156862745098
382	0.00392156862745098
383	0.0
384	0.0
385	0.0
386	0.0
387	0.0
388	0.0
389	0.0
390	0.00392156862745098
391	0.00392156862745098
392	0.00392156862745098
393	0.0
394	0.0
395	0.0
396	0.0
397	0.0
398	0.0
399	0.0
400	0.0
401	0.0
402	0.0
403	0.0
404	0.0
405	0.0
406	0.0
407	0.0
408	0.0
409	0.0
410	0.0
411	0.0
412	0.0
413	0.0
414	0.0
415	0.0
416	0.0
417	0.0
418	0.0
419	0.0
420	0.00392156862745098
421	0.00392156862745098
422	0.00392156862745098
423	0.00392156862745098
424	0.00392156862745098
425	0.00392156862745098
426	0.0
427	0.0
428	0.0
429	0.00392156862745098
430	0.00392156862745098
431	0.00392156862745098
432	0.0
433	0.0
434	0.0
435	0.0
436	0.0
437	0.0
438	0.0
439	0.0
440	0.0
441	0.0
442	0.0
443	0.0
444	0.0
445	0.0
446	0.0
447	0.0
448	0.0
449	0.0
450	0.0
451	0.0
452	0.0
453	0.0
454	0.0
455	0.0
456	0.0
457	0.0
458	0.0
459	0.0
460	0.0
461	0.0
462	0.00392156862745098
463	0.00392156862745098
464	0.01568627450980392
465	0.0
466	0.0
467	0.01568627450980392
468	0.0
469	0.0
470	0.0
471	0.0
472	0.0
473	0.0
474	0.00392156862745098
475	0.00784313725490196
476	0.00784313725490196
477	0.0
478	0.0
479	0.0
480	0.0
481	0.0
482	0.0
483	0.0
484	0.0
485	0.0
486	0.0
487	0.0
488	0.0
489	0.0
490	0.0
491	0.0
492	0.00392156862745098
493	0.00392156862745098
494	0.00392156862745098
495	0.00392156862745098
496	0.00392156862745098
497	0.00392156862745098
498	0.00392156862745098
499	0.00392156862745098
500	0.0
501	0.00784313725490196
502	0.00784313725490196
503	0.00392156862745098
504	0.0
505	0.0
506	0.0
507	0.00392156862745098
508	0.00784313725490196
509	0.00784313725490196
510	0.00392156862745098
511	0.00392156862745098
512	0.00392156862745098
513	0.0
514	0.0
515	0.0
516	0.00392156862745098
517	0.00392156862745098
518	0.00392156862745098
519	0.00392156862745098
520	0.00392156862745098
521	0.00392156862745098
522	0.0
523	0.0
524	0.0
525	0.0
526	0.0
527	0.0
528	0.0
529	0.0
530	0.0
531	0.0
532	0.0
533	0.0
534	0.0
535	0.0
536	0.0
537	0.0
538	0.0
539	0.0
540	0.0
541	0.0
542	0.0
543	0.0
544	0.0
545	0.0
546	0.0
547	0.0
548	0.0
549	0.00392156862745098
550	0.00392156862745098
551	0.00392156862745098
552	0.00392156862745098
553	0.00392156862745098
554	0.00392156862745098
555	0.0
556	0.0
557	0.0
558	0.0
559	0.0
560	0.0
561	0.0
562	0.0
563	0.0
564	0.0
565	0.0
566	0.0
567	0.0
568	0.0
569	0.0
570	0.0
571	0.0
572	0.0
573	0.0
574	0.0
575	0.0
576	0.0
577	0.0
578	0.0
579	0.0
580	0.0
581	0.0
582	0.0
583	0.0
584	0.0
585	0.00392156862745098
586	0.00392156862745098
587	0.00392156862745098
588	0.0
589	0.0
590	0.0
591	0.0
592	0.0
593	0.0
594	0.0
595	0.0
596	0.0
597	0.0
598	0.0
599	0.0
600	0.0
601	0.0
602	0.0
603	0.0
604	0.0
605	0.0
606	0.0
607	0.0
608	0.0
609	0.0
610	0.0
611	0.0
612	0.0
613	0.0
614	0.0
615	0.0
616	0.0
617	0.0
618	0.00392156862745098
619	0.00392156862745098
620	0.00392156862745098
621	0.0
622	0.0
623	0.0
624	0.0
625	0.0
626	0.0
627	0.0
628	0.0
629	0.0
630	0.00392156862745098
631	0.00392156862745098
632	0.00392156862745098
633	0.00392156862745098
634	0.00392156862745098
635	0.00392156862745098
636	0.00392156862745098
637	0.00392156862745098
638	0.00392156862745098
639	0.00784313725490196
640	0.011764705882352941
641	0.011764705882352941
642	0.00392156862745098
643	0.00784313725490196
644	0.00784313725490196
645	0.01568627450980392
646	0.00392156862745098
647	0.00392156862745098
648	0.00784313725490196
649	0.00392156862745098
650	0.0
651	0.00392156862745098
652	0.0
653	0.0
654	0.0
655	0.0
656	0.0
657	0.0
658	0.0
659	0.0
660	0.0
661	0.0
662	0.0
663	0.0
664	0.0
665	0.0
666	0.0
667	0.0
668	0.0
669	0.0
670	0.0
671	0.0
672	0.0
673	0.0
674	0.0
675	0.0
676	0.0
677	0.0
678	0.0
679	0.0
680	0.0
681	0.00392156862745098
682	0.00392156862745098
683	0.00392156862745098
684	0.0
685	0.0
686	0.0
687	0.0
688	0.0
689	0.0
690	0.0
691	0.0
692	0.0
693	0.0
694	0.0
695	0.0
696	0.0
697	0.0
698	0.00392156862745098
699	0.00392156862745098
700	0.0
701	0.00392156862745098
702	0.023529411764705882
703	0.0
704	0.01568627450980392
705	0.0
706	0.0
707	0.011764705882352941
708	0.0
709	0.0
710	0.0
711	0.0
712	0.0
713	0.0
714	0.00392156862745098
715	0.0
716	0.0
717	0.00392156862745098
718	0.0
719	0.0
720	0.011764705882352941
721	0.0
722	0.0
723	0.01568627450980392
724	0.00392156862745098
725	0.00784313725490196
726	0.0196078431372549
727	0.00392156862745098
728	0.0
729	0.01568627450980392
730	0.00784313725490196
731	0.00392156862745098
732	0.011764705882352941
733	0.011764705882352941
734	0.00784313725490196
735	0.0
736	0.0
737	0.0
738	0.00392156862745098
739	0.00392156862745098
740	0.00392156862745098
741	0.011764705882352941
742	0.011764705882352941
743	0.01568627450980392
744	0.011764705882352941
745	0.011764705882352941
746	0.011764705882352941
747	0.0196078431372549
748	0.00784313725490196
749	0.00392156862745098
750	0.011764705882352941
751	0.00784313725490196
752	0.00784313725490196
753	0.00784313725490196
754	0.00392156862745098
755	0.0
756	0.00392156862745098
757	0.0
758	0.0
759	0.00784313725490196
760	0.00392156862745098
761	0.0
762	0.0
763	0.0
764	0.0
765	0.00392156862745098
766	0.00392156862745098
767	0.00392156862745098
768	0.0
769	0.0
770	0.0
771	0.0
772	0.0
773	0.0
774	0.0
775	0.0
776	0.0
777	0.0
778	0.0
779	0.0
780	0.0
781	0.0
782	0.0
783	0.0
784	0.0
785	0.0
786	0.0
787	0.0
788	0.0
789	0.0
790	0.0
791	0.0
792	0.0
793	0.0
794	0.0
795	0.0
796	0.0
797	0.0
798	0.00392156862745098
799	0.0
800	0.00392156862745098
801	0.00392156862745098
802	0.00392156862745098
803	0.00392156862745098
804	0.00392156862745098
805	0.00392156862745098
806	0.00392156862745098
807	0.0
808	0.0
809	0.0
810	0.0
811	0.0
812	0.0
813	0.0
814	0.0
815	0.0
816	0.0
817	0.0
818	0.0
819	0.0
820	0.0
821	0.0
822	0.0
823	0.0
824	0.0
825	0.0
826	0.0
827	0.0
828	0.0
829	0.0
830	0.0
831	0.0
832	0.0
833	0.0
834	0.00392156862745098
835	0.00392156862745098
836	0.00392156862745098
837	0.0
838	0.0
839	0.0
840	0.0
841	0.0
842	0.0
843	0.0
844	0.0
845	0.0
846	0.0
847	0.0
848	0.01568627450980392
849	0.00392156862745098
850	0.00392156862745098
851	0.0196078431372549
852	0.0
853	0.0
854	0.0
855	0.00392156862745098
856	0.00392156862745098
857	0.00392156862745098
858	0.00392156862745098
859	0.00392156862745098
860	0.00392156862745098
861	0.0
862	0.0
863	0.0
864	0.0
865	0.0
866	0.0
867	0.0
868	0.0
869	0.0
870	0.0
871	0.0
872	0.00392156862745098
873	0.0
874	0.00392156862745098
875	0.00392156862745098
876	0.0
877	0.00392156862745098
878	0.00392156862745098
879	0.0
880	0.0
881	0.0
882	0.0196078431372549
883	0.00784313725490196
884	0.00392156862745098
885	0.03137254901960784
886	0.011764705882352941
887	0.0
888	0.011764705882352941
889	0.00392156862745098
890	0.0
891	0.00392156862745098
892	0.00784313725490196
893	0.011764705882352941
894	0.00784313725490196
895	0.00784313725490196
896	0.00784313725490196
897	0.0
898	0.0
899	0.0
900	0.0
901	0.0
902	0.0
903	0.0
904	0.0
905	0.0
906	0.0
907	0.0
908	0.0
909	0.0
910	0.0
911	0.0
912	0.0
913	0.0
914	0.0
915	0.0
916	0.0
917	0.0
918	0.0
919	0.0
920	0.0
921	0.0
922	0.0
923	0.0
924	0.0
925	0.0
926	0.0
927	0.0
928	0.0
929	0.0
930	0.0
931	0.0
932	0.0
933	0.0
934	0.0
935	0.0
936	0.0
937	0.0
938	0.0
939	0.0
940	0.0
941	0.0
942	0.0
943	0.0
944	0.0
945	0.0
946	0.0
947	0.0
948	0.0
949	0.0
950	0.0
951	0.0
952	0.0
953	0.0
954	0.0
955	0.0
956	0.0
957	0.0
958	0.0
959	0.0
960	0.0
961	0.0
962	0.0
963	0.0
964	0.0
965	0.0
966	0.0
967	0.0
968	0.0
969	0.00392156862745098
970	0.00392156862745098
971	0.00392156862745098
972	0.0
973	0.0
974	0.0
975	0.0
976	0.0
977	0.0
978	0.0
979	0.0
980	0.0
981	0.0
982	0.0
983	0.0
984	0.0
985	0.0
986	0.0
987	0.0
988	0.0
989	0.0
990	0.0
991	0.0
992	0.0
993	0.0
994	0.0
995	0.0
996	0.0
997	0.0
998	0.0
999	0.0
1000	0.0
1001	0.0
1002	0.0
1003	0.0
1004	0.0
1005	0.0
1006	0.0
1007	0.0
1008	0.0
1009	0.0
1010	0.0
1011	0.0
1012	0.0
1013	0.0
1014	0.0
1015	0.0
1016	0.0
1017	0.00392156862745098
1018	0.00392156862745098
1019	0.00392156862745098
1020	0.0
1021	0.0
1022	0.0
1023	0.0
1024	0.00392156862745098
1025	0.00392156862745098
1026	0.00784313725490196
1027	0.011764705882352941
1028	0.011764705882352941
1029	0.01568627450980392
1030	0.00784313725490196
1031	0.00784313725490196
1032	0.0196078431372549
1033	0.00392156862745098
1034	0.0
1035	0.011764705882352941
1036	0.00784313725490196
1037	0.00392156862745098
1038	0.00392156862745098
1039	0.00392156862745098
1040	0.00392156862745098
1041	0.0
1042	0.0
1043	0.0
1044	0.0
1045	0.0
1046	0.0
1047	0.0
1048	0.0
1049	0.0
1050	0.0
1051	0.0
1052	0.0
1053	0.0
1054	0.0
1055	0.0
1056	0.0
1057	0.0
1058	0.0
1059	0.0
1060	0.0
1061	0.0
1062	0.0
1063	0.0
1064	0.0
1065	0.0
1066	0.0
1067	0.0
1068	0.0
1069	0.0
1070	0.0
1071	0.0
1072	0.0
1073	0.0
1074	0.0
1075	0.0
1076	0.0
1077	0.0
1078	0.0
1079	0.0
1080	0.0
1081	0.0
1082	0.00392156862745098
1083	0.00392156862745098
1084	0.0
1085	0.00392156862745098
1086	0.023529411764705882
1087	0.0
1088	0.01568627450980392
1089	0.0
1090	0.0
1091	0.011764705882352941
1092	0.0
1093	0.0
1094	0.0
1095	0.0
1096	0.0
1097	0.0
1098	0.00784313725490196
1099	0.0
1100	0.0
1101	0.0
1102	0.0
1103	0.0
1104	0.011764705882352941
1105	0.00392156862745098
1106	0.0
1107	0.023529411764705882
1108	0.00392156862745098
1109	0.00784313725490196
1110	0.011764705882352941
1111	0.00392156862745098
1112	0.00392156862745098
1113	0.0
1114	0.0
1115	0.0
1116	0.0
1117	0.0
1118	0.0
1119	0.0
1120	0.0
1121	0.0
1122	0.0
1123	0.0
1124	0.0
1125	0.011764705882352941
1126	0.00392156862745098
1127	0.01568627450980392
1128	0.00784313725490196
1129	0.00392156862745098
1130	0.011764705882352941
1131	0.011764705882352941
1132	0.00784313725490196
1133	0.00784313725490196
1134	0.011764705882352941
1135	0.011764705882352941
1136	0.00784313725490196
1137	0.011764705882352941
1138	0.00784313725490196
1139	0.00392156862745098
1140	0.00784313725490196
1141	0.00392156862745098
1142	0.00392156862745098
1143	0.011764705882352941
1144	0.0
1145	0.0
1146	0.0
1147	0.0
1148	0.0
1149	0.0
1150	0.0
1151	0.0
1152	0.0
1153	0.0
1154	0.0
1155	0.0
1156	0.0
1157	0.0
1158	0.0
1159	0.0
1160	0.0
1161	0.0
1162	0.0
1163	0.0
1164	0.0
1165	0.0
1166	0.0
1167	0.0
1168	0.0
1169	0.0
1170	0.00392156862745098
1171	0.0
1172	0.00392156862745098
1173	0.00392156862745098
1174	0.0
1175	0.00392156862745098
1176	0.0
1177	0.0
1178	0.0
1179	0.00392156862745098
1180	0.00392156862745098
1181	0.00392156862745098
1182	0.00784313725490196
1183	0.0
1184	0.00784313725490196
1185	0.00784313725490196
1186	0.00784313725490196
1187	0.00784313725490196
1188	0.00392156862745098
1189	0.00784313725490196
1190	0.00392156862745098
1191	0.00392156862745098
1192	0.00392156862745098
1193	0.00392156862745098
1194	0.0
1195	0.0
1196	0.0
1197	0.0
1198	0.0
1199	0.0
1200	0.0
1201	0.0
1202	0.0
1203	0.0
1204	0.0
1205	0.0
1206	0.0
1207	0.0
1208	0.0
1209	0.0
1210	0.0
1211	0.0
1212	0.0
1213	0.0
1214	0.0
1215	0.00784313725490196
1216	0.00784313725490196
1217	0.00784313725490196
1218	0.00392156862745098
1219	0.00392156862745098
1220	0.00392156862745098
1221	0.0
1222	0.0
1223	0.0
1224	0.0
1225	0.0
1226	0.0
1227	0.0
1228	0.0
1229	0.0
1230	0.0
1231	0.0
1232	0.01568627450980392
1233	0.0
1234	0.0
1235	0.01568627450980392
1236	0.0
1237	0.0
1238	0.0
1239	0.00392156862745098
1240	0.00392156862745098
1241	0.00784313725490196
1242	0.00784313725490196
1243	0.00784313725490196
1244	0.00392156862745098
1245	0.0
1246	0.0
1247	0.00392156862745098
1248	0.011764705882352941
1249	0.00392156862745098
1250	0.011764705882352941
1251	0.0
1252	0.00784313725490196
1253	0.027450980392156862
1254	0.0
1255	0.0
1256	0.00392156862745098
1257	0.0
1258	0.00392156862745098
1259	0.00392156862745098
1260	0.00392156862745098
1261	0.00784313725490196
1262	0.023529411764705882
1263	0.0
1264	0.00392156862745098
1265	0.011764705882352941
1266	0.00784313725490196
1267	0.00784313725490196
1268	0.00784313725490196
1269	0.027450980392156862
1270	0.01568627450980392
1271	0.00392156862745098
1272	0.01568627450980392
1273	0.00784313725490196
1274	0.011764705882352941
1275	0.00784313725490196
1276	0.00784313725490196
1277	0.00392156862745098
1278	0.00392156862745098
1279	0.00392156862745098
1280	0.00392156862745098
1281	0.0
1282	0.0
1283	0.0
1284	0.00392156862745098
1285	0.00392156862745098
1286	0.00392156862745098
1287	0.0
1288	0.0
1289	0.011764705882352941
1290	0.0
1291	0.0
1292	0.0
1293	0.0
1294	0.0
1295	0.0
1296	0.0
1297	0.0
1298	0.0
1299	0.00392156862745098
1300	0.00392156862745098
1301	0.00392156862745098
1302	0.0
1303	0.0
1304	0.0
1305	0.0
1306	0.0
1307	0.0
1308	0.0
1309	0.0
1310	0.0
1311	0.0
1312	0.0
1313	0.0
1314	0.0
1315	0.0
1316	0.0
1317	0.0
1318	0.0
1319	0.0
1320	0.0
1321	0.0
1322	0.0
1323	0.0
1324	0.0
1325	0.0
1326	0.0
1327	0.0
1328	0.0
1329	0.0
1330	0.0
1331	0.0
1332	0.0
1333	0.0
1334	0.0
1335	0.0
1336	0.0
1337	0.0
1338	0.0
1339	0.0
1340	0.0
1341	0.0
1342	0.0
1343	0.0
1344	0.0
1345	0.0
1346	0.0
1347	0.0
1348	0.0
1349	0.0
1350	0.0
1351	0.0
1352	0.0
1353	0.0
1354	0.0
1355	0.0
1356	0.0
1357	0.0
1358	0.0
1359	0.0
1360	0.0
1361	0.0
1362	0.0
1363	0.0
1364	0.0
1365	0.0
1366	0.0
1367	0.0
1368	0.0
1369	0.0
1370	0.0
1371	0.0
1372	0.0
1373	0.0
1374	0.0
1375	0.0
1376	0.0
1377	0.0
1378	0.0
1379	0.0
1380	0.0
1381	0.0
1382	0.0
1383	0.0
1384	0.0
1385	0.0
1386	0.0
1387	0.0
1388	0.0
1389	0.0
1390	0.0
1391	0.0
1392	0.0
1393	0.0
1394	0.0
1395	0.0
1396	0.0
1397	0.0
1398	0.00392156862745098
1399	0.00392156862745098
1400	0.00392156862745098
1401	0.00392156862745098
1402	0.00392156862745098
1403	0.00392156862745098
1404	0.0
1405	0.0
1406	0.0
1407	0.0
1408	0.0
1409	0.0
1410	0.00392156862745098
1411	0.00392156862745098
1412	0.00392156862745098
1413	0.0196078431372549
1414	0.00784313725490196
1415	0.00784313725490196
1416	0.01568627450980392
1417	0.00392156862745098
1418	0.00392156862745098
1419	0.01568627450980392
1420	0.011764705882352941
1421	0.00392156862745098
1422	0.00392156862745098
1423	0.00392156862745098
1424	0.0
1425	0.00392156862745098
1426	0.0
1427	0.0
1428	0.0
1429	0.0
1430	0.0
1431	0.0
1432	0.0
1433	0.0
1434	0.0
1435	0.0
1436	0.0
1437	0.0
1438	0.0
1439	0.0
1440	0.0
1441	0.0
1442	0.0
1443	0.0
1444	0.0
1445	0.0
1446	0.0
1447	0.0
1448	0.0
1449	0.0
1450	0.0
1451	0.0
1452	0.0
1453	0.0
1454	0.0
1455	0.0
1456	0.0
1457	0.0
1458	0.0
1459	0.0
1460	0.0
1461	0.00392156862745098
1462	0.00392156862745098
1463	0.00392156862745098
1464	0.00784313725490196
1465	0.00392156862745098
1466	0.011764705882352941
1467	0.01568627450980392
1468	0.0
1469	0.011764705882352941
1470	0.0196078431372549
1471	0.00392156862745098
1472	0.011764705882352941
1473	0.00392156862745098
1474	0.00392156862745098
1475	0.00392156862745098
1476	0.00784313725490196
1477	0.00392156862745098
1478	0.00392156862745098
1479	0.00784313725490196
1480	0.00392156862745098
1481	0.00392156862745098
1482	0.01568627450980392
1483	0.00784313725490196
1484	0.0
1485	0.011764705882352941
1486	0.00392156862745098
1487	0.0
1488	0.011764705882352941
1489	0.00392156862745098
1490	0.0
1491	0.0196078431372549
1492	0.00784313725490196
1493	0.00392156862745098
1494	0.00784313725490196
1495	0.00392156862745098
1496	0.0
1497	0.0
1498	0.0
1499	0.0
1500	0.0
1501	0.0
1502	0.0
1503	0.0
1504	0.0
1505	0.0
1506	0.0
1507	0.00392156862745098
1508	0.00392156862745098
1509	0.00392156862745098
1510	0.011764705882352941
1511	0.011764705882352941
1512	0.00784313725490196
1513	0.00784313725490196
1514	0.011764705882352941
1515	0.011764705882352941
1516	0.00784313725490196
1517	0.0
1518	0.011764705882352941
1519	0.01568627450980392
1520	0.00784313725490196
1521	0.011764705882352941
1522	0.00784313725490196
1523	0.0
1524	0.01568627450980392
1525	0.00392156862745098
1526	0.00392156862745098
1527	0.00784313725490196
1528	0.00392156862745098
1529	0.0
1530	0.0
1531	0.0
1532	0.0
1533	0.0
1534	0.0
1535	0.0
1536	0.00392156862745098
1537	0.00392156862745098
1538	0.00392156862745098
1539	0.0
1540	0.0
1541	0.00392156862745098
1542	0.0
1543	0.0
1544	0.0
1545	0.0
1546	0.0
1547	0.0
1548	0.0
1549	0.0
1550	0.0
1551	0.0
1552	0.0
1553	0.0
1554	0.00392156862745098
1555	0.0
1556	0.00392156862745098
1557	0.0
1558	0.0
1559	0.0
1560	0.0
1561	0.0
1562	0.0
1563	0.0
1564	0.0
1565	0.0
1566	0.0
1567	0.0
1568	0.0
1569	0.00784313725490196
1570	0.00784313725490196
1571	0.00784313725490196
1572	0.00784313725490196
1573	0.00784313725490196
1574	0.00784313725490196
1575	0.0
1576	0.0
1577	0.0
1578	0.0
1579	0.0
1580	0.0
1581	0.0
1582	0.0
1583	0.0
1584	0.0
1585	0.0
1586	0.0
1587	0.0
1588	0.0
1589	0.0
1590	0.0
1591	0.0
1592	0.0
1593	0.0
1594	0.0
1595	0.0
1596	0.0
1597	0.0
1598	0.0
1599	0.0
1600	0.0
1601	0.0
1602	0.0
1603	0.0
1604	0.0
1605	0.0
1606	0.0
1607	0.0
1608	0.00392156862745098
1609	0.00392156862745098
1610	0.00392156862745098
1611	0.00392156862745098
1612	0.00392156862745098
1613	0.00392156862745098
1614	0.0
1615	0.0
1616	0.01568627450980392
1617	0.0
1618	0.0
1619	0.01568627450980392
1620	0.0
1621	0.0
1622	0.0
1623	0.011764705882352941
1624	0.00784313725490196
1625	0.0
1626	0.027450980392156862
1627	0.011764705882352941
1628	0.00392156862745098
1629	0.011764705882352941
1630	0.00784313725490196
1631	0.00784313725490196
1632	0.011764705882352941
1633	0.00392156862745098
1634	0.023529411764705882
1635	0.00392156862745098
1636	0.00784313725490196
1637	0.027450980392156862
1638	0.00784313725490196
1639	0.00784313725490196
1640	0.01568627450980392
1641	0.0
1642	0.0
1643	0.011764705882352941
1644	0.0196078431372549
1645	0.00392156862745098
1646	0.027450980392156862
1647	0.00784313725490196
1648	0.011764705882352941
1649	0.027450980392156862
1650	0.00392156862745098
1651	0.00784313725490196
1652	0.01568627450980392
1653	0.011764705882352941
1654	0.00392156862745098
1655	0.00392156862745098
1656	0.011764705882352941
1657	0.00392156862745098
1658	0.0196078431372549
1659	0.00784313725490196
1660	0.00784313725490196
1661	0.011764705882352941
1662	0.00784313725490196
1663	0.00784313725490196
1664	0.0196078431372549
1665	0.00392156862745098
1666	0.00392156862745098
1667	0.00392156862745098
1668	0.00392156862745098
1669	0.00392156862745098
1670	0.0
1671	0.00392156862745098
1672	0.00392156862745098
1673	0.027450980392156862
1674	0.0
1675	0.0
1676	0.00392156862745098
1677	0.0
1678	0.0
1679	0.0
1680	0.0
1681	0.0
1682	0.0
1683	0.00392156862745098
1684	0.00392156862745098
1685	0.00392156862745098
1686	0.0
1687	0.0
1688	0.0
1689	0.0
1690	0.0
1691	0.0
1692	0.0
1693	0.0
1694	0.0
1695	0.0
1696	0.0
1697	0.0
1698	0.0
1699	0.0
1700	0.0
1701	0.0
1702	0.0
1703	0.0
1704	0.0
1705	0.0
1706	0.0
1707	0.0
1708	0.0
1709	0.0
1710	0.0
1711	0.0
1712	0.0
1713	0.0
1714	0.0
1715	0.0
1716	0.0
1717	0.0
1718	0.0
1719	0.0
1720	0.0
1721	0.0
1722	0.0
1723	0.0
1724	0.0
1725	0.0
1726	0.0
1727	0.0
1728	0.0
1729	0.0
1730	0.0
1731	0.0
1732	0.0
1733	0.0
1734	0.0
1735	0.0
1736	0.0
1737	0.00392156862745098
1738	0.00392156862745098
1739	0.00392156862745098
1740	0.0
1741	0.0
1742	0.0
1743	0.0
1744	0.0
1745	0.0
1746	0.0
1747	0.0
1748	0.0
1749	0.0
1750	0.0
1751	0.0
1752	0.0
1753	0.0
1754	0.0
1755	0.0
1756	0.0
1757	0.0
1758	0.0
1759	0.0
1760	0.0
1761	0.0
1762	0.0
1763	0.0
1764	0.0
1765	0.0
1766	0.0
1767	0.0
1768	0.0
1769	0.0
1770	0.00392156862745098
1771	0.00392156862745098
1772	0.00392156862745098
1773	0.00392156862745098
1774	0.00392156862745098
1775	0.00392156862745098
1776	0.0
1777	0.0
1778	0.0
1779	0.0
1780	0.0
1781	0.0
1782	0.0
1783	0.0
1784	0.0
1785	0.0
1786	0.0
1787	0.0
1788	0.0
1789	0.0
1790	0.0
1791	0.0
1792	0.0
1793	0.0
1794	0.0
1795	0.0
1796	0.0
1797	0.011764705882352941
1798	0.00784313725490196
1799	0.00392156862745098
1800	0.011764705882352941
1801	0.00784313725490196
1802	0.00784313725490196
1803	0.011764705882352941
1804	0.00784313725490196
1805	0.00392156862745098
1806	0.00784313725490196
1807	0.00784313725490196
1808	0.00392156862745098
1809	0.00392156862745098
1810	0.00392156862745098
1811	0.0
1812	0.0
1813	0.0
1814	0.0
1815	0.0
1816	0.0
1817	0.0
1818	0.0
1819	0.0
1820	0.0
1821	0.0
1822	0.0
1823	0.0
1824	0.0
1825	0.0
1826	0.0
1827	0.0
1828	0.0
1829	0.0
1830	0.0
1831	0.0
1832	0.0
1833	0.0
1834	0.0
1835	0.0
1836	0.0
1837	0.0
1838	0.0
1839	0.0
1840	0.0
1841	0.0
1842	0.0
1843	0.0
1844	0.0
1845	0.00392156862745098
1846	0.00392156862745098
1847	0.00392156862745098
1848	0.011764705882352941
1849	0.00784313725490196
1850	0.0
1851	0.011764705882352941
1852	0.00392156862745098
1853	0.00784313725490196
1854	0.011764705882352941
1855	0.00392156862745098
1856	0.00784313725490196
1857	0.00392156862745098
1858	0.00392156862745098
1859	0.0
1860	0.01568627450980392
1861	0.00784313725490196
1862	0.00392156862745098
1863	0.01568627450980392
1864	0.00392156862745098
1865	0.00392156862745098
1866	0.00784313725490196
1867	0.00392156862745098
1868	0.0
1869	0.00392156862745098
1870	0.00392156862745098
1871	0.0
1872	0.00784313725490196
1873	0.0
1874	0.00392156862745098
1875	0.0196078431372549
1876	0.011764705882352941
1877	0.00392156862745098
1878	0.0
1879	0.0
1880	0.0
1881	0.0
1882	0.0
1883	0.0
1884	0.0
1885	0.0
1886	0.0
1887	0.0
1888	0.0
1889	0.0
1890	0.00392156862745098
1891	0.00392156862745098
1892	0.0
1893	0.00784313725490196
1894	0.00784313725490196
1895	0.0
1896	0.011764705882352941
1897	0.00392156862745098
1898	0.00392156862745098
1899	0.01568627450980392
1900	0.00392156862745098
1901	0.011764705882352941
1902	0.0196078431372549
1903	0.00784313725490196
1904	0.00392156862745098
1905	0.00392156862745098
1906	0.0
1907	0.0
1908	0.011764705882352941
1909	0.0
1910	0.0
1911	0.0
1912	0.0
1913	0.0
1914	0.0
1915	0.0
1916	0.0
1917	0.00392156862745098
1918	0.00392156862745098
1919	0.00392156862745098
1920	0.00784313725490196
1921	0.00784313725490196
1922	0.00784313725490196
1923	0.00392156862745098
1924	0.00392156862745098
1925	0.00392156862745098
1926	0.0
1927	0.0
1928	0.0
1929	0.0
1930	0.0
1931	0.0
1932	0.0
1933	0.0
1934	0.0
1935	0.0
1936	0.0
1937	0.0
1938	0.00392156862745098
1939	0.0
1940	0.00392156862745098
1941	0.0
1942	0.0
1943	0.0
1944	0.0
1945	0.0
1946	0.0
1947	0.0
1948	0.0
1949	0.0
1950	0.0
1951	0.0
1952	0.0
1953	0.00392156862745098
1954	0.00392156862745098
1955	0.00392156862745098
1956	0.00392156862745098
1957	0.00392156862745098
1958	0.00392156862745098
1959	0.00392156862745098
1960	0.00392156862745098
1961	0.00392156862745098
1962	0.0
1963	0.0
1964	0.0
1965	0.00784313725490196
1966	0.00784313725490196
1967	0.00784313725490196
1968	0.0
1969	0.0
1970	0.0
1971	0.0
1972	0.0
1973	0.0
1974	0.0
1975	0.0
1976	0.0
1977	0.0
1978	0.0
1979	0.0
1980	0.0
1981	0.0
1982	0.0
1983	0.0
1984	0.0
1985	0.0
1986	0.0
1987	0.0
1988	0.0
1989	0.0
1990	0.0
1991	0.0
1992	0.00392156862745098
1993	0.00392156862745098
1994	0.00392156862745098
1995	0.00392156862745098
1996	0.00392156862745098
1997	0.00392156862745098
1998	0.0
1999	0.0
2000	0.01568627450980392
2001	0.0
2002	0.0
2003	0.01568627450980392
2004	0.0
2005	0.0
2006	0.0
2007	0.00784313725490196
2008	0.00392156862745098
2009	0.0
2010	0.0196078431372549
2011	0.00392156862745098
2012	0.00392156862745098
2013	0.01568627450980392
2014	0.011764705882352941
2015	0.0
2016	0.00784313725490196
2017	0.00392156862745098
2018	0.01568627450980392
2019	0.011764705882352941
2020	0.00784313725490196
2021	0.0196078431372549
2022	0.00784313725490196
2023	0.00784313725490196
2024	0.023529411764705882
2025	0.00392156862745098
2026	0.00784313725490196
2027	0.023529411764705882
2028	0.011764705882352941
2029	0.00784313725490196
2030	0.027450980392156862
2031	0.01568627450980392
2032	0.00784313725490196
2033	0.00392156862745098
2034	0.0196078431372549
2035	0.00392156862745098
2036	0.0
2037	0.011764705882352941
2038	0.0
2039	0.0
2040	0.011764705882352941
2041	0.00784313725490196
2042	0.023529411764705882
2043	0.011764705882352941
2044	0.00784313725490196
2045	0.00784313725490196
2046	0.00784313725490196
2047	0.00784313725490196
2048	0.00784313725490196
2049	0.0
2050	0.0
2051	0.0
2052	0.00392156862745098
2053	0.00392156862745098
2054	0.00392156862745098
2055	0.00784313725490196
2056	0.011764705882352941
2057	0.027450980392156862
2058	0.0
2059	0.0
2060	0.0
2061	0.0
2062	0.0
2063	0.0
2064	0.0
2065	0.0
2066	0.0
2067	0.0
2068	0.0
2069	0.0
2070	0.0
2071	0.0
2072	0.0
2073	0.0
2074	0.0
2075	0.0
2076	0.0
2077	0.0
2078	0.0
2079	0.0
2080	0.0
2081	0.0
2082	0.0
2083	0.0
2084	0.0
2085	0.0
2086	0.0
2087	0.0
2088	0.0
2089	0.0
2090	0.0
2091	0.0
2092	0.0
2093	0.0
2094	0.0
2095	0.0
2096	0.0
2097	0.0
2098	0.0
2099	0.0
2100	0.0
2101	0.0
2102	0.0
2103	0.0
2104	0.0
2105	0.0
2106	0.0
2107	0.0
2108	0.0
2109	0.0
2110	0.0
2111	0.0
2112	0.0
2113	0.0
2114	0.0
2115	0.0
2116	0.0
2117	0.0
2118	0.0
2119	0.0
2120	0.0
2121	0.00392156862745098
2122	0.00392156862745098
2123	0.00392156862745098
2124	0.0
2125	0.0
2126	0.0
2127	0.0
2128	0.0
2129	0.0
2130	0.0
2131	0.0
2132	0.0
2133	0.0
2134	0.0
2135	0.0
2136	0.0
2137	0.0
2138	0.0
2139	0.0
2140	0.0
2141	0.0
2142	0.0
2143	0.0
2144	0.0
2145	0.0
2146	0.0
2147	0.0
2148	0.0
2149	0.0
2150	0.0
2151	0.0
2152	0.0
2153	0.0
2154	0.00784313725490196
2155	0.00784313725490196
2156	0.00784313725490196
2157	0.00392156862745098
2158	0.00392156862745098
2159	0.00392156862745098
2160	0.0
2161	0.0
2162	0.0
2163	0.0
2164	0.0
2165	0.0
2166	0.0
2167	0.0
2168	0.0
2169	0.0
2170	0.0
2171	0.0
2172	0.0
2173	0.0
2174	0.0
2175	0.0
2176	0.0
2177	0.0
2178	0.0
2179	0.0
2180	0.0
2181	0.011764705882352941
2182	0.00784313725490196
2183	0.011764705882352941
2184	0.011764705882352941
2185	0.01568627450980392
2186	0.00784313725490196
2187	0.01568627450980392
2188	0.00784313725490196
2189	0.00784313725490196
2190	0.00784313725490196
2191	0.00392156862745098
2192	0.0
2193	0.00392156862745098
2194	0.0
2195	0.0
2196	0.0
2197	0.0
2198	0.0
2199	0.0
2200	0.0
2201	0.0
2202	0.0
2203	0.0
2204	0.0
2205	0.0
2206	0.0
2207	0.0
2208	0.0
2209	0.0
2210	0.0
2211	0.0
2212	0.0
2213	0.0
2214	0.0
2215	0.0
2216	0.0
2217	0.0
2218	0.0
2219	0.0
2220	0.0
2221	0.0
2222	0.0
2223	0.0
2224	0.0
2225	0.0
2226	0.0
2227	0.0
2228	0.0
2229	0.00392156862745098
2230	0.00392156862745098
2231	0.00392156862745098
2232	0.01568627450980392
2233	0.00784313725490196
2234	0.0
2235	0.01568627450980392
2236	0.0
2237	0.00784313725490196
2238	0.00784313725490196
2239	0.00784313725490196
2240	0.00784313725490196
2241	0.011764705882352941
2242	0.00392156862745098
2243	0.0
2244	0.00784313725490196
2245	0.00392156862745098
2246	0.00392156862745098
2247	0.011764705882352941
2248	0.00784313725490196
2249	0.00392156862745098
2250	0.011764705882352941
2251	0.011764705882352941
2252	0.00392156862745098
2253	0.0196078431372549
2254	0.00784313725490196
2255	0.00784313725490196
2256	0.0196078431372549
2257	0.00784313725490196
2258	0.00784313725490196
2259	0.011764705882352941
2260	0.0
2261	0.00392156862745098
2262	0.0
2263	0.0
2264	0.0
2265	0.0
2266	0.0
2267	0.0
2268	0.0
2269	0.0
2270	0.0
2271	0.0
2272	0.0
2273	0.0
2274	0.0
2275	0.0
2276	0.0
2277	0.0
2278	0.0
2279	0.0
2280	0.01568627450980392
2281	0.00784313725490196
2282	0.00392156862745098
2283	0.011764705882352941
2284	0.011764705882352941
2285	0.00784313725490196
2286	0.011764705882352941
2287	0.0
2288	0.0
2289	0.00784313725490196
2290	0.0
2291	0.0
2292	0.011764705882352941
2293	0.0
2294	0.0
2295	0.0
2296	0.0
2297	0.0
2298	0.0
2299	0.0
2300	0.0
2301	0.0
2302	0.0
2303	0.0
2304	0.011764705882352941
2305	0.00784313725490196
2306	0.00392156862745098
2307	0.00392156862745098
2308	0.00392156862745098
2309	0.0
2310	0.0
2311	0.0
2312	0.0
2313	0.0
2314	0.0
2315	0.0
2316	0.0
2317	0.0
2318	0.0
2319	0.0
2320	0.0
2321	0.0
2322	0.00392156862745098
2323	0.00392156862745098
2324	0.00392156862745098
2325	0.0
2326	0.0
2327	0.0
2328	0.0
2329	0.0
2330	0.0
2331	0.0
2332	0.0
2333	0.0
2334	0.0
2335	0.0
2336	0.0
2337	0.0
2338	0.0
2339	0.0
2340	0.0
2341	0.0
2342	0.0
2343	0.0
2344	0.0
2345	0.0
2346	0.0
2347	0.0
2348	0.0
2349	0.00392156862745098
2350	0.00392156862745098
2351	0.00392156862745098
2352	0.0
2353	0.0
2354	0.0
2355	0.0
2356	0.0
2357	0.0
2358	0.0
2359	0.0
2360	0.0
2361	0.0
2362	0.0
2363	0.0
2364	0.0
2365	0.0
2366	0.0
2367	0.0
2368	0.0
2369	0.0
2370	0.0
2371	0.0
2372	0.0
2373	0.0
2374	0.0
2375	0.0
2376	0.0
2377	0.0
2378	0.0
2379	0.0
2380	0.0
2381	0.0
2382	0.0
2383	0.0
2384	0.01568627450980392
2385	0.0
2386	0.0
2387	0.01568627450980392
2388	0.0
2389	0.0
2390	0.0
2391	0.0
2392	0.0
2393	0.0
2394	0.00392156862745098
2395	0.00784313725490196
2396	0.00392156862745098
2397	0.011764705882352941
2398	0.00392156862745098
2399	0.00392156862745098
2400	0.01568627450980392
2401	0.00392156862745098
2402	0.01568627450980392
2403	0.011764705882352941
2404	0.00784313725490196
2405	0.0196078431372549
2406	0.00784313725490196
2407	0.011764705882352941
2408	0.01568627450980392
2409	0.011764705882352941
2410	0.011764705882352941
2411	0.027450980392156862
2412	0.00784313725490196
2413	0.00392156862745098
2414	0.00392156862745098
2415	0.01568627450980392
2416	0.00784313725490196
2417	0.011764705882352941
2418	0.011764705882352941
2419	0.00392156862745098
2420	0.0
2421	0.00784313725490196
2422	0.00392156862745098
2423	0.0
2424	0.0196078431372549
2425	0.00392156862745098
2426	0.011764705882352941
2427	0.01568627450980392
2428	0.00392156862745098
2429	0.00784313725490196
2430	0.00784313725490196
2431	0.011764705882352941
2432	0.00784313725490196
2433	0.0
2434	0.0
2435	0.0
2436	0.0
2437	0.0
2438	0.0
2439	0.00392156862745098
2440	0.00392156862745098
2441	0.023529411764705882
2442	0.0
2443	0.0
2444	0.00392156862745098
2445	0.0
2446	0.0
2447	0.0
2448	0.0
2449	0.0
2450	0.0
2451	0.0
2452	0.0
2453	0.0
2454	0.0
2455	0.0
2456	0.0
2457	0.0
2458	0.0
2459	0.0
2460	0.0
2461	0.0
2462	0.0
2463	0.0
2464	0.0
2465	0.0
2466	0.0
2467	0.0
2468	0.0
2469	0.0
2470	0.0
2471	0.0
2472	0.0
2473	0.0
2474	0.0
2475	0.0
2476	0.0
2477	0.0
2478	0.0
2479	0.0
2480	0.0
2481	0.0
2482	0.0
2483	0.0
2484	0.0
2485	0.0
2486	0.0
2487	0.0
2488	0.0
2489	0.0
2490	0.0
2491	0.0
2492	0.0
2493	0.0
2494	0.0
2495	0.0
2496	0.0
2497	0.0
2498	0.0
2499	0.0
2500	0.0
2501	0.0
2502	0.0
2503	0.0
2504	0.0
2505	0.0
2506	0.0
2507	0.0
2508	0.0
2509	0.0
2510	0.0
2511	0.0
2512	0.0
2513	0.0
2514	0.0
2515	0.0
2516	0.0
2517	0.0
2518	0.0
2519	0.0
2520	0.0
2521	0.0
2522	0.0
2523	0.0
2524	0.0
2525	0.00392156862745098
2526	0.0
2527	0.0
2528	0.0
2529	0.0
2530	0.0
2531	0.0
2532	0.0
2533	0.0
2534	0.0
2535	0.0
2536	0.0
2537	0.0
2538	0.0
2539	0.0
2540	0.0
2541	0.0
2542	0.0
2543	0.0
2544	0.0
2545	0.0
2546	0.0
2547	0.0
2548	0.0
2549	0.0
2550	0.0
2551	0.0
2552	0.0
2553	0.0
2554	0.0
2555	0.0
2556	0.0
2557	0.0
2558	0.0
2559	0.00392156862745098
2560	0.00392156862745098
2561	0.00392156862745098
2562	0.00392156862745098
2563	0.00392156862745098
2564	0.00392156862745098
2565	0.0196078431372549
2566	0.0
2567	0.0
2568	0.027450980392156862
2569	0.00784313725490196
2570	0.00392156862745098
2571	0.011764705882352941
2572	0.00784313725490196
2573	0.00392156862745098
2574	0.0196078431372549
2575	0.00784313725490196
2576	0.00392156862745098
2577	0.0196078431372549
2578	0.00392156862745098
2579	0.0
2580	0.00392156862745098
2581	0.0
2582	0.0
2583	0.00392156862745098
2584	0.0
2585	0.0
2586	0.0
2587	0.0
2588	0.0
2589	0.0
2590	0.0
2591	0.0
2592	0.0
2593	0.0
2594	0.0
2595	0.0
2596	0.0
2597	0.0
2598	0.0
2599	0.0
2600	0.0
2601	0.0
2602	0.0
2603	0.0
2604	0.0
2605	0.00392156862745098
2606	0.00392156862745098
2607	0.0
2608	0.0
2609	0.0
2610	0.0
2611	0.0
2612	0.0
2613	0.00392156862745098
2614	0.0
2615	0.0
2616	0.011764705882352941
2617	0.0
2618	0.0
2619	0.0196078431372549
2620	0.00784313725490196
2621	0.00784313725490196
2622	0.01568627450980392
2623	0.00784313725490196
2624	0.00784313725490196
2625	0.00392156862745098
2626	0.0
2627	0.0
2628	0.00392156862745098
2629	0.00392156862745098
2630	0.00392156862745098
2631	0.011764705882352941
2632	0.00784313725490196
2633	0.00784313725490196
2634	0.00784313725490196
2635	0.00784313725490196
2636	0.00392156862745098
2637	0.0196078431372549
2638	0.011764705882352941
2639	0.011764705882352941
2640	0.01568627450980392
2641	0.00784313725490196
2642	0.00392156862745098
2643	0.011764705882352941
2644	0.00392156862745098
2645	0.0
2646	0.0
2647	0.0
2648	0.0
2649	0.0
2650	0.0
2651	0.0
2652	0.0
2653	0.0
2654	0.0
2655	0.0
2656	0.0
2657	0.0
2658	0.0
2659	0.0
2660	0.0
2661	0.00784313725490196
2662	0.0
2663	0.0
2664	0.0196078431372549
2665	0.00392156862745098
2666	0.00784313725490196
2667	0.01568627450980392
2668	0.011764705882352941
2669	0.011764705882352941
2670	0.0196078431372549
2671	0.00392156862745098
2672	0.0
2673	0.01568627450980392
2674	0.0
2675	0.0
2676	0.011764705882352941
2677	0.0
2678	0.0
2679	0.0
2680	0.0
2681	0.0
2682	0.0
2683	0.0
2684	0.0
2685	0.0
2686	0.00392156862745098
2687	0.00392156862745098
2688	0.0
2689	0.0
2690	0.0
2691	0.0
2692	0.0
2693	0.0
2694	0.0
2695	0.0
2696	0.0
2697	0.0
2698	0.0
2699	0.0
2700	0.0
2701	0.0
2702	0.0
2703	0.0
2704	0.0
2705	0.0
2706	0.0
2707	0.0
2708	0.0
2709	0.0
2710	0.0
2711	0.0
2712	0.0
2713	0.0
2714	0.0
2715	0.0
2716	0.0
2717	0.0
2718	0.0
2719	0.0
2720	0.0
2721	0.0
2722	0.0
2723	0.0
2724	0.0
2725	0.0
2726	0.0
2727	0.0
2728	0.0
2729	0.0
2730	0.0
2731	0.0
2732	0.0
2733	0.00392156862745098
2734	0.00392156862745098
2735	0.00392156862745098
2736	0.0
2737	0.0
2738	0.0
2739	0.0
2740	0.0
2741	0.0
2742	0.0
2743	0.0
2744	0.0
2745	0.0
2746	0.0
2747	0.0
2748	0.0
2749	0.0
2750	0.0
2751	0.0
2752	0.0
2753	0.0
2754	0.0
2755	0.0
2756	0.0
2757	0.0
2758	0.0
2759	0.0
2760	0.0
2761	0.0
2762	0.0
2763	0.0
2764	0.0
2765	0.0
2766	0.0
2767	0.0
2768	0.01568627450980392
2769	0.0
2770	0.0
2771	0.01568627450980392
2772	0.0
2773	0.0
2774	0.0
2775	0.00392156862745098
2776	0.0
2777	0.0
2778	0.00784313725490196
2779	0.00784313725490196
2780	0.00784313725490196
2781	0.00784313725490196
2782	0.00784313725490196
2783	0.00392156862745098
2784	0.0196078431372549
2785	0.011764705882352941
2786	0.00784313725490196
2787	0.00784313725490196
2788	0.00784313725490196
2789	0.00784313725490196
2790	0.01568627450980392
2791	0.011764705882352941
2792	0.00392156862745098
2793	0.0
2794	0.00392156862745098
2795	0.00784313725490196
2796	0.00392156862745098
2797	0.00392156862745098
2798	0.00392156862745098
2799	0.00392156862745098
2800	0.00392156862745098
2801	0.00784313725490196
2802	0.01568627450980392
2803	0.00392156862745098
2804	0.011764705882352941
2805	0.00784313725490196
2806	0.00392156862745098
2807	0.00392156862745098
2808	0.011764705882352941
2809	0.00784313725490196
2810	0.01568627450980392
2811	0.011764705882352941
2812	0.00392156862745098
2813	0.00392156862745098
2814	0.00784313725490196
2815	0.00392156862745098
2816	0.011764705882352941
2817	0.01568627450980392
2818	0.00392156862745098
2819	0.00784313725490196
2820	0.011764705882352941
2821	0.00784313725490196
2822	0.011764705882352941
2823	0.00784313725490196
2824	0.00784313725490196
2825	0.011764705882352941
2826	0.00392156862745098
2827	0.00784313725490196
2828	0.0196078431372549
2829	0.0
2830	0.0
2831	0.0
2832	0.0
2833	0.0
2834	0.0
2835	0.0
2836	0.0
2837	0.0
2838	0.0
2839	0.0
2840	0.0
2841	0.0
2842	0.0
2843	0.0
2844	0.0
2845	0.0
2846	0.0
2847	0.0
2848	0.0
2849	0.00392156862745098
2850	0.0
2851	0.0
2852	0.0
2853	0.0
2854	0.011764705882352941
2855	0.011764705882352941
2856	0.0
2857	0.00392156862745098
2858	0.011764705882352941
2859	0.00392156862745098
2860	0.00392156862745098
2861	0.00784313725490196
2862	0.00784313725490196
2863	0.00784313725490196
2864	0.00784313725490196
2865	0.00392156862745098
2866	0.00392156862745098
2867	0.00392156862745098
2868	0.0
2869	0.0
2870	0.0
2871	0.0
2872	0.0
2873	0.0
2874	0.0
2875	0.0
2876	0.0
2877	0.0
2878	0.0
2879	0.0
2880	0.0
2881	0.0
2882	0.0
2883	0.0
2884	0.0
2885	0.0
2886	0.0
2887	0.0
2888	0.0
2889	0.00392156862745098
2890	0.00392156862745098
2891	0.00392156862745098
2892	0.00392156862745098
2893	0.00392156862745098
2894	0.00392156862745098
2895	0.0
2896	0.0
2897	0.0
2898	0.0
2899	0.0
2900	0.0
2901	0.0
2902	0.0
2903	0.0
2904	0.00392156862745098
2905	0.00392156862745098
2906	0.011764705882352941
2907	0.0
2908	0.00392156862745098
2909	0.023529411764705882
2910	0.0
2911	0.00392156862745098
2912	0.00784313725490196
2913	0.0
2914	0.0
2915	0.0
2916	0.0
2917	0.00392156862745098
2918	0.011764705882352941
2919	0.0
2920	0.0
2921	0.00392156862745098
2922	0.0
2923	0.00392156862745098
2924	0.00784313725490196
2925	0.0
2926	0.0
2927	0.0
2928	0.0
2929	0.0
2930	0.0
2931	0.0
2932	0.0
2933	0.0
2934	0.0
2935	0.0
2936	0.0
2937	0.0
2938	0.0
2939	0.0
2940	0.00784313725490196
2941	0.00784313725490196
2942	0.00784313725490196
2943	0.0
2944	0.0
2945	0.0
2946	0.00392156862745098
2947	0.00392156862745098
2948	0.00392156862745098
2949	0.011764705882352941
2950	0.0
2951	0.0
2952	0.011764705882352941
2953	0.00784313725490196
2954	0.011764705882352941
2955	0.01568627450980392
2956	0.011764705882352941
2957	0.00784313725490196
2958	0.01568627450980392
2959	0.00784313725490196
2960	0.00392156862745098
2961	0.023529411764705882
2962	0.00784313725490196
2963	0.00392156862745098
2964	0.023529411764705882
2965	0.00392156862745098
2966	0.00392156862745098
2967	0.011764705882352941
2968	0.0
2969	0.0
2970	0.00392156862745098
2971	0.00392156862745098
2972	0.0
2973	0.00392156862745098
2974	0.00784313725490196
2975	0.0
2976	0.00784313725490196
2977	0.00392156862745098
2978	0.0
2979	0.00784313725490196
2980	0.00392156862745098
2981	0.0
2982	0.00784313725490196
2983	0.00392156862745098
2984	0.00392156862745098
2985	0.011764705882352941
2986	0.00784313725490196
2987	0.00784313725490196
2988	0.011764705882352941
2989	0.00784313725490196
2990	0.00392156862745098
2991	0.01568627450980392
2992	0.011764705882352941
2993	0.0
2994	0.00392156862745098
2995	0.00392156862745098
2996	0.00392156862745098
2997	0.0196078431372549
2998	0.00784313725490196
2999	0.0
3000	0.0196078431372549
3001	0.00392156862745098
3002	0.0
3003	0.01568627450980392
3004	0.011764705882352941
3005	0.00392156862745098
3006	0.011764705882352941
3007	0.00392156862745098
3008	0.00392156862745098
3009	0.01568627450980392
3010	0.00392156862745098
3011	0.0
3012	0.01568627450980392
3013	0.011764705882352941
3014	0.0
3015	0.00784313725490196
3016	0.00392156862745098
3017	0.00392156862745098
3018	0.00784313725490196
3019	0.011764705882352941
3020	0.00392156862745098
3021	0.00784313725490196
3022	0.00784313725490196
3023	0.00784313725490196
3024	0.011764705882352941
3025	0.00784313725490196
3026	0.00392156862745098
3027	0.01568627450980392
3028	0.011764705882352941
3029	0.0
3030	0.00784313725490196
3031	0.0
3032	0.0
3033	0.00392156862745098
3034	0.0
3035	0.0
3036	0.00392156862745098
3037	0.00392156862745098
3038	0.0
3039	0.00784313725490196
3040	0.011764705882352941
3041	0.0
3042	0.00784313725490196
3043	0.00784313725490196
3044	0.0
3045	0.011764705882352941
3046	0.0
3047	0.0
3048	0.01568627450980392
3049	0.00392156862745098
3050	0.00784313725490196
3051	0.0196078431372549
3052	0.00392156862745098
3053	0.00392156862745098
3054	0.027450980392156862
3055	0.00784313725490196
3056	0.0
3057	0.0196078431372549
3058	0.00392156862745098
3059	0.0
3060	0.01568627450980392
3061	0.0
3062	0.0
3063	0.00392156862745098
3064	0.0
3065	0.0
3066	0.0
3067	0.0
3068	0.0
3069	0.00392156862745098
3070	0.00392156862745098
3071	0.00392156862745098
3072	0.0
3073	0.0
3074	0.0
3075	0.0
3076	0.0
3077	0.0
3078	0.0
3079	0.0
3080	0.0
3081	0.0
3082	0.0
3083	0.0
3084	0.0
3085	0.0
3086	0.0
3087	0.0
3088	0.0
3089	0.0
3090	0.0
3091	0.0
3092	0.0
3093	0.00392156862745098
3094	0.00392156862745098
3095	0.00392156862745098
3096	0.00784313725490196
3097	0.00392156862745098
3098	0.00784313725490196
3099	0.0
3100	0.0
3101	0.0
3102	0.0
3103	0.0
3104	0.0
3105	0.0
3106	0.0
3107	0.0
3108	0.0
3109	0.0
3110	0.0
3111	0.0
3112	0.0
3113	0.0
3114	0.0
3115	0.0
3116	0.0
3117	0.0
3118	0.0
3119	0.0
3120	0.0
3121	0.0
3122	0.0
3123	0.0
3124	0.0
3125	0.0
3126	0.0
3127	0.0
3128	0.0
3129	0.0
3130	0.0
3131	0.0
3132	0.0
3133	0.0
3134	0.0
3135	0.0
3136	0.0
3137	0.0
3138	0.0
3139	0.0
3140	0.0
3141	0.0
3142	0.0
3143	0.0
3144	0.0
3145	0.0
3146	0.0
3147	0.0
3148	0.0
3149	0.0
3150	0.0
3151	0.0
3152	0.01568627450980392
3153	0.0
3154	0.0
3155	0.01568627450980392
3156	0.0
3157	0.0
3158	0.0
3159	0.00392156862745098
3160	0.00392156862745098
3161	0.00392156862745098
3162	0.00392156862745098
3163	0.00392156862745098
3164	0.00392156862745098
3165	0.011764705882352941
3166	0.00784313725490196
3167	0.00784313725490196
3168	0.011764705882352941
3169	0.00784313725490196
3170	0.00392156862745098
3171	0.011764705882352941
3172	0.00784313725490196
3173	0.0
3174	0.023529411764705882
3175	0.00392156862745098
3176	0.0
3177	0.00392156862745098
3178	0.00392156862745098
3179	0.0
3180	0.00784313725490196
3181	0.00784313725490196
3182	0.00784313725490196
3183	0.00392156862745098
3184	0.00392156862745098
3185	0.00392156862745098
3186	0.00784313725490196
3187	0.00392156862745098
3188	0.011764705882352941
3189	0.0
3190	0.00392156862745098
3191	0.00392156862745098
3192	0.00392156862745098
3193	0.00392156862745098
3194	0.00784313725490196
3195	0.00392156862745098
3196	0.00392156862745098
3197	0.00392156862745098
3198	0.0
3199	0.00392156862745098
3200	0.0
3201	0.00784313725490196
3202	0.011764705882352941
3203	0.0196078431372549
3204	0.00784313725490196
3205	0.011764705882352941
3206	0.01568627450980392
3207	0.00392156862745098
3208	0.00392156862745098
3209	0.00392156862745098
3210	0.0
3211	0.00392156862745098
3212	0.011764705882352941
3213	0.0
3214	0.0
3215	0.0
3216	0.0
3217	0.0
3218	0.0
3219	0.0
3220	0.0
3221	0.0
3222	0.0
3223	0.0
3224	0.0
3225	0.0
3226	0.0
3227	0.0
3228	0.0
3229	0.00392156862745098
3230	0.00392156862745098
3231	0.0
3232	0.00392156862745098
3233	0.011764705882352941
3234	0.0
3235	0.0
3236	0.0
3237	0.0
3238	0.00784313725490196
3239	0.0196078431372549
3240	0.0
3241	0.011764705882352941
3242	0.01568627450980392
3243	0.00392156862745098
3244	0.00784313725490196
3245	0.00784313725490196
3246	0.00392156862745098
3247	0.00392156862745098
3248	0.00392156862745098
3249	0.00392156862745098
3250	0.00392156862745098
3251	0.00392156862745098
3252	0.0
3253	0.0
3254	0.0
3255	0.0
3256	0.0
3257	0.0
3258	0.0
3259	0.0
3260	0.0
3261	0.0
3262	0.0
3263	0.0
3264	0.0
3265	0.0
3266	0.0
3267	0.0
3268	0.0
3269	0.0
3270	0.00392156862745098
3271	0.00392156862745098
3272	0.00392156862745098
3273	0.00784313725490196
3274	0.00784313725490196
3275	0.00784313725490196
3276	0.00784313725490196
3277	0.00784313725490196
3278	0.00784313725490196
3279	0.00392156862745098
3280	0.00392156862745098
3281	0.00392156862745098
3282	0.0
3283	0.0
3284	0.0
3285	0.0
3286	0.0
3287	0.0
3288	0.0
3289	0.0
3290	0.0
3291	0.0
3292	0.00392156862745098
3293	0.0
3294	0.0
3295	0.0
3296	0.0
3297	0.0
3298	0.0
3299	0.0
3300	0.0
3301	0.0
3302	0.01568627450980392
3303	0.0
3304	0.0
3305	0.00784313725490196
3306	0.00392156862745098
3307	0.00784313725490196
3308	0.01568627450980392
3309	0.0
3310	0.0
3311	0.0
3312	0.0
3313	0.0
3314	0.0
3315	0.0
3316	0.0
3317	0.0
3318	0.0
3319	0.0
3320	0.0
3321	0.0
3322	0.0
3323	0.0
3324	0.00784313725490196
3325	0.00784313725490196
3326	0.00392156862745098
3327	0.0
3328	0.0
3329	0.0
3330	0.00784313725490196
3331	0.00784313725490196
3332	0.00784313725490196
3333	0.0
3334	0.0
3335	0.0
3336	0.00392156862745098
3337	0.00392156862745098
3338	0.00392156862745098
3339	0.00784313725490196
3340	0.00784313725490196
3341	0.00392156862745098
3342	0.01568627450980392
3343	0.00784313725490196
3344	0.011764705882352941
3345	0.0196078431372549
3346	0.0
3347	0.00784313725490196
3348	0.01568627450980392
3349	0.00392156862745098
3350	0.00392156862745098
3351	0.01568627450980392
3352	0.00784313725490196
3353	0.0
3354	0.027450980392156862
3355	0.00784313725490196
3356	0.0
3357	0.027450980392156862
3358	0.00784313725490196
3359	0.0
3360	0.01568627450980392
3361	0.011764705882352941
3362	0.0
3363	0.00784313725490196
3364	0.00784313725490196
3365	0.00392156862745098
3366	0.00392156862745098
3367	0.00784313725490196
3368	0.011764705882352941
3369	0.00784313725490196
3370	0.00392156862745098
3371	0.00784313725490196
3372	0.011764705882352941
3373	0.00392156862745098
3374	0.0
3375	0.0196078431372549
3376	0.00392156862745098
3377	0.00392156862745098
3378	0.011764705882352941
3379	0.00784313725490196
3380	0.00784313725490196
3381	0.00784313725490196
3382	0.00392156862745098
3383	0.0
3384	0.0196078431372549
3385	0.00392156862745098
3386	0.00392156862745098
3387	0.0196078431372549
3388	0.00392156862745098
3389	0.01568627450980392
3390	0.011764705882352941
3391	0.00392156862745098
3392	0.00392156862745098
3393	0.00784313725490196
3394	0.00392156862745098
3395	0.0
3396	0.00392156862745098
3397	0.00784313725490196
3398	0.0
3399	0.00784313725490196
3400	0.00392156862745098
3401	0.00392156862745098
3402	0.0196078431372549
3403	0.00392156862745098
3404	0.00392156862745098
3405	0.0196078431372549
3406	0.00392156862745098
3407	0.00784313725490196
3408	0.0196078431372549
3409	0.00392156862745098
3410	0.00392156862745098
3411	0.011764705882352941
3412	0.00392156862745098
3413	0.0
3414	0.01568627450980392
3415	0.00392156862745098
3416	0.0
3417	0.01568627450980392
3418	0.00392156862745098
3419	0.0
3420	0.00784313725490196
3421	0.00392156862745098
3422	0.0
3423	0.011764705882352941
3424	0.00392156862745098
3425	0.0
3426	0.011764705882352941
3427	0.00392156862745098
3428	0.0
3429	0.00784313725490196
3430	0.0
3431	0.011764705882352941
3432	0.01568627450980392
3433	0.00392156862745098
3434	0.011764705882352941
3435	0.011764705882352941
3436	0.00392156862745098
3437	0.00392156862745098
3438	0.023529411764705882
3439	0.011764705882352941
3440	0.0
3441	0.01568627450980392
3442	0.00392156862745098
3443	0.0
3444	0.00784313725490196
3445	0.00392156862745098
3446	0.0
3447	0.01568627450980392
3448	0.011764705882352941
3449	0.0
3450	0.011764705882352941
3451	0.011764705882352941
3452	0.0
3453	0.00784313725490196
3454	0.00392156862745098
3455	0.00392156862745098
3456	0.0
3457	0.0
3458	0.0
3459	0.00392156862745098
3460	0.00392156862745098
3461	0.00392156862745098
3462	0.0
3463	0.0
3464	0.0
3465	0.0
3466	0.0
3467	0.0
3468	0.0
3469	0.0
3470	0.0
3471	0.0
3472	0.0
3473	0.0
3474	0.0
3475	0.0
3476	0.0
3477	0.0
3478	0.0
3479	0.0
3480	0.0
3481	0.0
3482	0.0
3483	0.0
3484	0.0
3485	0.0
3486	0.0
3487	0.0
3488	0.0
3489	0.0
3490	0.0
3491	0.0
3492	0.0
3493	0.0
3494	0.0
3495	0.0
3496	0.0
3497	0.0
3498	0.0
3499	0.0
3500	0.0
3501	0.0
3502	0.0
3503	0.0
3504	0.0
3505	0.0
3506	0.0
3507	0.0
3508	0.0
3509	0.0
3510	0.0
3511	0.0
3512	0.0
3513	0.0
3514	0.0
3515	0.0
3516	0.0
3517	0.0
3518	0.0
3519	0.0
3520	0.0
3521	0.0
3522	0.0
3523	0.0
3524	0.0
3525	0.0
3526	0.0
3527	0.0
3528	0.0
3529	0.0
3530	0.0
3531	0.0
3532	0.0
3533	0.0
3534	0.00392156862745098
3535	0.00392156862745098
3536	0.0196078431372549
3537	0.0
3538	0.0
3539	0.01568627450980392
3540	0.0
3541	0.0
3542	0.0
3543	0.0
3544	0.0
3545	0.0
3546	0.0
3547	0.0
3548	0.0
3549	0.00392156862745098
3550	0.00392156862745098
3551	0.00784313725490196
3552	0.00784313725490196
3553	0.00392156862745098
3554	0.00392156862745098
3555	0.011764705882352941
3556	0.00784313725490196
3557	0.0
3558	0.0
3559	0.00392156862745098
3560	0.0
3561	0.00784313725490196
3562	0.00392156862745098
3563	0.0
3564	0.00784313725490196
3565	0.00784313725490196
3566	0.00392156862745098
3567	0.00392156862745098
3568	0.00392156862745098
3569	0.00392156862745098
3570	0.00392156862745098
3571	0.00392156862745098
3572	0.011764705882352941
3573	0.0
3574	0.0
3575	0.01568627450980392
3576	0.00392156862745098
3577	0.00392156862745098
3578	0.00784313725490196
3579	0.0
3580	0.0
3581	0.0
3582	0.0
3583	0.0
3584	0.00392156862745098
3585	0.011764705882352941
3586	0.011764705882352941
3587	0.0196078431372549
3588	0.00392156862745098
3589	0.00392156862745098
3590	0.03137254901960784
3591	0.0
3592	0.0
3593	0.00392156862745098
3594	0.0
3595	0.0
3596	0.0
3597	0.0
3598	0.0
3599	0.0
3600	0.0
3601	0.0
3602	0.0
3603	0.0
3604	0.0
3605	0.0
3606	0.0
3607	0.0
3608	0.0
3609	0.0
3610	0.0
3611	0.0
3612	0.0
3613	0.0
3614	0.0
3615	0.0
3616	0.00784313725490196
3617	0.023529411764705882
3618	0.00392156862745098
3619	0.0
3620	0.00784313725490196
3621	0.00392156862745098
3622	0.0
3623	0.0196078431372549
3624	0.0
3625	0.00784313725490196
3626	0.00784313725490196
3627	0.0
3628	0.0
3629	0.0
3630	0.0
3631	0.0
3632	0.0
3633	0.0
3634	0.0
3635	0.0
3636	0.0
3637	0.0
3638	0.0
3639	0.0
3640	0.0
3641	0.0
3642	0.0
3643	0.0
3644	0.0
3645	0.0
3646	0.0
3647	0.0
3648	0.00784313725490196
3649	0.00784313725490196
3650	0.00784313725490196
3651	0.0
3652	0.0
3653	0.0
3654	0.0
3655	0.0
3656	0.0
3657	0.0
3658	0.0
3659	0.0
3660	0.0
3661	0.0
3662	0.0
3663	0.0
3664	0.0
3665	0.0
3666	0.0
3667	0.0
3668	0.0
3669	0.0
3670	0.0
3671	0.0
3672	0.0
3673	0.0
3674	0.0
3675	0.0
3676	0.0
3677	0.0
3678	0.0
3679	0.0
3680	0.0
3681	0.0
3682	0.0
3683	0.0
3684	0.0
3685	0.00392156862745098
3686	0.01568627450980392
3687	0.00392156862745098
3688	0.00392156862745098
3689	0.011764705882352941
3690	0.00784313725490196
3691	0.00784313725490196
3692	0.01568627450980392
3693	0.0
3694	0.0
3695	0.0
3696	0.0
3697	0.0
3698	0.0
3699	0.0
3700	0.0
3701	0.0
3702	0.0
3703	0.0
3704	0.0
3705	0.0
3706	0.0
3707	0.0
3708	0.00392156862745098
3709	0.00392156862745098
3710	0.0
3711	0.0
3712	0.0
3713	0.0
3714	0.00392156862745098
3715	0.00392156862745098
3716	0.00392156862745098
3717	0.0
3718	0.0
3719	0.0
3720	0.0
3721	0.0
3722	0.0
3723	0.00392156862745098
3724	0.0
3725	0.0
3726	0.011764705882352941
3727	0.00392156862745098
3728	0.0
3729	0.01568627450980392
3730	0.0
3731	0.00392156862745098
3732	0.01568627450980392
3733	0.00784313725490196
3734	0.011764705882352941
3735	0.023529411764705882
3736	0.00784313725490196
3737	0.00784313725490196
3738	0.03137254901960784
3739	0.00784313725490196
3740	0.00392156862745098
3741	0.023529411764705882
3742	0.00784313725490196
3743	0.011764705882352941
3744	0.011764705882352941
3745	0.011764705882352941
3746	0.00784313725490196
3747	0.011764705882352941
3748	0.00392156862745098
3749	0.00392156862745098
3750	0.00392156862745098
3751	0.00392156862745098
3752	0.0
3753	0.011764705882352941
3754	0.00392156862745098
3755	0.00392156862745098
3756	0.00784313725490196
3757	0.00392156862745098
3758	0.00784313725490196
3759	0.011764705882352941
3760	0.011764705882352941
3761	0.00784313725490196
3762	0.011764705882352941
3763	0.011764705882352941
3764	0.011764705882352941
3765	0.00784313725490196
3766	0.00784313725490196
3767	0.011764705882352941
3768	0.01568627450980392
3769	0.00784313725490196
3770	0.00784313725490196
3771	0.011764705882352941
3772	0.00392156862745098
3773	0.00392156862745098
3774	0.0196078431372549
3775	0.00784313725490196
3776	0.0
3777	0.011764705882352941
3778	0.00392156862745098
3779	0.0
3780	0.011764705882352941
3781	0.00784313725490196
3782	0.0
3783	0.00392156862745098
3784	0.00392156862745098
3785	0.00392156862745098
3786	0.023529411764705882
3787	0.00392156862745098
3788	0.00392156862745098
3789	0.023529411764705882
3790	0.0
3791	0.0
3792	0.01568627450980392
3793	0.00784313725490196
3794	0.0
3795	0.011764705882352941
3796	0.0196078431372549
3797	0.00392156862745098
3798	0.011764705882352941
3799	0.00784313725490196
3800	0.00784313725490196
3801	0.00784313725490196
3802	0.00392156862745098
3803	0.00392156862745098
3804	0.0196078431372549
3805	0.00784313725490196
3806	0.0
3807	0.0196078431372549
3808	0.011764705882352941
3809	0.0
3810	0.0196078431372549
3811	0.011764705882352941
3812	0.0
3813	0.011764705882352941
3814	0.00784313725490196
3815	0.01568627450980392
3816	0.0196078431372549
3817	0.00784313725490196
3818	0.027450980392156862
3819	0.011764705882352941
3820	0.00784313725490196
3821	0.0
3822	0.011764705882352941
3823	0.00784313725490196
3824	0.00392156862745098
3825	0.0196078431372549
3826	0.00392156862745098
3827	0.0
3828	0.00784313725490196
3829	0.00784313725490196
3830	0.00784313725490196
3831	0.011764705882352941
3832	0.00392156862745098
3833	0.00392156862745098
3834	0.01568627450980392
3835	0.0
3836	0.00392156862745098
3837	0.00784313725490196
3838	0.00784313725490196
3839	0.011764705882352941
3840	0.0
3841	0.0
3842	0.0
3843	0.0
3844	0.0
3845	0.0
3846	0.0
3847	0.0
3848	0.0
3849	0.0
3850	0.0
3851	0.0
3852	0.0
3853	0.0
3854	0.0
3855	0.0
3856	0.0
3857	0.0
3858	0.0
3859	0.0
3860	0.0
3861	0.0
3862	0.0
3863	0.0
3864	0.0
3865	0.0
3866	0.0
3867	0.0
3868	0.0
3869	0.0
3870	0.0
3871	0.0
3872	0.0
3873	0.0
3874	0.0
3875	0.0
3876	0.0
3877	0.0
3878	0.0
3879	0.0
3880	0.0
3881	0.0
3882	0.0
3883	0.0
3884	0.0
3885	0.0
3886	0.0
3887	0.0
3888	0.0
3889	0.0
3890	0.0
3891	0.0
3892	0.0
3893	0.0
3894	0.0
3895	0.0
3896	0.0
3897	0.0
3898	0.0
3899	0.0
3900	0.0
3901	0.0
3902	0.0
3903	0.0
3904	0.0
3905	0.0
3906	0.0
3907	0.0
3908	0.0
3909	0.0
3910	0.0
3911	0.0
3912	0.0
3913	0.0
3914	0.0
3915	0.0
3916	0.0
3917	0.00392156862745098
3918	0.0
3919	0.00392156862745098
3920	0.023529411764705882
3921	0.0
3922	0.0
3923	0.011764705882352941
3924	0.0
3925	0.0
3926	0.0
3927	0.0
3928	0.0
3929	0.0
3930	0.00392156862745098
3931	0.00392156862745098
3932	0.00784313725490196
3933	0.00392156862745098
3934	0.00392156862745098
3935	0.00392156862745098
3936	0.00784313725490196
3937	0.00784313725490196
3938	0.0
3939	0.00784313725490196
3940	0.0
3941	0.00392156862745098
3942	0.011764705882352941
3943	0.0
3944	0.00392156862745098
3945	0.00784313725490196
3946	0.00392156862745098
3947	0.00784313725490196
3948	0.00392156862745098
3949	0.00392156862745098
3950	0.00784313725490196
3951	0.00784313725490196
3952	0.00392156862745098
3953	0.011764705882352941
3954	0.011764705882352941
3955	0.00784313725490196
3956	0.00784313725490196
3957	0.011764705882352941
3958	0.00392156862745098
3959	0.011764705882352941
3960	0.00784313725490196
3961	0.00392156862745098
3962	0.011764705882352941
3963	0.0
3964	0.0
3965	0.0
3966	0.0
3967	0.00392156862745098
3968	0.00784313725490196
3969	0.00784313725490196
3970	0.00392156862745098
3971	0.01568627450980392
3972	0.0
3973	0.00392156862745098
3974	0.023529411764705882
3975	0.0
3976	0.00392156862745098
3977	0.011764705882352941
3978	0.0
3979	0.0
3980	0.0
3981	0.0
3982	0.0
3983	0.0
3984	0.0
3985	0.0
3986	0.0
3987	0.0
3988	0.0
3989	0.0
3990	0.0
3991	0.0
3992	0.0
3993	0.0
3994	0.0
3995	0.0
3996	0.00392156862745098
3997	0.00392156862745098
3998	0.00392156862745098
3999	0.00392156862745098
4000	0.0
4001	0.00392156862745098
4002	0.0
4003	0.0
4004	0.00784313725490196
4005	0.00784313725490196
4006	0.00784313725490196
4007	0.0196078431372549
4008	0.00392156862745098
4009	0.01568627450980392
4010	0.01568627450980392
4011	0.0
4012	0.0
4013	0.00392156862745098
4014	0.0
4015	0.0
4016	0.0
4017	0.0
4018	0.0
4019	0.0
4020	0.0
4021	0.0
4022	0.0
4023	0.0
4024	0.0
4025	0.0
4026	0.0
4027	0.0
4028	0.0
4029	0.0
4030	0.0
4031	0.0
4032	0.0
4033	0.0
4034	0.0
4035	0.0
4036	0.0
4037	0.0
4038	0.0
4039	0.0
4040	0.0
4041	0.0
4042	0.0
4043	0.0
4044	0.0
4045	0.0
4046	0.0
4047	0.0
4048	0.0
4049	0.0
4050	0.0
4051	0.0
4052	0.0
4053	0.0
4054	0.0
4055	0.0
4056	0.0
4057	0.0
4058	0.0
4059	0.0
4060	0.0
4061	0.0
4062	0.0
4063	0.0
4064	0.00784313725490196
4065	0.0
4066	0.0
4067	0.0
4068	0.00392156862745098
4069	0.00392156862745098
4070	0.00784313725490196
4071	0.011764705882352941
4072	0.00784313725490196
4073	0.01568627450980392
4074	0.00784313725490196
4075	0.00784313725490196
4076	0.00784313725490196
4077	0.00392156862745098
4078	0.00392156862745098
4079	0.00392156862745098
4080	0.0
4081	0.0
4082	0.0
4083	0.0
4084	0.0
4085	0.0
4086	0.0
4087	0.0
4088	0.0
4089	0.0
4090	0.0
4091	0.0
4092	0.00392156862745098
4093	0.00392156862745098
4094	0.00392156862745098
4095	0.0
4096	0.0
4097	0.0
4098	0.0
4099	0.0
4100	0.0
4101	0.0
4102	0.0
4103	0.0
4104	0.00392156862745098
4105	0.00392156862745098
4106	0.00392156862745098
4107	0.00784313725490196
4108	0.0
4109	0.0
4110	0.01568627450980392
4111	0.00784313725490196
4112	0.00392156862745098
4113	0.0196078431372549
4114	0.011764705882352941
4115	0.00392156862745098
4116	0.01568627450980392
4117	0.00784313725490196
4118	0.00784313725490196
4119	0.011764705882352941
4120	0.011764705882352941
4121	0.011764705882352941
4122	0.011764705882352941
4123	0.00392156862745098
4124	0.00784313725490196
4125	0.0196078431372549
4126	0.00784313725490196
4127	0.00392156862745098
4128	0.01568627450980392
4129	0.011764705882352941
4130	0.00392156862745098
4131	0.01568627450980392
4132	0.00784313725490196
4133	0.00392156862745098
4134	0.00784313725490196
4135	0.00392156862745098
4136	0.00392156862745098
4137	0.01568627450980392
4138	0.00784313725490196
4139	0.01568627450980392
4140	0.023529411764705882
4141	0.00784313725490196
4142	0.00784313725490196
4143	0.011764705882352941
4144	0.011764705882352941
4145	0.0
4146	0.011764705882352941
4147	0.011764705882352941
4148	0.011764705882352941
4149	0.00392156862745098
4150	0.00392156862745098
4151	0.00784313725490196
4152	0.01568627450980392
4153	0.00392156862745098
4154	0.01568627450980392
4155	0.01568627450980392
4156	0.011764705882352941
4157	0.0
4158	0.011764705882352941
4159	0.00784313725490196
4160	0.0
4161	0.00784313725490196
4162	0.00392156862745098
4163	0.0
4164	0.00784313725490196
4165	0.00392156862745098
4166	0.0
4167	0.00784313725490196
4168	0.00392156862745098
4169	0.00392156862745098
4170	0.0196078431372549
4171	0.00392156862745098
4172	0.00784313725490196
4173	0.01568627450980392
4174	0.00392156862745098
4175	0.00784313725490196
4176	0.01568627450980392
4177	0.00392156862745098
4178	0.00784313725490196
4179	0.011764705882352941
4180	0.00784313725490196
4181	0.00392156862745098
4182	0.011764705882352941
4183	0.011764705882352941
4184	0.011764705882352941
4185	0.011764705882352941
4186	0.00392156862745098
4187	0.00392156862745098
4188	0.00784313725490196
4189	0.00392156862745098
4190	0.0
4191	0.00784313725490196
4192	0.00392156862745098
4193	0.0
4194	0.0196078431372549
4195	0.00392156862745098
4196	0.00784313725490196
4197	0.01568627450980392
4198	0.01568627450980392
4199	0.00392156862745098
4200	0.00784313725490196
4201	0.011764705882352941
4202	0.00392156862745098
4203	0.00784313725490196
4204	0.00392156862745098
4205	0.0
4206	0.00784313725490196
4207	0.00784313725490196
4208	0.00392156862745098
4209	0.0196078431372549
4210	0.00784313725490196
4211	0.00392156862745098
4212	0.011764705882352941
4213	0.011764705882352941
4214	0.00392156862745098
4215	0.011764705882352941
4216	0.00392156862745098
4217	0.0
4218	0.00392156862745098
4219	0.00392156862745098
4220	0.0
4221	0.01568627450980392
4222	0.00784313725490196
4223	0.00392156862745098
4224	0.0
4225	0.0
4226	0.0
4227	0.0
4228	0.0
4229	0.0
4230	0.0
4231	0.0
4232	0.0
4233	0.0
4234	0.0
4235	0.0
4236	0.0
4237	0.0
4238	0.0
4239	0.0
4240	0.0
4241	0.0
4242	0.0
4243	0.0
4244	0.0
4245	0.0
4246	0.0
4247	0.0
4248	0.0
4249	0.0
4250	0.0
4251	0.0
4252	0.0
4253	0.0
4254	0.0
4255	0.0
4256	0.0
4257	0.00392156862745098
4258	0.00392156862745098
4259	0.00392156862745098
4260	0.00392156862745098
4261	0.00392156862745098
4262	0.00392156862745098
4263	0.0
4264	0.0
4265	0.0
4266	0.0
4267	0.0
4268	0.0
4269	0.0
4270	0.0
4271	0.0
4272	0.0
4273	0.0
4274	0.0
4275	0.0
4276	0.0
4277	0.0
4278	0.0
4279	0.0
4280	0.0
4281	0.0
4282	0.0
4283	0.0
4284	0.0
4285	0.0
4286	0.0
4287	0.0
4288	0.0
4289	0.0
4290	0.0
4291	0.0
4292	0.0
4293	0.0
4294	0.0
4295	0.0
4296	0.0
4297	0.0
4298	0.0
4299	0.0
4300	0.0
4301	0.0
4302	0.0
4303	0.00392156862745098
4304	0.01568627450980392
4305	0.0
4306	0.0
4307	0.0
4308	0.0
4309	0.0
4310	0.0
4311	0.00392156862745098
4312	0.0
4313	0.011764705882352941
4314	0.01568627450980392
4315	0.00392156862745098
4316	0.023529411764705882
4317	0.00392156862745098
4318	0.0
4319	0.00784313725490196
4320	0.0
4321	0.00392156862745098
4322	0.00392156862745098
4323	0.0
4324	0.00392156862745098
4325	0.011764705882352941
4326	0.0
4327	0.0
4328	0.01568627450980392
4329	0.00784313725490196
4330	0.00784313725490196
4331	0.0196078431372549
4332	0.0
4333	0.00392156862745098
4334	0.023529411764705882
4335	0.011764705882352941
4336	0.00784313725490196
4337	0.0196078431372549
4338	0.00784313725490196
4339	0.011764705882352941
4340	0.0196078431372549
4341	0.0
4342	0.00784313725490196
4343	0.01568627450980392
4344	0.00392156862745098
4345	0.011764705882352941
4346	0.0196078431372549
4347	0.0
4348	0.00392156862745098
4349	0.011764705882352941
4350	0.0
4351	0.00392156862745098
4352	0.011764705882352941
4353	0.0
4354	0.0
4355	0.0
4356	0.0
4357	0.0
4358	0.0
4359	0.0
4360	0.0
4361	0.0
4362	0.0
4363	0.0
4364	0.0
4365	0.0
4366	0.0
4367	0.0
4368	0.0
4369	0.0
4370	0.0
4371	0.0
4372	0.0
4373	0.0
4374	0.0
4375	0.0
4376	0.0
4377	0.0
4378	0.0
4379	0.0
4380	0.0
4381	0.0
4382	0.0
4383	0.0196078431372549
4384	0.00784313725490196
4385	0.00784313725490196
4386	0.00392156862745098
4387	0.00392156862745098
4388	0.00392156862745098
4389	0.0
4390	0.00392156862745098
4391	0.00392156862745098
4392	0.0
4393	0.0
4394	0.00392156862745098
4395	0.00784313725490196
4396	0.00784313725490196
4397	0.00784313725490196
4398	0.00392156862745098
4399	0.00392156862745098
4400	0.00392156862745098
4401	0.00392156862745098
4402	0.00392156862745098
4403	0.00392156862745098
4404	0.00392156862745098
4405	0.00392156862745098
4406	0.00392156862745098
4407	0.0
4408	0.0
4409	0.0
4410	0.0
4411	0.0
4412	0.0
4413	0.0
4414	0.0
4415	0.0
4416	0.0
4417	0.0
4418	0.0
4419	0.0
4420	0.0
4421	0.0
4422	0.0
4423	0.0
4424	0.0
4425	0.0
4426	0.0
4427	0.0
4428	0.01568627450980392
4429	0.00784313725490196
4430	0.0
4431	0.01568627450980392
4432	0.00392156862745098
4433	0.0
4434	0.011764705882352941
4435	0.00784313725490196
4436	0.00392156862745098
4437	0.00392156862745098
4438	0.00392156862745098
4439	0.00392156862745098
4440	0.0
4441	0.0
4442	0.0
4443	0.0
4444	0.0
4445	0.0
4446	0.0
4447	0.00392156862745098
4448	0.01568627450980392
4449	0.0
4450	0.0
4451	0.011764705882352941
4452	0.00392156862745098
4453	0.00392156862745098
4454	0.01568627450980392
4455	0.023529411764705882
4456	0.00784313725490196
4457	0.00392156862745098
4458	0.011764705882352941
4459	0.011764705882352941
4460	0.00784313725490196
4461	0.00392156862745098
4462	0.00392156862745098
4463	0.00392156862745098
4464	0.00392156862745098
4465	0.00392156862745098
4466	0.00392156862745098
4467	0.00392156862745098
4468	0.00392156862745098
4469	0.00392156862745098
4470	0.0
4471	0.0
4472	0.0
4473	0.00392156862745098
4474	0.00392156862745098
4475	0.00392156862745098
4476	0.0
4477	0.0
4478	0.0
4479	0.0
4480	0.0
4481	0.0
4482	0.0
4483	0.0
4484	0.0
4485	0.0
4486	0.0
4487	0.0
4488	0.0
4489	0.0
4490	0.0
4491	0.0
4492	0.0
4493	0.0
4494	0.0
4495	0.0
4496	0.0
4497	0.0
4498	0.0
4499	0.0
4500	0.00392156862745098
4501	0.0
4502	0.0
4503	0.00392156862745098
4504	0.00392156862745098
4505	0.00392156862745098
4506	0.0
4507	0.00392156862745098
4508	0.00392156862745098
4509	0.0
4510	0.00392156862745098
4511	0.0
4512	0.00392156862745098
4513	0.0
4514	0.0
4515	0.0
4516	0.0
4517	0.0
4518	0.0
4519	0.0
4520	0.0
4521	0.00392156862745098
4522	0.0
4523	0.0
4524	0.0
4525	0.0
4526	0.0
4527	0.00392156862745098
4528	0.00392156862745098
4529	0.0
4530	0.00784313725490196
4531	0.00784313725490196
4532	0.00784313725490196
4533	0.0
4534	0.0
4535	0.0
4536	0.00392156862745098
4537	0.0
4538	0.0
4539	0.00392156862745098
4540	0.0
4541	0.0
4542	0.0
4543	0.0
4544	0.0
4545	0.0
4546	0.0
4547	0.0
4548	0.0
4549	0.0
4550	0.0
4551	0.0
4552	0.0
4553	0.0
4554	0.00392156862745098
4555	0.00392156862745098
4556	0.00392156862745098
4557	0.011764705882352941
4558	0.00392156862745098
4559	0.0196078431372549
4560	0.00784313725490196
4561	0.00392156862745098
4562	0.01568627450980392
4563	0.0
4564	0.0
4565	0.00392156862745098
4566	0.011764705882352941
4567	0.00392156862745098
4568	0.01568627450980392
4569	0.027450980392156862
4570	0.00784313725490196
4571	0.0
4572	0.01568627450980392
4573	0.00784313725490196
4574	0.0
4575	0.00392156862745098
4576	0.00784313725490196
4577	0.01568627450980392
4578	0.00392156862745098
4579	0.00784313725490196
4580	0.023529411764705882
4581	0.011764705882352941
4582	0.01568627450980392
4583	0.011764705882352941
4584	0.00784313725490196
4585	0.011764705882352941
4586	0.00784313725490196
4587	0.00392156862745098
4588	0.00392156862745098
4589	0.0
4590	0.0
4591	0.0
4592	0.0
4593	0.00392156862745098
4594	0.00392156862745098
4595	0.00392156862745098
4596	0.00784313725490196
4597	0.00392156862745098
4598	0.00392156862745098
4599	0.00392156862745098
4600	0.0
4601	0.0
4602	0.00784313725490196
4603	0.00392156862745098
4604	0.0
4605	0.00784313725490196
4606	0.00392156862745098
4607	0.00392156862745098
4608	0.0
4609	0.0
4610	0.0
4611	0.0
4612	0.0
4613	0.0
4614	0.0
4615	0.0
4616	0.0
4617	0.0
4618	0.0
4619	0.0
4620	0.0
4621	0.0
4622	0.0
4623	0.0
4624	0.0
4625	0.0
4626	0.0
4627	0.0
4628	0.0
4629	0.00392156862745098
4630	0.00392156862745098
4631	0.00392156862745098
4632	0.0
4633	0.0
4634	0.0
4635	0.0
4636	0.0
4637	0.0
4638	0.0
4639	0.0
4640	0.0
4641	0.0196078431372549
4642	0.0
4643	0.00392156862745098
4644	0.011764705882352941
4645	0.0
4646	0.00392156862745098
4647	0.0
4648	0.0
4649	0.0
4650	0.0
4651	0.0
4652	0.0
4653	0.0
4654	0.0
4655	0.0
4656	0.0
4657	0.0
4658	0.0
4659	0.0
4660	0.0
4661	0.0
4662	0.0
4663	0.0
4664	0.0
4665	0.0
4666	0.0
4667	0.0
4668	0.0
4669	0.0
4670	0.0
4671	0.0
4672	0.0
4673	0.0
4674	0.0
4675	0.0
4676	0.0
4677	0.0
4678	0.0
4679	0.0
4680	0.0
4681	0.0
4682	0.0
4683	0.0
4684	0.0
4685	0.0
4686	0.0
4687	0.0
4688	0.011764705882352941
4689	0.0
4690	0.0
4691	0.0
4692	0.0
4693	0.0
4694	0.0
4695	0.0
4696	0.0
4697	0.011764705882352941
4698	0.011764705882352941
4699	0.00784313725490196
4700	0.0196078431372549
4701	0.00392156862745098
4702	0.0
4703	0.0
4704	0.0
4705	0.0
4706	0.0
4707	0.0
4708	0.00784313725490196
4709	0.011764705882352941
4710	0.0
4711	0.0
4712	0.00392156862745098
4713	0.00392156862745098
4714	0.00392156862745098
4715	0.00392156862745098
4716	0.0
4717	0.00392156862745098
4718	0.011764705882352941
4719	0.00784313725490196
4720	0.011764705882352941
4721	0.01568627450980392
4722	0.011764705882352941
4723	0.00784313725490196
4724	0.011764705882352941
4725	0.00392156862745098
4726	0.00392156862745098
4727	0.00784313725490196
4728	0.00392156862745098
4729	0.00392156862745098
4730	0.00784313725490196
4731	0.00392156862745098
4732	0.00392156862745098
4733	0.00784313725490196
4734	0.0
4735	0.0
4736	0.00784313725490196
4737	0.0
4738	0.0
4739	0.0
4740	0.0
4741	0.0
4742	0.0
4743	0.0
4744	0.0
4745	0.0
4746	0.0
4747	0.0
4748	0.0
4749	0.0
4750	0.0
4751	0.0
4752	0.0
4753	0.0
4754	0.0
4755	0.0
4756	0.0
4757	0.0
4758	0.0
4759	0.0
4760	0.0
4761	0.00784313725490196
4762	0.00784313725490196
4763	0.00784313725490196
4764	0.0
4765	0.0
4766	0.0
4767	0.01568627450980392
4768	0.00784313725490196
4769	0.00392156862745098
4770	0.00392156862745098
4771	0.00392156862745098
4772	0.00392156862745098
4773	0.0
4774	0.0
4775	0.0
4776	0.00392156862745098
4777	0.00392156862745098
4778	0.00392156862745098
4779	0.00784313725490196
4780	0.00784313725490196
4781	0.00784313725490196
4782	0.00392156862745098
4783	0.00392156862745098
4784	0.00392156862745098
4785	0.00392156862745098
4786	0.00392156862745098
4787	0.00392156862745098
4788	0.00392156862745098
4789	0.00392156862745098
4790	0.00392156862745098
4791	0.0
4792	0.0
4793	0.0
4794	0.0
4795	0.0
4796	0.0
4797	0.0
4798	0.0
4799	0.0
4800	0.0
4801	0.0
4802	0.0
4803	0.0
4804	0.0
4805	0.0
4806	0.0
4807	0.0
4808	0.0
4809	0.0
4810	0.0
4811	0.0
4812	0.0
4813	0.0
4814	0.0
4815	0.00392156862745098
4816	0.0
4817	0.0
4818	0.00392156862745098
4819	0.0
4820	0.0
4821	0.0
4822	0.0
4823	0.0
4824	0.0
4825	0.0
4826	0.0
4827	0.0
4828	0.0
4829	0.0
4830	0.0
4831	0.00392156862745098
4832	0.01568627450980392
4833	0.00784313725490196
4834	0.00392156862745098
4835	0.01568627450980392
4836	0.00392156862745098
4837	0.00392156862745098
4838	0.00784313725490196
4839	0.011764705882352941
4840	0.00784313725490196
4841	0.00392156862745098
4842	0.00392156862745098
4843	0.00392156862745098
4844	0.00392156862745098
4845	0.00784313725490196
4846	0.00784313725490196
4847	0.00784313725490196
4848	0.0
4849	0.0
4850	0.0
4851	0.00392156862745098
4852	0.00392156862745098
4853	0.00392156862745098
4854	0.0
4855	0.0
4856	0.0
4857	0.0
4858	0.0
4859	0.0
4860	0.0
4861	0.0
4862	0.0
4863	0.0
4864	0.0
4865	0.0
4866	0.0
4867	0.0
4868	0.0
4869	0.0
4870	0.0
4871	0.0
4872	0.0
4873	0.0
4874	0.0
4875	0.0
4876	0.0
4877	0.0
4878	0.0
4879	0.0
4880	0.0
4881	0.0
4882	0.0
4883	0.0
4884	0.0
4885	0.0
4886	0.0
4887	0.00392156862745098
4888	0.00392156862745098
4889	0.00392156862745098
4890	0.0
4891	0.0
4892	0.0
4893	0.0
4894	0.0
4895	0.0
4896	0.0
4897	0.0
4898	0.0
4899	0.0
4900	0.0
4901	0.0
4902	0.0
4903	0.0
4904	0.0
4905	0.0
4906	0.0
4907	0.0
4908	0.0
4909	0.0
4910	0.0
4911	0.0
4912	0.00392156862745098
4913	0.0
4914	0.00784313725490196
4915	0.00784313725490196
4916	0.00784313725490196
4917	0.00392156862745098
4918	0.00392156862745098
4919	0.00392156862745098
4920	0.00392156862745098
4921	0.00392156862745098
4922	0.00392156862745098
4923	0.0
4924	0.0
4925	0.0
4926	0.0
4927	0.0
4928	0.0
4929	0.0
4930	0.0
4931	0.0
4932	0.0
4933	0.0
4934	0.0
4935	0.0
4936	0.0
4937	0.0
4938	0.00392156862745098
4939	0.0
4940	0.00392156862745098
4941	0.011764705882352941
4942	0.00392156862745098
4943	0.0196078431372549
4944	0.00392156862745098
4945	0.00784313725490196
4946	0.01568627450980392
4947	0.00784313725490196
4948	0.00784313725490196
4949	0.011764705882352941
4950	0.0
4951	0.0
4952	0.0196078431372549
4953	0.00392156862745098
4954	0.00392156862745098
4955	0.0
4956	0.00392156862745098
4957	0.00392156862745098
4958	0.00392156862745098
4959	0.0
4960	0.00392156862745098
4961	0.00784313725490196
4962	0.00392156862745098
4963	0.011764705882352941
4964	0.0196078431372549
4965	0.01568627450980392
4966	0.00784313725490196
4967	0.01568627450980392
4968	0.011764705882352941
4969	0.00392156862745098
4970	0.011764705882352941
4971	0.00392156862745098
4972	0.00392156862745098
4973	0.00392156862745098
4974	0.0
4975	0.0
4976	0.0
4977	0.00392156862745098
4978	0.00392156862745098
4979	0.00392156862745098
4980	0.00784313725490196
4981	0.00784313725490196
4982	0.00784313725490196
4983	0.00392156862745098
4984	0.00392156862745098
4985	0.00392156862745098
4986	0.0
4987	0.0
4988	0.0
4989	0.0
4990	0.0
4991	0.00392156862745098
4992	0.0
4993	0.0
4994	0.0
4995	0.0
4996	0.0
4997	0.0
4998	0.0
4999	0.0
5000	0.0
5001	0.0
5002	0.0
5003	0.0
5004	0.0
5005	0.0
5006	0.0
5007	0.0
5008	0.0
5009	0.0
5010	0.0
5011	0.0
5012	0.0
5013	0.0
5014	0.0
5015	0.0
5016	0.0
5017	0.0
5018	0.0
5019	0.0
5020	0.0
5021	0.0
5022	0.00784313725490196
5023	0.0
5024	0.0
5025	0.011764705882352941
5026	0.00392156862745098
5027	0.0
5028	0.0
5029	0.0
5030	0.0
5031	0.0
5032	0.0
5033	0.0
5034	0.0
5035	0.0
5036	0.0
5037	0.00392156862745098
5038	0.00392156862745098
5039	0.00392156862745098
5040	0.0
5041	0.0
5042	0.0
5043	0.0
5044	0.0
5045	0.0
5046	0.0
5047	0.0
5048	0.0
5049	0.0
5050	0.0
5051	0.0
5052	0.0
5053	0.0
5054	0.0
5055	0.0
5056	0.0
5057	0.0
5058	0.0
5059	0.0
5060	0.0
5061	0.0
5062	0.0
5063	0.0
5064	0.00784313725490196
5065	0.00784313725490196
5066	0.00784313725490196
5067	0.00392156862745098
5068	0.00392156862745098
5069	0.00392156862745098
5070	0.0
5071	0.0
5072	0.011764705882352941
5073	0.0
5074	0.0
5075	0.0
5076	0.0
5077	0.0
5078	0.0
5079	0.0
5080	0.0
5081	0.00784313725490196
5082	0.011764705882352941
5083	0.0
5084	0.011764705882352941
5085	0.00392156862745098
5086	0.0
5087	0.0
5088	0.0
5089	0.0
5090	0.011764705882352941
5091	0.00392156862745098
5092	0.00784313725490196
5093	0.0196078431372549
5094	0.0
5095	0.0
5096	0.011764705882352941
5097	0.0
5098	0.0
5099	0.011764705882352941
5100	0.0
5101	0.00392156862745098
5102	0.00784313725490196
5103	0.0
5104	0.00784313725490196
5105	0.0196078431372549
5106	0.00784313725490196
5107	0.011764705882352941
5108	0.0196078431372549
5109	0.00392156862745098
5110	0.00392156862745098
5111	0.00784313725490196
5112	0.00784313725490196
5113	0.00784313725490196
5114	0.011764705882352941
5115	0.00392156862745098
5116	0.00392156862745098
5117	0.00784313725490196
5118	0.0
5119	0.00784313725490196
5120	0.01568627450980392
5121	0.0
5122	0.0
5123	0.0
5124	0.0
5125	0.0
5126	0.0
5127	0.0
5128	0.0
5129	0.0
5130	0.0
5131	0.0
5132	0.0
5133	0.0
5134	0.0
5135	0.0
5136	0.0
5137	0.0
5138	0.0
5139	0.0
5140	0.0
5141	0.0
5142	0.0
5143	0.0
5144	0.0
5145	0.0
5146	0.0
5147	0.0
5148	0.0
5149	0.0
5150	0.0
5151	0.01568627450980392
5152	0.00784313725490196
5153	0.0
5154	0.0
5155	0.0
5156	0.0
5157	0.0
5158	0.0
5159	0.0
5160	0.00784313725490196
5161	0.00784313725490196
5162	0.00392156862745098
5163	0.00392156862745098
5164	0.00392156862745098
5165	0.00392156862745098
5166	0.0
5167	0.0
5168	0.0
5169	0.0
5170	0.0
5171	0.0
5172	0.0
5173	0.0
5174	0.0
5175	0.0
5176	0.0
5177	0.0
5178	0.0
5179	0.0
5180	0.0
5181	0.0
5182	0.0
5183	0.0
5184	0.0
5185	0.0
5186	0.0
5187	0.0
5188	0.0
5189	0.0
5190	0.0
5191	0.0
5192	0.0
5193	0.00784313725490196
5194	0.00392156862745098
5195	0.0
5196	0.00784313725490196
5197	0.00392156862745098
5198	0.0
5199	0.0
5200	0.0
5201	0.0
5202	0.0
5203	0.0
5204	0.0
5205	0.0
5206	0.0
5207	0.0
5208	0.0
5209	0.0
5210	0.0
5211	0.0
5212	0.0
5213	0.0
5214	0.00392156862745098
5215	0.00392156862745098
5216	0.011764705882352941
5217	0.00784313725490196
5218	0.00784313725490196
5219	0.01568627450980392
5220	0.00784313725490196
5221	0.00784313725490196
5222	0.01568627450980392
5223	0.00784313725490196
5224	0.00784313725490196
5225	0.0
5226	0.00784313725490196
5227	0.00784313725490196
5228	0.0
5229	0.00392156862745098
5230	0.00392156862745098
5231	0.00392156862745098
5232	0.0
5233	0.0
5234	0.0
5235	0.0
5236	0.0
5237	0.0
5238	0.0
5239	0.0
5240	0.0
5241	0.0
5242	0.0
5243	0.0
5244	0.0
5245	0.0
5246	0.0
5247	0.00392156862745098
5248	0.00392156862745098
5249	0.00392156862745098
5250	0.0
5251	0.0
5252	0.0
5253	0.0
5254	0.0
5255	0.0
5256	0.0
5257	0.0
5258	0.0
5259	0.0
5260	0.0
5261	0.0
5262	0.0
5263	0.0
5264	0.0
5265	0.0
5266	0.0
5267	0.0
5268	0.0
5269	0.0
5270	0.0
5271	0.0
5272	0.0
5273	0.0
5274	0.0
5275	0.0
5276	0.0
5277	0.0
5278	0.0
5279	0.0
5280	0.0
5281	0.0
5282	0.0
5283	0.0
5284	0.0
5285	0.0
5286	0.0
5287	0.0
5288	0.0
5289	0.0
5290	0.0
5291	0.0
5292	0.0
5293	0.0
5294	0.0
5295	0.0
5296	0.0
5297	0.0
5298	0.00392156862745098
5299	0.00392156862745098
5300	0.00392156862745098
5301	0.00784313725490196
5302	0.00784313725490196
5303	0.00784313725490196
5304	0.00392156862745098
5305	0.00392156862745098
5306	0.00392156862745098
5307	0.0
5308	0.0
5309	0.0
5310	0.0
5311	0.0
5312	0.0
5313	0.0
5314	0.0
5315	0.0
5316	0.0
5317	0.0
5318	0.0
5319	0.0
5320	0.0
5321	0.0
5322	0.0
5323	0.00392156862745098
5324	0.01568627450980392
5325	0.00784313725490196
5326	0.00784313725490196
5327	0.027450980392156862
5328	0.00392156862745098
5329	0.00784313725490196
5330	0.0196078431372549
5331	0.0
5332	0.0
5333	0.00392156862745098
5334	0.00392156862745098
5335	0.00392156862745098
5336	0.00784313725490196
5337	0.00392156862745098
5338	0.00392156862745098
5339	0.00392156862745098
5340	0.00392156862745098
5341	0.00392156862745098
5342	0.00392156862745098
5343	0.0
5344	0.0
5345	0.0
5346	0.00784313725490196
5347	0.00784313725490196
5348	0.00784313725490196
5349	0.00784313725490196
5350	0.00392156862745098
5351	0.00392156862745098
5352	0.0196078431372549
5353	0.00392156862745098
5354	0.00392156862745098
5355	0.00392156862745098
5356	0.00392156862745098
5357	0.0
5358	0.0
5359	0.0
5360	0.0
5361	0.0
5362	0.0
5363	0.0
5364	0.00392156862745098
5365	0.00392156862745098
5366	0.00392156862745098
5367	0.0
5368	0.00392156862745098
5369	0.0
5370	0.00392156862745098
5371	0.00392156862745098
5372	0.0
5373	0.00392156862745098
5374	0.0
5375	0.0
5376	0.0
5377	0.0
5378	0.0
5379	0.0
5380	0.0
5381	0.0
5382	0.0
5383	0.0
5384	0.0
5385	0.0
5386	0.0
5387	0.0
5388	0.0
5389	0.0
5390	0.0
5391	0.0
5392	0.0
5393	0.0
5394	0.00392156862745098
5395	0.00392156862745098
5396	0.00392156862745098
5397	0.0
5398	0.0
5399	0.0
5400	0.0
5401	0.0
5402	0.0
5403	0.0
5404	0.0
5405	0.0
5406	0.00392156862745098
5407	0.0
5408	0.0
5409	0.00392156862745098
5410	0.00392156862745098
5411	0.0
5412	0.00392156862745098
5413	0.00392156862745098
5414	0.00392156862745098
5415	0.0
5416	0.0
5417	0.0
5418	0.0
5419	0.0
5420	0.0
5421	0.0
5422	0.0
5423	0.0
5424	0.0
5425	0.0
5426	0.0
5427	0.0
5428	0.0
5429	0.0
5430	0.0
5431	0.0
5432	0.0
5433	0.0
5434	0.0
5435	0.0
5436	0.0
5437	0.0
5438	0.0
5439	0.0
5440	0.0
5441	0.0
5442	0.0
5443	0.0
5444	0.0
5445	0.0
5446	0.0
5447	0.0
5448	0.00392156862745098
5449	0.00392156862745098
5450	0.00392156862745098
5451	0.00392156862745098
5452	0.00392156862745098
5453	0.00392156862745098
5454	0.0
5455	0.0
5456	0.00392156862745098
5457	0.0
5458	0.0
5459	0.0
5460	0.0
5461	0.0
5462	0.0
5463	0.00392156862745098
5464	0.0
5465	0.0
5466	0.011764705882352941
5467	0.00784313725490196
5468	0.00392156862745098
5469	0.00392156862745098
5470	0.0
5471	0.0
5472	0.0
5473	0.00392156862745098
5474	0.01568627450980392
5475	0.0
5476	0.00392156862745098
5477	0.00784313725490196
5478	0.0
5479	0.0
5480	0.0
5481	0.0
5482	0.0
5483	0.00392156862745098
5484	0.0
5485	0.00392156862745098
5486	0.00392156862745098
5487	0.00392156862745098
5488	0.00784313725490196
5489	0.01568627450980392
5490	0.01568627450980392
5491	0.011764705882352941
5492	0.01568627450980392
5493	0.011764705882352941
5494	0.00392156862745098
5495	0.0196078431372549
5496	0.0196078431372549
5497	0.00392156862745098
5498	0.023529411764705882
5499	0.00784313725490196
5500	0.00392156862745098
5501	0.0196078431372549
5502	0.00392156862745098
5503	0.00784313725490196
5504	0.011764705882352941
5505	0.00392156862745098
5506	0.00392156862745098
5507	0.00392156862745098
5508	0.0
5509	0.0
5510	0.0
5511	0.00392156862745098
5512	0.00392156862745098
5513	0.00392156862745098
5514	0.0
5515	0.0
5516	0.0
5517	0.0
5518	0.0
5519	0.0
5520	0.0
5521	0.0
5522	0.0
5523	0.0
5524	0.0
5525	0.0
5526	0.00392156862745098
5527	0.00392156862745098
5528	0.00392156862745098
5529	0.0
5530	0.0
5531	0.0
5532	0.0
5533	0.0
5534	0.0
5535	0.00392156862745098
5536	0.011764705882352941
5537	0.011764705882352941
5538	0.00392156862745098
5539	0.00784313725490196
5540	0.011764705882352941
5541	0.0
5542	0.0
5543	0.011764705882352941
5544	0.00392156862745098
5545	0.00392156862745098
5546	0.01568627450980392
5547	0.00392156862745098
5548	0.00392156862745098
5549	0.00784313725490196
5550	0.0
5551	0.0
5552	0.0
5553	0.00392156862745098
5554	0.00392156862745098
5555	0.00392156862745098
5556	0.0
5557	0.0
5558	0.0
5559	0.0
5560	0.0
5561	0.0
5562	0.0
5563	0.0
5564	0.0
5565	0.0
5566	0.0
5567	0.0
5568	0.0
5569	0.0
5570	0.0
5571	0.0
5572	0.0
5573	0.0
5574	0.0
5575	0.0
5576	0.0
5577	0.00392156862745098
5578	0.00392156862745098
5579	0.0
5580	0.00784313725490196
5581	0.00392156862745098
5582	0.0
5583	0.0
5584	0.0
5585	0.0
5586	0.0
5587	0.0
5588	0.0
5589	0.0
5590	0.0
5591	0.0
5592	0.0
5593	0.0
5594	0.0
5595	0.0
5596	0.0
5597	0.0
5598	0.00392156862745098
5599	0.011764705882352941
5600	0.01568627450980392
5601	0.0
5602	0.00392156862745098
5603	0.01568627450980392
5604	0.00784313725490196
5605	0.00392156862745098
5606	0.00784313725490196
5607	0.0
5608	0.00392156862745098
5609	0.0
5610	0.00784313725490196
5611	0.00784313725490196
5612	0.0
5613	0.0
5614	0.0
5615	0.0
5616	0.0
5617	0.0
5618	0.0
5619	0.0
5620	0.0
5621	0.0
5622	0.0
5623	0.0
5624	0.0
5625	0.0
5626	0.0
5627	0.0
5628	0.0
5629	0.0
5630	0.0
5631	0.0
5632	0.0
5633	0.0
5634	0.0
5635	0.0
5636	0.0
5637	0.0
5638	0.0
5639	0.0
5640	0.0
5641	0.0
5642	0.0
5643	0.0
5644	0.0
5645	0.0
5646	0.0
5647	0.0
5648	0.0
5649	0.0
5650	0.0
5651	0.0
5652	0.0
5653	0.0
5654	0.0
5655	0.0
5656	0.0
5657	0.0
5658	0.0
5659	0.0
5660	0.0
5661	0.00392156862745098
5662	0.00392156862745098
5663	0.00392156862745098
5664	0.0
5665	0.0
5666	0.0
5667	0.0
5668	0.0
5669	0.0
5670	0.0
5671	0.0
5672	0.0
5673	0.0
5674	0.0
5675	0.00392156862745098
5676	0.0
5677	0.00392156862745098
5678	0.00392156862745098
5679	0.00392156862745098
5680	0.00392156862745098
5681	0.0
5682	0.0
5683	0.0
5684	0.0
5685	0.00784313725490196
5686	0.00784313725490196
5687	0.00784313725490196
5688	0.0
5689	0.0
5690	0.0
5691	0.0
5692	0.0
5693	0.0
5694	0.00392156862745098
5695	0.00392156862745098
5696	0.00392156862745098
5697	0.0
5698	0.0
5699	0.0
5700	0.0
5701	0.0
5702	0.0
5703	0.0
5704	0.0
5705	0.0
5706	0.0
5707	0.00392156862745098
5708	0.00392156862745098
5709	0.0
5710	0.0
5711	0.011764705882352941
5712	0.00392156862745098
5713	0.00784313725490196
5714	0.011764705882352941
5715	0.0
5716	0.0
5717	0.0
5718	0.0
5719	0.00392156862745098
5720	0.00784313725490196
5721	0.00392156862745098
5722	0.00392156862745098
5723	0.00784313725490196
5724	0.00392156862745098
5725	0.00392156862745098
5726	0.00392156862745098
5727	0.0
5728	0.00392156862745098
5729	0.0
5730	0.00392156862745098
5731	0.0
5732	0.00392156862745098
5733	0.011764705882352941
5734	0.00392156862745098
5735	0.00784313725490196
5736	0.0196078431372549
5737	0.00392156862745098
5738	0.011764705882352941
5739	0.00784313725490196
5740	0.00392156862745098
5741	0.00784313725490196
5742	0.0
5743	0.0
5744	0.0
5745	0.00392156862745098
5746	0.00392156862745098
5747	0.00392156862745098
5748	0.00784313725490196
5749	0.00784313725490196
5750	0.00784313725490196
5751	0.00392156862745098
5752	0.00392156862745098
5753	0.00392156862745098
5754	0.00784313725490196
5755	0.00392156862745098
5756	0.0
5757	0.00392156862745098
5758	0.0
5759	0.0
5760	0.0
5761	0.0
5762	0.0
5763	0.0
5764	0.0
5765	0.0
5766	0.0
5767	0.0
5768	0.0
5769	0.0
5770	0.0
5771	0.0
5772	0.0
5773	0.0
5774	0.0
5775	0.0
5776	0.0
5777	0.0
5778	0.00392156862745098
5779	0.00392156862745098
5780	0.00392156862745098
5781	0.00392156862745098
5782	0.00392156862745098
5783	0.00392156862745098
5784	0.0
5785	0.0
5786	0.0
5787	0.0
5788	0.0
5789	0.0
5790	0.0
5791	0.0
5792	0.0
5793	0.00392156862745098
5794	0.00392156862745098
5795	0.00392156862745098
5796	0.00784313725490196
5797	0.00784313725490196
5798	0.00784313725490196
5799	0.0
5800	0.0
5801	0.0
5802	0.0
5803	0.0
5804	0.0
5805	0.0
5806	0.0
5807	0.0
5808	0.0
5809	0.0
5810	0.0
5811	0.0
5812	0.0
5813	0.0
5814	0.0
5815	0.0
5816	0.0
5817	0.0
5818	0.0
5819	0.0
5820	0.0
5821	0.0
5822	0.0
5823	0.0
5824	0.0
5825	0.0
5826	0.0
5827	0.0
5828	0.0
5829	0.0
5830	0.0
5831	0.0
5832	0.0
5833	0.0
5834	0.0
5835	0.00392156862745098
5836	0.00392156862745098
5837	0.00392156862745098
5838	0.00784313725490196
5839	0.00392156862745098
5840	0.00392156862745098
5841	0.0
5842	0.0
5843	0.0
5844	0.0
5845	0.0
5846	0.0
5847	0.00392156862745098
5848	0.00392156862745098
5849	0.00392156862745098
5850	0.00392156862745098
5851	0.00784313725490196
5852	0.00784313725490196
5853	0.0
5854	0.0
5855	0.0
5856	0.0
5857	0.0
5858	0.0
5859	0.0
5860	0.0
5861	0.0
5862	0.0
5863	0.00392156862745098
5864	0.01568627450980392
5865	0.0
5866	0.011764705882352941
5867	0.027450980392156862
5868	0.00392156862745098
5869	0.00392156862745098
5870	0.00784313725490196
5871	0.00392156862745098
5872	0.00392156862745098
5873	0.00392156862745098
5874	0.011764705882352941
5875	0.00784313725490196
5876	0.00784313725490196
5877	0.011764705882352941
5878	0.00392156862745098
5879	0.0
5880	0.01568627450980392
5881	0.00392156862745098
5882	0.01568627450980392
5883	0.011764705882352941
5884	0.00392156862745098
5885	0.0196078431372549
5886	0.011764705882352941
5887	0.00784313725490196
5888	0.01568627450980392
5889	0.00784313725490196
5890	0.00784313725490196
5891	0.00784313725490196
5892	0.00392156862745098
5893	0.00392156862745098
5894	0.00392156862745098
5895	0.00392156862745098
5896	0.00392156862745098
5897	0.00392156862745098
5898	0.0
5899	0.0
5900	0.0
5901	0.0
5902	0.0
5903	0.0
5904	0.0
5905	0.0
5906	0.0
5907	0.0
5908	0.0
5909	0.0
5910	0.00392156862745098
5911	0.00392156862745098
5912	0.00392156862745098
5913	0.0
5914	0.0
5915	0.0
5916	0.0
5917	0.0
5918	0.0
5919	0.00784313725490196
5920	0.00784313725490196
5921	0.01568627450980392
5922	0.0
5923	0.011764705882352941
5924	0.0196078431372549
5925	0.0
5926	0.0
5927	0.00392156862745098
5928	0.0
5929	0.0
5930	0.00392156862745098
5931	0.00784313725490196
5932	0.00784313725490196
5933	0.011764705882352941
5934	0.00392156862745098
5935	0.00392156862745098
5936	0.00392156862745098
5937	0.00392156862745098
5938	0.00392156862745098
5939	0.00392156862745098
5940	0.00392156862745098
5941	0.00392156862745098
5942	0.00392156862745098
5943	0.0
5944	0.0
5945	0.0
5946	0.0
5947	0.0
5948	0.0
5949	0.0
5950	0.0
5951	0.0
5952	0.0
5953	0.0
5954	0.0
5955	0.0
5956	0.0
5957	0.0
5958	0.0
5959	0.0
5960	0.0
5961	0.0
5962	0.0
5963	0.0
5964	0.0
5965	0.0
5966	0.0
5967	0.0
5968	0.0
5969	0.0
5970	0.0
5971	0.0
5972	0.0
5973	0.0
5974	0.0
5975	0.0
5976	0.0
5977	0.0
5978	0.0
5979	0.0
5980	0.0
5981	0.0
5982	0.00784313725490196
5983	0.00784313725490196
5984	0.00784313725490196
5985	0.00392156862745098
5986	0.00392156862745098
5987	0.00392156862745098
5988	0.00392156862745098
5989	0.00784313725490196
5990	0.00392156862745098
5991	0.01568627450980392
5992	0.00392156862745098
5993	0.0
5994	0.011764705882352941
5995	0.00784313725490196
5996	0.00392156862745098
5997	0.0
5998	0.0
5999	0.0
6000	0.0
6001	0.0
6002	0.0
6003	0.0
6004	0.0
6005	0.0
6006	0.0
6007	0.0
6008	0.0
6009	0.0
6010	0.0
6011	0.0
6012	0.0
6013	0.0
6014	0.0
6015	0.0
6016	0.0
6017	0.0
6018	0.0
6019	0.0
6020	0.0
6021	0.0
6022	0.0
6023	0.0
6024	0.0
6025	0.0
6026	0.0
6027	0.0
6028	0.0
6029	0.0
6030	0.0
6031	0.0
6032	0.0
6033	0.0
6034	0.0
6035	0.0
6036	0.0
6037	0.0
6038	0.0
6039	0.0
6040	0.0
6041	0.0
6042	0.00392156862745098
6043	0.00392156862745098
6044	0.00392156862745098
6045	0.00784313725490196
6046	0.00784313725490196
6047	0.00784313725490196
6048	0.0
6049	0.0
6050	0.0
6051	0.00392156862745098
6052	0.00392156862745098
6053	0.00392156862745098
6054	0.0
6055	0.0
6056	0.0
6057	0.0
6058	0.0
6059	0.00392156862745098
6060	0.00392156862745098
6061	0.00392156862745098
6062	0.01568627450980392
6063	0.011764705882352941
6064	0.011764705882352941
6065	0.01568627450980392
6066	0.00392156862745098
6067	0.00392156862745098
6068	0.00392156862745098
6069	0.00392156862745098
6070	0.00392156862745098
6071	0.00392156862745098
6072	0.0
6073	0.0
6074	0.0
6075	0.0
6076	0.0
6077	0.0
6078	0.00784313725490196
6079	0.00784313725490196
6080	0.00784313725490196
6081	0.00392156862745098
6082	0.00392156862745098
6083	0.00392156862745098
6084	0.0
6085	0.0
6086	0.0
6087	0.0
6088	0.0
6089	0.0
6090	0.0
6091	0.0
6092	0.0
6093	0.0
6094	0.0
6095	0.0
6096	0.0
6097	0.0
6098	0.0
6099	0.0
6100	0.0
6101	0.0
6102	0.0
6103	0.0
6104	0.0
6105	0.0
6106	0.0
6107	0.0
6108	0.0
6109	0.0
6110	0.0
6111	0.0
6112	0.0
6113	0.0
6114	0.0
6115	0.0
6116	0.00392156862745098
6117	0.011764705882352941
6118	0.011764705882352941
6119	0.01568627450980392
6120	0.011764705882352941
6121	0.01568627450980392
6122	0.0196078431372549
6123	0.00784313725490196
6124	0.00784313725490196
6125	0.011764705882352941
6126	0.0
6127	0.0
6128	0.0
6129	0.00784313725490196
6130	0.00784313725490196
6131	0.00784313725490196
6132	0.00784313725490196
6133	0.00784313725490196
6134	0.00784313725490196
6135	0.00392156862745098
6136	0.00392156862745098
6137	0.00392156862745098
6138	0.0
6139	0.0
6140	0.0
6141	0.00392156862745098
6142	0.00392156862745098
6143	0.00392156862745098
6144	0.0
6145	0.0
6146	0.0
6147	0.0
6148	0.0
6149	0.0
6150	0.0
6151	0.0
6152	0.0
6153	0.0
6154	0.0
6155	0.0
6156	0.0
6157	0.0
6158	0.0
6159	0.0
6160	0.0
6161	0.0
6162	0.0
6163	0.0
6164	0.0
6165	0.0
6166	0.0
6167	0.0
6168	0.0
6169	0.0
6170	0.0
6171	0.0
6172	0.0
6173	0.0
6174	0.0
6175	0.0
6176	0.0
6177	0.0
6178	0.0
6179	0.0
6180	0.00392156862745098
6181	0.00392156862745098
6182	0.00392156862745098
6183	0.0
6184	0.0
6185	0.0
6186	0.00392156862745098
6187	0.00392156862745098
6188	0.00392156862745098
6189	0.0
6190	0.0
6191	0.0
6192	0.0
6193	0.0
6194	0.0
6195	0.0
6196	0.0
6197	0.0
6198	0.0
6199	0.0
6200	0.0
6201	0.0
6202	0.0
6203	0.0
6204	0.0
6205	0.0
6206	0.0
6207	0.0
6208	0.0
6209	0.0
6210	0.0
6211	0.0
6212	0.0
6213	0.00392156862745098
6214	0.00392156862745098
6215	0.00392156862745098
6216	0.0
6217	0.00392156862745098
6218	0.00392156862745098
6219	0.0
6220	0.0
6221	0.0
6222	0.00392156862745098
6223	0.00392156862745098
6224	0.00392156862745098
6225	0.00392156862745098
6226	0.00392156862745098
6227	0.00392156862745098
6228	0.0
6229	0.0
6230	0.0
6231	0.0
6232	0.0
6233	0.0
6234	0.00392156862745098
6235	0.00392156862745098
6236	0.00392156862745098
6237	0.0
6238	0.0
6239	0.0
6240	0.0
6241	0.0
6242	0.0
6243	0.0
6244	0.0
6245	0.00392156862745098
6246	0.00392156862745098
6247	0.00784313725490196
6248	0.01568627450980392
6249	0.0
6250	0.00392156862745098
6251	0.01568627450980392
6252	0.00392156862745098
6253	0.00392156862745098
6254	0.00392156862745098
6255	0.00784313725490196
6256	0.00784313725490196
6257	0.00784313725490196
6258	0.0196078431372549
6259	0.00392156862745098
6260	0.00784313725490196
6261	0.00784313725490196
6262	0.00784313725490196
6263	0.011764705882352941
6264	0.011764705882352941
6265	0.00392156862745098
6266	0.027450980392156862
6267	0.00784313725490196
6268	0.0
6269	0.00784313725490196
6270	0.00784313725490196
6271	0.00392156862745098
6272	0.011764705882352941
6273	0.00784313725490196
6274	0.00784313725490196
6275	0.00784313725490196
6276	0.00392156862745098
6277	0.0
6278	0.0
6279	0.00784313725490196
6280	0.00392156862745098
6281	0.00392156862745098
6282	0.0
6283	0.0
6284	0.0
6285	0.00392156862745098
6286	0.00392156862745098
6287	0.00392156862745098
6288	0.00392156862745098
6289	0.00392156862745098
6290	0.00392156862745098
6291	0.00392156862745098
6292	0.00392156862745098
6293	0.00392156862745098
6294	0.00392156862745098
6295	0.00392156862745098
6296	0.00392156862745098
6297	0.0
6298	0.0
6299	0.0
6300	0.0
6301	0.0
6302	0.00392156862745098
6303	0.0
6304	0.00392156862745098
6305	0.011764705882352941
6306	0.0
6307	0.011764705882352941
6308	0.023529411764705882
6309	0.0
6310	0.00784313725490196
6311	0.01568627450980392
6312	0.0
6313	0.00784313725490196
6314	0.00784313725490196
6315	0.0
6316	0.0
6317	0.0
6318	0.0
6319	0.0
6320	0.0
6321	0.00392156862745098
6322	0.00392156862745098
6323	0.00392156862745098
6324	0.00392156862745098
6325	0.00392156862745098
6326	0.00392156862745098
6327	0.0
6328	0.0
6329	0.0
6330	0.0
6331	0.0
6332	0.0
6333	0.0
6334	0.0
6335	0.0
6336	0.0
6337	0.0
6338	0.0
6339	0.0
6340	0.0
6341	0.0
6342	0.0
6343	0.0
6344	0.0
6345	0.00392156862745098
6346	0.00392156862745098
6347	0.0
6348	0.011764705882352941
6349	0.00784313725490196
6350	0.0
6351	0.0
6352	0.0
6353	0.0
6354	0.0
6355	0.0
6356	0.0
6357	0.00392156862745098
6358	0.00392156862745098
6359	0.00392156862745098
6360	0.0
6361	0.0
6362	0.0
6363	0.00392156862745098
6364	0.00392156862745098
6365	0.00392156862745098
6366	0.00784313725490196
6367	0.00784313725490196
6368	0.00784313725490196
6369	0.00784313725490196
6370	0.00784313725490196
6371	0.00784313725490196
6372	0.011764705882352941
6373	0.00784313725490196
6374	0.00392156862745098
6375	0.011764705882352941
6376	0.00392156862745098
6377	0.0
6378	0.00784313725490196
6379	0.00784313725490196
6380	0.00392156862745098
6381	0.0
6382	0.0
6383	0.0
6384	0.0
6385	0.0
6386	0.0
6387	0.0
6388	0.0
6389	0.0
6390	0.0
6391	0.0
6392	0.0
6393	0.00392156862745098
6394	0.00392156862745098
6395	0.00392156862745098
6396	0.00784313725490196
6397	0.00392156862745098
6398	0.00392156862745098
6399	0.0
6400	0.0
6401	0.0
6402	0.0
6403	0.0
6404	0.0
6405	0.0
6406	0.0
6407	0.0
6408	0.0
6409	0.0
6410	0.0
6411	0.0
6412	0.0
6413	0.0
6414	0.0
6415	0.0
6416	0.0
6417	0.0
6418	0.0
6419	0.0
6420	0.0
6421	0.0
6422	0.0
6423	0.0
6424	0.0
6425	0.0
6426	0.00392156862745098
6427	0.00392156862745098
6428	0.00392156862745098
6429	0.00392156862745098
6430	0.00392156862745098
6431	0.00392156862745098
6432	0.0
6433	0.0
6434	0.0
6435	0.0
6436	0.0
6437	0.0
6438	0.0
6439	0.0
6440	0.0
6441	0.00392156862745098
6442	0.00392156862745098
6443	0.00392156862745098
6444	0.00392156862745098
6445	0.00392156862745098
6446	0.0196078431372549
6447	0.00784313725490196
6448	0.011764705882352941
6449	0.011764705882352941
6450	0.00392156862745098
6451	0.00392156862745098
6452	0.00392156862745098
6453	0.00392156862745098
6454	0.00392156862745098
6455	0.00392156862745098
6456	0.0
6457	0.0
6458	0.0
6459	0.0
6460	0.0
6461	0.0
6462	0.0
6463	0.0
6464	0.0
6465	0.0
6466	0.0
6467	0.0
6468	0.0
6469	0.0
6470	0.0
6471	0.0
6472	0.0
6473	0.0
6474	0.0
6475	0.0
6476	0.0
6477	0.0
6478	0.0
6479	0.0
6480	0.0
6481	0.0
6482	0.0
6483	0.00392156862745098
6484	0.00392156862745098
6485	0.00392156862745098
6486	0.0
6487	0.0
6488	0.0
6489	0.0
6490	0.0
6491	0.0
6492	0.0
6493	0.0
6494	0.0
6495	0.0
6496	0.0
6497	0.0
6498	0.0
6499	0.0
6500	0.0
6501	0.00392156862745098
6502	0.00784313725490196
6503	0.00784313725490196
6504	0.011764705882352941
6505	0.00784313725490196
6506	0.011764705882352941
6507	0.00784313725490196
6508	0.00784313725490196
6509	0.011764705882352941
6510	0.0
6511	0.0
6512	0.0
6513	0.0
6514	0.0
6515	0.0
6516	0.00392156862745098
6517	0.00392156862745098
6518	0.00392156862745098
6519	0.0
6520	0.0
6521	0.0
6522	0.0
6523	0.0
6524	0.0
6525	0.00392156862745098
6526	0.00392156862745098
6527	0.00392156862745098
6528	0.00392156862745098
6529	0.00392156862745098
6530	0.00392156862745098
6531	0.0
6532	0.0
6533	0.0
6534	0.0
6535	0.0
6536	0.0
6537	0.0
6538	0.0
6539	0.0
6540	0.0
6541	0.0
6542	0.0
6543	0.0
6544	0.0
6545	0.00392156862745098
6546	0.0
6547	0.0
6548	0.00392156862745098
6549	0.0
6550	0.0
6551	0.0
6552	0.0
6553	0.0
6554	0.0
6555	0.0
6556	0.0
6557	0.0
6558	0.0
6559	0.0
6560	0.0
6561	0.0
6562	0.0
6563	0.0
6564	0.0
6565	0.0
6566	0.0
6567	0.0
6568	0.0
6569	0.0
6570	0.00392156862745098
6571	0.00392156862745098
6572	0.00392156862745098
6573	0.0
6574	0.0
6575	0.0
6576	0.0
6577	0.0
6578	0.0
6579	0.0
6580	0.0
6581	0.0
6582	0.0
6583	0.0
6584	0.0
6585	0.0
6586	0.0
6587	0.0
6588	0.0
6589	0.0
6590	0.0
6591	0.0
6592	0.0
6593	0.0
6594	0.0
6595	0.0
6596	0.0
6597	0.00392156862745098
6598	0.00392156862745098
6599	0.00392156862745098
6600	0.00392156862745098
6601	0.00392156862745098
6602	0.00392156862745098
6603	0.0
6604	0.0
6605	0.0
6606	0.0
6607	0.00392156862745098
6608	0.00392156862745098
6609	0.00392156862745098
6610	0.00392156862745098
6611	0.00392156862745098
6612	0.0
6613	0.0
6614	0.0
6615	0.00392156862745098
6616	0.00392156862745098
6617	0.00392156862745098
6618	0.0
6619	0.00392156862745098
6620	0.00392156862745098
6621	0.0
6622	0.0
6623	0.0
6624	0.0
6625	0.0
6626	0.0
6627	0.0
6628	0.0
6629	0.0
6630	0.00392156862745098
6631	0.00784313725490196
6632	0.011764705882352941
6633	0.0
6634	0.011764705882352941
6635	0.027450980392156862
6636	0.0
6637	0.00392156862745098
6638	0.00784313725490196
6639	0.00784313725490196
6640	0.00784313725490196
6641	0.00784313725490196
6642	0.0196078431372549
6643	0.00784313725490196
6644	0.011764705882352941
6645	0.00784313725490196
6646	0.00392156862745098
6647	0.01568627450980392
6648	0.00392156862745098
6649	0.00392156862745098
6650	0.023529411764705882
6651	0.00392156862745098
6652	0.00392156862745098
6653	0.01568627450980392
6654	0.00784313725490196
6655	0.00784313725490196
6656	0.0196078431372549
6657	0.00784313725490196
6658	0.00784313725490196
6659	0.00392156862745098
6660	0.00784313725490196
6661	0.00392156862745098
6662	0.00392156862745098
6663	0.00784313725490196
6664	0.00392156862745098
6665	0.00392156862745098
6666	0.0
6667	0.0
6668	0.0
6669	0.00392156862745098
6670	0.00392156862745098
6671	0.00392156862745098
6672	0.0
6673	0.0
6674	0.0
6675	0.00392156862745098
6676	0.00392156862745098
6677	0.00392156862745098
6678	0.00784313725490196
6679	0.00784313725490196
6680	0.00784313725490196
6681	0.0
6682	0.0
6683	0.0
6684	0.0
6685	0.0
6686	0.0
6687	0.0
6688	0.0
6689	0.00784313725490196
6690	0.0
6691	0.00392156862745098
6692	0.01568627450980392
6693	0.0
6694	0.00784313725490196
6695	0.0196078431372549
6696	0.00392156862745098
6697	0.00784313725490196
6698	0.01568627450980392
6699	0.0
6700	0.0
6701	0.00392156862745098
6702	0.0
6703	0.0
6704	0.0
6705	0.00392156862745098
6706	0.00392156862745098
6707	0.00392156862745098
6708	0.00392156862745098
6709	0.00392156862745098
6710	0.00392156862745098
6711	0.0
6712	0.0
6713	0.0
6714	0.0
6715	0.0
6716	0.0
6717	0.0
6718	0.0
6719	0.0
6720	0.0
6721	0.0
6722	0.0
6723	0.0
6724	0.0
6725	0.0
6726	0.0
6727	0.0
6728	0.0
6729	0.00784313725490196
6730	0.0
6731	0.0
6732	0.011764705882352941
6733	0.00392156862745098
6734	0.0
6735	0.0
6736	0.0
6737	0.0
6738	0.0
6739	0.0
6740	0.0
6741	0.00392156862745098
6742	0.00392156862745098
6743	0.00392156862745098
6744	0.00392156862745098
6745	0.0
6746	0.0
6747	0.00392156862745098
6748	0.00392156862745098
6749	0.00392156862745098
6750	0.00784313725490196
6751	0.00784313725490196
6752	0.00784313725490196
6753	0.00784313725490196
6754	0.00392156862745098
6755	0.00784313725490196
6756	0.00392156862745098
6757	0.00392156862745098
6758	0.0
6759	0.011764705882352941
6760	0.00784313725490196
6761	0.00392156862745098
6762	0.00784313725490196
6763	0.00392156862745098
6764	0.00392156862745098
6765	0.0
6766	0.0
6767	0.0
6768	0.0
6769	0.0
6770	0.0
6771	0.0
6772	0.0
6773	0.0
6774	0.0
6775	0.0
6776	0.0
6777	0.0
6778	0.0
6779	0.0
6780	0.00784313725490196
6781	0.00392156862745098
6782	0.00392156862745098
6783	0.0
6784	0.0
6785	0.0
6786	0.0
6787	0.0
6788	0.0
6789	0.0
6790	0.0
6791	0.0
6792	0.0
6793	0.0
6794	0.0
6795	0.0
6796	0.0
6797	0.0
6798	0.0
6799	0.0
6800	0.0
6801	0.0
6802	0.0
6803	0.0
6804	0.0
6805	0.0
6806	0.0
6807	0.0
6808	0.0
6809	0.0
6810	0.00392156862745098
6811	0.00392156862745098
6812	0.00392156862745098
6813	0.00392156862745098
6814	0.00392156862745098
6815	0.00392156862745098
6816	0.0
6817	0.0
6818	0.0
6819	0.0
6820	0.0
6821	0.0
6822	0.0
6823	0.0
6824	0.0
6825	0.00392156862745098
6826	0.00784313725490196
6827	0.00784313725490196
6828	0.0
6829	0.00784313725490196
6830	0.011764705882352941
6831	0.00392156862745098
6832	0.00784313725490196
6833	0.011764705882352941
6834	0.0
6835	0.0
6836	0.0
6837	0.0
6838	0.0
6839	0.0
6840	0.0
6841	0.0
6842	0.0
6843	0.0
6844	0.0
6845	0.0
6846	0.0
6847	0.0
6848	0.0
6849	0.0
6850	0.0
6851	0.0
6852	0.0
6853	0.0
6854	0.0
6855	0.0
6856	0.0
6857	0.0
6858	0.0
6859	0.0
6860	0.0
6861	0.0
6862	0.0
6863	0.0
6864	0.00392156862745098
6865	0.00392156862745098
6866	0.00392156862745098
6867	0.00392156862745098
6868	0.00392156862745098
6869	0.00392156862745098
6870	0.0
6871	0.0
6872	0.0
6873	0.0
6874	0.0
6875	0.0
6876	0.0
6877	0.0
6878	0.0
6879	0.0
6880	0.0
6881	0.0
6882	0.0
6883	0.0
6884	0.0
6885	0.00392156862745098
6886	0.0
6887	0.00784313725490196
6888	0.0
6889	0.00392156862745098
6890	0.01568627450980392
6891	0.0
6892	0.0
6893	0.00392156862745098
6894	0.0
6895	0.0
6896	0.0
6897	0.0
6898	0.0
6899	0.0
6900	0.0
6901	0.0
6902	0.0
6903	0.0
6904	0.0
6905	0.0
6906	0.0
6907	0.0
6908	0.0
6909	0.00392156862745098
6910	0.00392156862745098
6911	0.00392156862745098
6912	0.0
6913	0.0
6914	0.0
6915	0.0
6916	0.0
6917	0.0
6918	0.0
6919	0.0
6920	0.0
6921	0.0
6922	0.0
6923	0.0
6924	0.0
6925	0.0
6926	0.0
6927	0.0
6928	0.00392156862745098
6929	0.01568627450980392
6930	0.0
6931	0.00392156862745098
6932	0.011764705882352941
6933	0.0
6934	0.0
6935	0.0
6936	0.0
6937	0.0
6938	0.0
6939	0.0
6940	0.0
6941	0.0
6942	0.0
6943	0.0
6944	0.0
6945	0.0
6946	0.0
6947	0.0
6948	0.0
6949	0.0
6950	0.0
6951	0.0
6952	0.0
6953	0.0
6954	0.00392156862745098
6955	0.00392156862745098
6956	0.00392156862745098
6957	0.0
6958	0.0
6959	0.0
6960	0.0
6961	0.0
6962	0.0
6963	0.0
6964	0.0
6965	0.0
6966	0.0
6967	0.0
6968	0.0
6969	0.0
6970	0.0
6971	0.0
6972	0.0
6973	0.0
6974	0.0
6975	0.0
6976	0.0
6977	0.0
6978	0.0
6979	0.0
6980	0.0
6981	0.0
6982	0.0
6983	0.0
6984	0.0
6985	0.0
6986	0.0
6987	0.00392156862745098
6988	0.00392156862745098
6989	0.00392156862745098
6990	0.0
6991	0.0
6992	0.0
6993	0.0
6994	0.0
6995	0.0
6996	0.0
6997	0.0
6998	0.0
6999	0.0
7000	0.0
7001	0.00392156862745098
7002	0.011764705882352941
7003	0.0
7004	0.00784313725490196
7005	0.00784313725490196
7006	0.00392156862745098
7007	0.0
7008	0.00784313725490196
7009	0.00392156862745098
7010	0.00392156862745098
7011	0.00392156862745098
7012	0.0
7013	0.00392156862745098
7014	0.011764705882352941
7015	0.00392156862745098
7016	0.023529411764705882
7017	0.00784313725490196
7018	0.00784313725490196
7019	0.023529411764705882
7020	0.0
7021	0.00392156862745098
7022	0.00784313725490196
7023	0.00784313725490196
7024	0.00784313725490196
7025	0.00784313725490196
7026	0.00392156862745098
7027	0.00392156862745098
7028	0.00392156862745098
7029	0.00392156862745098
7030	0.00392156862745098
7031	0.00392156862745098
7032	0.0
7033	0.00392156862745098
7034	0.00392156862745098
7035	0.0
7036	0.0
7037	0.0
7038	0.0
7039	0.00392156862745098
7040	0.00392156862745098
7041	0.00392156862745098
7042	0.011764705882352941
7043	0.0196078431372549
7044	0.00784313725490196
7045	0.00784313725490196
7046	0.01568627450980392
7047	0.00784313725490196
7048	0.00784313725490196
7049	0.00784313725490196
7050	0.0
7051	0.0
7052	0.0
7053	0.0
7054	0.0
7055	0.0
7056	0.0
7057	0.0
7058	0.0
7059	0.0
7060	0.0
7061	0.0
7062	0.0
7063	0.0
7064	0.0
7065	0.0
7066	0.0
7067	0.0
7068	0.0
7069	0.0
7070	0.0
7071	0.0
7072	0.0
7073	0.0
7074	0.0
7075	0.0
7076	0.00392156862745098
7077	0.0
7078	0.00392156862745098
7079	0.00392156862745098
7080	0.00392156862745098
7081	0.00392156862745098
7082	0.00392156862745098
7083	0.00392156862745098
7084	0.00392156862745098
7085	0.00392156862745098
7086	0.00784313725490196
7087	0.00784313725490196
7088	0.00784313725490196
7089	0.00784313725490196
7090	0.00784313725490196
7091	0.00784313725490196
7092	0.00392156862745098
7093	0.00392156862745098
7094	0.00392156862745098
7095	0.00392156862745098
7096	0.00392156862745098
7097	0.00392156862745098
7098	0.00392156862745098
7099	0.00392156862745098
7100	0.00392156862745098
7101	0.00392156862745098
7102	0.00392156862745098
7103	0.00392156862745098
7104	0.00784313725490196
7105	0.00784313725490196
7106	0.00392156862745098
7107	0.0
7108	0.0
7109	0.0
7110	0.0
7111	0.0
7112	0.0
7113	0.0
7114	0.0
7115	0.0
7116	0.0
7117	0.0
7118	0.0
7119	0.0
7120	0.0
7121	0.0
7122	0.0
7123	0.0
7124	0.0
7125	0.0
7126	0.0
7127	0.0
7128	0.011764705882352941
7129	0.0
7130	0.0
7131	0.00784313725490196
7132	0.00392156862745098
7133	0.00392156862745098
7134	0.00392156862745098
7135	0.00392156862745098
7136	0.00392156862745098
7137	0.0
7138	0.0
7139	0.0
7140	0.00392156862745098
7141	0.00392156862745098
7142	0.00392156862745098
7143	0.01568627450980392
7144	0.011764705882352941
7145	0.01568627450980392
7146	0.011764705882352941
7147	0.00392156862745098
7148	0.0196078431372549
7149	0.00784313725490196
7150	0.00784313725490196
7151	0.00392156862745098
7152	0.0
7153	0.0
7154	0.0
7155	0.0
7156	0.0
7157	0.0
7158	0.0
7159	0.0
7160	0.0
7161	0.00392156862745098
7162	0.00392156862745098
7163	0.00392156862745098
7164	0.00784313725490196
7165	0.00784313725490196
7166	0.00392156862745098
7167	0.0
7168	0.0
7169	0.0
7170	0.0
7171	0.0
7172	0.0
7173	0.0
7174	0.0
7175	0.0
7176	0.0
7177	0.0
7178	0.0
7179	0.0
7180	0.0
7181	0.0
7182	0.0
7183	0.0
7184	0.0
7185	0.0
7186	0.0
7187	0.0
7188	0.0
7189	0.0
7190	0.0
7191	0.0
7192	0.0
7193	0.0
7194	0.00392156862745098
7195	0.00392156862745098
7196	0.00392156862745098
7197	0.00392156862745098
7198	0.00392156862745098
7199	0.00392156862745098
7200	0.0
7201	0.0
7202	0.0
7203	0.0
7204	0.0
7205	0.0
7206	0.0
7207	0.0
7208	0.0
7209	0.00392156862745098
7210	0.00392156862745098
7211	0.00392156862745098
7212	0.00392156862745098
7213	0.00784313725490196
7214	0.00784313725490196
7215	0.00784313725490196
7216	0.00784313725490196
7217	0.00784313725490196
7218	0.00392156862745098
7219	0.00392156862745098
7220	0.00392156862745098
7221	0.00784313725490196
7222	0.00784313725490196
7223	0.00784313725490196
7224	0.00392156862745098
7225	0.00392156862745098
7226	0.00392156862745098
7227	0.0
7228	0.0
7229	0.0
7230	0.0
7231	0.0
7232	0.0
7233	0.0
7234	0.0
7235	0.0
7236	0.0
7237	0.0
7238	0.0
7239	0.0
7240	0.0
7241	0.0
7242	0.0
7243	0.0
7244	0.0
7245	0.0
7246	0.0
7247	0.0
7248	0.0
7249	0.0
7250	0.0
7251	0.0
7252	0.0
7253	0.0
7254	0.0
7255	0.0
7256	0.0
7257	0.00392156862745098
7258	0.00392156862745098
7259	0.00392156862745098
7260	0.00784313725490196
7261	0.00784313725490196
7262	0.00784313725490196
7263	0.0
7264	0.0
7265	0.0
7266	0.0
7267	0.0
7268	0.0
7269	0.00392156862745098
7270	0.0
7271	0.00392156862745098
7272	0.00784313725490196
7273	0.00784313725490196
7274	0.011764705882352941
7275	0.0
7276	0.0
7277	0.0
7278	0.0
7279	0.0
7280	0.0
7281	0.00392156862745098
7282	0.00392156862745098
7283	0.00392156862745098
7284	0.00784313725490196
7285	0.00392156862745098
7286	0.00392156862745098
7287	0.0
7288	0.00784313725490196
7289	0.00392156862745098
7290	0.011764705882352941
7291	0.00392156862745098
7292	0.00392156862745098
7293	0.00392156862745098
7294	0.0
7295	0.0
7296	0.0
7297	0.0
7298	0.0
7299	0.0
7300	0.0
7301	0.0
7302	0.0
7303	0.0
7304	0.0
7305	0.0
7306	0.0
7307	0.0
7308	0.0
7309	0.00392156862745098
7310	0.011764705882352941
7311	0.0
7312	0.00392156862745098
7313	0.01568627450980392
7314	0.0
7315	0.0
7316	0.0
7317	0.0
7318	0.0
7319	0.0
7320	0.0
7321	0.0
7322	0.0
7323	0.0
7324	0.0
7325	0.0
7326	0.0
7327	0.0
7328	0.0
7329	0.0
7330	0.0
7331	0.0
7332	0.0
7333	0.0
7334	0.0
7335	0.0
7336	0.0
7337	0.0
7338	0.0
7339	0.0
7340	0.0
7341	0.0
7342	0.0
7343	0.0
7344	0.0
7345	0.0
7346	0.0
7347	0.0
7348	0.0
7349	0.0
7350	0.0
7351	0.0
7352	0.0
7353	0.0
7354	0.0
7355	0.0
7356	0.0
7357	0.0
7358	0.0
7359	0.0
7360	0.0
7361	0.0
7362	0.0
7363	0.0
7364	0.0
7365	0.0
7366	0.0
7367	0.0
7368	0.0
7369	0.0
7370	0.0
7371	0.00392156862745098
7372	0.00392156862745098
7373	0.00392156862745098
7374	0.0
7375	0.0
7376	0.0
7377	0.0
7378	0.0
7379	0.0
7380	0.0
7381	0.0
7382	0.0
7383	0.00392156862745098
7384	0.00392156862745098
7385	0.00392156862745098
7386	0.00784313725490196
7387	0.011764705882352941
7388	0.00784313725490196
7389	0.00784313725490196
7390	0.0
7391	0.011764705882352941
7392	0.00784313725490196
7393	0.00784313725490196
7394	0.011764705882352941
7395	0.00392156862745098
7396	0.0
7397	0.00392156862745098
7398	0.011764705882352941
7399	0.00784313725490196
7400	0.027450980392156862
7401	0.011764705882352941
7402	0.01568627450980392
7403	0.01568627450980392
7404	0.0
7405	0.00392156862745098
7406	0.00392156862745098
7407	0.00784313725490196
7408	0.00784313725490196
7409	0.00784313725490196
7410	0.0
7411	0.0
7412	0.00392156862745098
7413	0.0
7414	0.0
7415	0.0
7416	0.0
7417	0.0
7418	0.0
7419	0.0
7420	0.0
7421	0.0
7422	0.0
7423	0.0
7424	0.011764705882352941
7425	0.00392156862745098
7426	0.00392156862745098
7427	0.011764705882352941
7428	0.00784313725490196
7429	0.00784313725490196
7430	0.011764705882352941
7431	0.0
7432	0.0
7433	0.0
7434	0.0
7435	0.0
7436	0.0
7437	0.0
7438	0.0
7439	0.0
7440	0.0
7441	0.0
7442	0.0
7443	0.0
7444	0.0
7445	0.0
7446	0.0
7447	0.0
7448	0.0
7449	0.0
7450	0.0
7451	0.0
7452	0.0
7453	0.0
7454	0.0
7455	0.0
7456	0.0
7457	0.0
7458	0.0
7459	0.0
7460	0.0
7461	0.0
7462	0.0
7463	0.0
7464	0.00784313725490196
7465	0.00784313725490196
7466	0.00784313725490196
7467	0.00392156862745098
7468	0.00392156862745098
7469	0.00392156862745098
7470	0.00784313725490196
7471	0.00784313725490196
7472	0.00784313725490196
7473	0.00392156862745098
7474	0.00392156862745098
7475	0.00392156862745098
7476	0.00392156862745098
7477	0.00392156862745098
7478	0.00392156862745098
7479	0.00392156862745098
7480	0.00392156862745098
7481	0.00392156862745098
7482	0.00392156862745098
7483	0.00392156862745098
7484	0.00392156862745098
7485	0.011764705882352941
7486	0.011764705882352941
7487	0.011764705882352941
7488	0.00392156862745098
7489	0.00392156862745098
7490	0.00392156862745098
7491	0.0
7492	0.0
7493	0.0
7494	0.0
7495	0.0
7496	0.0
7497	0.0
7498	0.0
7499	0.0
7500	0.0
7501	0.0
7502	0.0
7503	0.0
7504	0.0
7505	0.0
7506	0.0
7507	0.0
7508	0.0
7509	0.0
7510	0.0
7511	0.0
7512	0.00392156862745098
7513	0.0
7514	0.0
7515	0.00392156862745098
7516	0.00392156862745098
7517	0.00392156862745098
7518	0.00392156862745098
7519	0.0
7520	0.00392156862745098
7521	0.00392156862745098
7522	0.00392156862745098
7523	0.00392156862745098
7524	0.011764705882352941
7525	0.00784313725490196
7526	0.011764705882352941
7527	0.011764705882352941
7528	0.00392156862745098
7529	0.00392156862745098
7530	0.011764705882352941
7531	0.00392156862745098
7532	0.011764705882352941
7533	0.00392156862745098
7534	0.00392156862745098
7535	0.00392156862745098
7536	0.0
7537	0.0
7538	0.0
7539	0.0
7540	0.0
7541	0.0
7542	0.0
7543	0.0
7544	0.0
7545	0.00784313725490196
7546	0.00784313725490196
7547	0.00784313725490196
7548	0.0
7549	0.0
7550	0.0
7551	0.0
7552	0.0
7553	0.0
7554	0.0
7555	0.0
7556	0.0
7557	0.0
7558	0.0
7559	0.0
7560	0.0
7561	0.0
7562	0.0
7563	0.0
7564	0.0
7565	0.0
7566	0.00392156862745098
7567	0.00392156862745098
7568	0.00392156862745098
7569	0.00392156862745098
7570	0.00392156862745098
7571	0.00392156862745098
7572	0.0
7573	0.0
7574	0.0
7575	0.0
7576	0.0
7577	0.0
7578	0.00392156862745098
7579	0.00392156862745098
7580	0.00392156862745098
7581	0.00392156862745098
7582	0.00392156862745098
7583	0.00392156862745098
7584	0.0
7585	0.0
7586	0.0
7587	0.0
7588	0.0
7589	0.0
7590	0.00392156862745098
7591	0.00392156862745098
7592	0.00392156862745098
7593	0.00392156862745098
7594	0.00392156862745098
7595	0.00392156862745098
7596	0.00392156862745098
7597	0.00392156862745098
7598	0.00392156862745098
7599	0.00392156862745098
7600	0.00392156862745098
7601	0.00392156862745098
7602	0.0
7603	0.0
7604	0.0
7605	0.00784313725490196
7606	0.00392156862745098
7607	0.00784313725490196
7608	0.00392156862745098
7609	0.00392156862745098
7610	0.00392156862745098
7611	0.00392156862745098
7612	0.00392156862745098
7613	0.00392156862745098
7614	0.0
7615	0.0
7616	0.0
7617	0.0
7618	0.0
7619	0.0
7620	0.0
7621	0.0
7622	0.0
7623	0.0
7624	0.0
7625	0.0
7626	0.0
7627	0.0
7628	0.0
7629	0.0
7630	0.0
7631	0.0
7632	0.0
7633	0.0
7634	0.0
7635	0.0
7636	0.0
7637	0.0
7638	0.0
7639	0.0
7640	0.0
7641	0.0
7642	0.0
7643	0.0
7644	0.00392156862745098
7645	0.00392156862745098
7646	0.00392156862745098
7647	0.0
7648	0.0
7649	0.0
7650	0.0
7651	0.0
7652	0.0
7653	0.0
7654	0.0
7655	0.0
7656	0.00392156862745098
7657	0.00392156862745098
7658	0.00392156862745098
7659	0.0
7660	0.0
7661	0.0
7662	0.0
7663	0.0
7664	0.0
7665	0.011764705882352941
7666	0.00392156862745098
7667	0.00784313725490196
7668	0.00784313725490196
7669	0.00784313725490196
7670	0.0
7671	0.00784313725490196
7672	0.011764705882352941
7673	0.00392156862745098
7674	0.00392156862745098
7675	0.00784313725490196
7676	0.027450980392156862
7677	0.00392156862745098
7678	0.00392156862745098
7679	0.00784313725490196
7680	0.0
7681	0.0
7682	0.0
7683	0.0
7684	0.0
7685	0.0
7686	0.00392156862745098
7687	0.00392156862745098
7688	0.00392156862745098
7689	0.00392156862745098
7690	0.00392156862745098
7691	0.0
7692	0.0
7693	0.00392156862745098
7694	0.01568627450980392
7695	0.0
7696	0.0
7697	0.011764705882352941
7698	0.0
7699	0.0
7700	0.00392156862745098
7701	0.00784313725490196
7702	0.00784313725490196
7703	0.00784313725490196
7704	0.00392156862745098
7705	0.00392156862745098
7706	0.00392156862745098
7707	0.0
7708	0.0
7709	0.0
7710	0.0
7711	0.0
7712	0.0
7713	0.00392156862745098
7714	0.00392156862745098
7715	0.00392156862745098
7716	0.00392156862745098
7717	0.00392156862745098
7718	0.00392156862745098
7719	0.0
7720	0.0
7721	0.0
7722	0.0
7723	0.0
7724	0.0
7725	0.00392156862745098
7726	0.00392156862745098
7727	0.00392156862745098
7728	0.0
7729	0.0
7730	0.0
7731	0.0
7732	0.0
7733	0.0
7734	0.0
7735	0.00392156862745098
7736	0.00392156862745098
7737	0.0
7738	0.0
7739	0.0
7740	0.0
7741	0.0
7742	0.0
7743	0.0
7744	0.0
7745	0.0
7746	0.0
7747	0.0
7748	0.0
7749	0.0
7750	0.0
7751	0.0
7752	0.00392156862745098
7753	0.00392156862745098
7754	0.00392156862745098
7755	0.0
7756	0.0
7757	0.0
7758	0.0
7759	0.0
7760	0.0
7761	0.0
7762	0.0
7763	0.0
7764	0.0
7765	0.0
7766	0.0
7767	0.011764705882352941
7768	0.00784313725490196
7769	0.00392156862745098
7770	0.00784313725490196
7771	0.00392156862745098
7772	0.0196078431372549
7773	0.00392156862745098
7774	0.00392156862745098
7775	0.023529411764705882
7776	0.00392156862745098
7777	0.00392156862745098
7778	0.00392156862745098
7779	0.0
7780	0.0
7781	0.00392156862745098
7782	0.01568627450980392
7783	0.011764705882352941
7784	0.01568627450980392
7785	0.0196078431372549
7786	0.011764705882352941
7787	0.01568627450980392
7788	0.00784313725490196
7789	0.00784313725490196
7790	0.00784313725490196
7791	0.00392156862745098
7792	0.00784313725490196
7793	0.00784313725490196
7794	0.00392156862745098
7795	0.00392156862745098
7796	0.00392156862745098
7797	0.0
7798	0.0
7799	0.0
7800	0.00392156862745098
7801	0.00392156862745098
7802	0.00392156862745098
7803	0.00392156862745098
7804	0.00392156862745098
7805	0.00392156862745098
7806	0.00392156862745098
7807	0.0
7808	0.00784313725490196
7809	0.011764705882352941
7810	0.011764705882352941
7811	0.01568627450980392
7812	0.00392156862745098
7813	0.00392156862745098
7814	0.011764705882352941
7815	0.0
7816	0.0
7817	0.0
7818	0.0
7819	0.0
7820	0.0
7821	0.0
7822	0.0
7823	0.0
7824	0.00392156862745098
7825	0.00392156862745098
7826	0.00392156862745098
7827	0.0
7828	0.0
7829	0.0
7830	0.0
7831	0.0
7832	0.0
7833	0.0
7834	0.0
7835	0.0
7836	0.0
7837	0.0
7838	0.0
7839	0.00392156862745098
7840	0.00392156862745098
7841	0.00392156862745098
7842	0.0
7843	0.0
7844	0.0
7845	0.0
7846	0.0
7847	0.0
7848	0.00784313725490196
7849	0.00784313725490196
7850	0.00784313725490196
7851	0.0
7852	0.0
7853	0.0
7854	0.00784313725490196
7855	0.00784313725490196
7856	0.00784313725490196
7857	0.00392156862745098
7858	0.00392156862745098
7859	0.00392156862745098
7860	0.00392156862745098
7861	0.00392156862745098
7862	0.00392156862745098
7863	0.0
7864	0.0
7865	0.0
7866	0.00392156862745098
7867	0.00392156862745098
7868	0.00392156862745098
7869	0.00784313725490196
7870	0.00784313725490196
7871	0.00784313725490196
7872	0.00392156862745098
7873	0.00392156862745098
7874	0.00392156862745098
7875	0.0
7876	0.0
7877	0.0
7878	0.0
7879	0.0
7880	0.0
7881	0.0
7882	0.0
7883	0.0
7884	0.0
7885	0.0
7886	0.0
7887	0.0
7888	0.0
7889	0.0
7890	0.0
7891	0.0
7892	0.0
7893	0.0
7894	0.0
7895	0.0
7896	0.00392156862745098
7897	0.0
7898	0.0
7899	0.0
7900	0.0
7901	0.0
7902	0.00784313725490196
7903	0.00784313725490196
7904	0.00784313725490196
7905	0.00784313725490196
7906	0.00784313725490196
7907	0.00784313725490196
7908	0.011764705882352941
7909	0.00784313725490196
7910	0.01568627450980392
7911	0.00784313725490196
7912	0.00392156862745098
7913	0.00784313725490196
7914	0.011764705882352941
7915	0.00784313725490196
7916	0.011764705882352941
7917	0.00392156862745098
7918	0.00392156862745098
7919	0.00392156862745098
7920	0.0
7921	0.0
7922	0.0
7923	0.0
7924	0.0
7925	0.0
7926	0.0
7927	0.0
7928	0.0
7929	0.0
7930	0.0
7931	0.0
7932	0.0
7933	0.0
7934	0.0
7935	0.0
7936	0.0
7937	0.0
7938	0.0
7939	0.0
7940	0.0
7941	0.0
7942	0.0
7943	0.0
7944	0.0
7945	0.0
7946	0.0
7947	0.0
7948	0.0
7949	0.0
7950	0.00784313725490196
7951	0.00784313725490196
7952	0.00784313725490196
7953	0.00784313725490196
7954	0.011764705882352941
7955	0.011764705882352941
7956	0.011764705882352941
7957	0.00784313725490196
7958	0.011764705882352941
7959	0.00392156862745098
7960	0.00392156862745098
7961	0.00392156862745098
7962	0.0
7963	0.0
7964	0.0
7965	0.00392156862745098
7966	0.00392156862745098
7967	0.00392156862745098
7968	0.0
7969	0.0
7970	0.0
7971	0.0
7972	0.0
7973	0.0
7974	0.0
7975	0.0
7976	0.0
7977	0.0
7978	0.0
7979	0.0
7980	0.0
7981	0.0
7982	0.0
7983	0.00392156862745098
7984	0.00392156862745098
7985	0.00392156862745098
7986	0.00392156862745098
7987	0.00392156862745098
7988	0.00392156862745098
7989	0.00392156862745098
7990	0.00392156862745098
7991	0.00392156862745098
7992	0.00784313725490196
7993	0.00784313725490196
7994	0.00784313725490196
7995	0.00784313725490196
7996	0.00784313725490196
7997	0.00784313725490196
7998	0.0
7999	0.0
8000	0.0
8001	0.0
8002	0.0
8003	0.0
8004	0.0
8005	0.0
8006	0.0
8007	0.0
8008	0.0
8009	0.0
8010	0.0
8011	0.0
8012	0.0
8013	0.0
8014	0.0
8015	0.0
8016	0.0
8017	0.0
8018	0.0
8019	0.0
8020	0.0
8021	0.0
8022	0.0
8023	0.0
8024	0.0
8025	0.00392156862745098
8026	0.00392156862745098
8027	0.00392156862745098
8028	0.0
8029	0.0
8030	0.0
8031	0.0
8032	0.0
8033	0.0
8034	0.0
8035	0.0
8036	0.0
8037	0.0
8038	0.0
8039	0.0
8040	0.0
8041	0.0
8042	0.0
8043	0.0
8044	0.0
8045	0.0
8046	0.0
8047	0.0
8048	0.0
8049	0.011764705882352941
8050	0.00392156862745098
8051	0.011764705882352941
8052	0.00784313725490196
8053	0.00392156862745098
8054	0.00392156862745098
8055	0.00392156862745098
8056	0.00392156862745098
8057	0.00784313725490196
8058	0.00784313725490196
8059	0.011764705882352941
8060	0.03529411764705882
8061	0.011764705882352941
8062	0.011764705882352941
8063	0.011764705882352941
8064	0.0
8065	0.0
8066	0.0
8067	0.0
8068	0.0
8069	0.0
8070	0.00392156862745098
8071	0.00392156862745098
8072	0.00392156862745098
8073	0.00392156862745098
8074	0.00392156862745098
8075	0.00392156862745098
8076	0.00392156862745098
8077	0.00784313725490196
8078	0.01568627450980392
8079	0.0
8080	0.00784313725490196
8081	0.01568627450980392
8082	0.0
8083	0.00392156862745098
8084	0.00784313725490196
8085	0.00392156862745098
8086	0.00392156862745098
8087	0.00392156862745098
8088	0.00784313725490196
8089	0.00784313725490196
8090	0.00784313725490196
8091	0.0
8092	0.0
8093	0.0
8094	0.0
8095	0.0
8096	0.0
8097	0.00392156862745098
8098	0.00392156862745098
8099	0.00392156862745098
8100	0.00392156862745098
8101	0.00392156862745098
8102	0.00392156862745098
8103	0.0
8104	0.0
8105	0.0
8106	0.0
8107	0.0
8108	0.0
8109	0.0
8110	0.0
8111	0.0
8112	0.0
8113	0.0
8114	0.0
8115	0.00392156862745098
8116	0.00392156862745098
8117	0.00392156862745098
8118	0.00392156862745098
8119	0.00392156862745098
8120	0.00392156862745098
8121	0.0
8122	0.0
8123	0.0
8124	0.0
8125	0.0
8126	0.0
8127	0.0
8128	0.0
8129	0.0
8130	0.0
8131	0.0
8132	0.0
8133	0.0
8134	0.0
8135	0.0
8136	0.00392156862745098
8137	0.00392156862745098
8138	0.00392156862745098
8139	0.0
8140	0.0
8141	0.0
8142	0.0
8143	0.0
8144	0.0
8145	0.0
8146	0.0
8147	0.0
8148	0.0
8149	0.0
8150	0.0
8151	0.00784313725490196
8152	0.00392156862745098
8153	0.00784313725490196
8154	0.00392156862745098
8155	0.0
8156	0.011764705882352941
8157	0.011764705882352941
8158	0.00392156862745098
8159	0.01568627450980392
8160	0.00392156862745098
8161	0.00784313725490196
8162	0.011764705882352941
8163	0.0
8164	0.0
8165	0.00784313725490196
8166	0.01568627450980392
8167	0.00392156862745098
8168	0.011764705882352941
8169	0.01568627450980392
8170	0.00392156862745098
8171	0.023529411764705882
8172	0.011764705882352941
8173	0.00784313725490196
8174	0.00784313725490196
8175	0.00392156862745098
8176	0.00784313725490196
8177	0.011764705882352941
8178	0.0
8179	0.0
8180	0.0
8181	0.0
8182	0.0
8183	0.0
8184	0.00784313725490196
8185	0.00784313725490196
8186	0.00784313725490196
8187	0.00784313725490196
8188	0.00784313725490196
8189	0.00784313725490196
8190	0.00392156862745098
8191	0.00392156862745098
8192	0.011764705882352941
8193	0.00784313725490196
8194	0.00784313725490196
8195	0.00784313725490196
8196	0.00784313725490196
8197	0.00784313725490196
8198	0.011764705882352941
8199	0.0
8200	0.0
8201	0.00392156862745098
8202	0.0
8203	0.0
8204	0.0
8205	0.0
8206	0.0
8207	0.0
8208	0.0
8209	0.0
8210	0.0
8211	0.0
8212	0.0
8213	0.0
8214	0.0
8215	0.0
8216	0.0
8217	0.0
8218	0.0
8219	0.0
8220	0.0
8221	0.0
8222	0.0
8223	0.00784313725490196
8224	0.011764705882352941
8225	0.011764705882352941
8226	0.00392156862745098
8227	0.00392156862745098
8228	0.011764705882352941
8229	0.0
8230	0.0
8231	0.00392156862745098
8232	0.0
8233	0.0
8234	0.0
8235	0.0
8236	0.0
8237	0.0
8238	0.0
8239	0.0
8240	0.0
8241	0.00392156862745098
8242	0.00392156862745098
8243	0.00392156862745098
8244	0.00392156862745098
8245	0.00784313725490196
8246	0.00784313725490196
8247	0.00392156862745098
8248	0.00392156862745098
8249	0.00392156862745098
8250	0.0
8251	0.0
8252	0.0
8253	0.00392156862745098
8254	0.00392156862745098
8255	0.00392156862745098
8256	0.00392156862745098
8257	0.00392156862745098
8258	0.00392156862745098
8259	0.0
8260	0.0
8261	0.0
8262	0.0
8263	0.0
8264	0.0
8265	0.00392156862745098
8266	0.0
8267	0.0
8268	0.0
8269	0.0
8270	0.0
8271	0.00392156862745098
8272	0.0
8273	0.0
8274	0.00392156862745098
8275	0.00392156862745098
8276	0.0
8277	0.0
8278	0.0
8279	0.0
8280	0.011764705882352941
8281	0.0
8282	0.0
8283	0.00784313725490196
8284	0.00392156862745098
8285	0.00392156862745098
8286	0.00784313725490196
8287	0.00784313725490196
8288	0.00784313725490196
8289	0.011764705882352941
8290	0.01568627450980392
8291	0.01568627450980392
8292	0.01568627450980392
8293	0.00784313725490196
8294	0.011764705882352941
8295	0.011764705882352941
8296	0.00392156862745098
8297	0.01568627450980392
8298	0.01568627450980392
8299	0.00392156862745098
8300	0.01568627450980392
8301	0.00392156862745098
8302	0.00392156862745098
8303	0.00392156862745098
8304	0.0
8305	0.0
8306	0.0
8307	0.0
8308	0.0
8309	0.0
8310	0.0
8311	0.0
8312	0.0
8313	0.0
8314	0.0
8315	0.0
8316	0.0
8317	0.0
8318	0.0
8319	0.0
8320	0.00392156862745098
8321	0.0
8322	0.00392156862745098
8323	0.0
8324	0.0
8325	0.00392156862745098
8326	0.0
8327	0.0
8328	0.0
8329	0.0
8330	0.0
8331	0.0
8332	0.0
8333	0.00392156862745098
8334	0.00784313725490196
8335	0.00784313725490196
8336	0.00784313725490196
8337	0.011764705882352941
8338	0.00784313725490196
8339	0.00784313725490196
8340	0.00784313725490196
8341	0.00784313725490196
8342	0.00784313725490196
8343	0.00392156862745098
8344	0.00392156862745098
8345	0.00392156862745098
8346	0.0
8347	0.0
8348	0.0
8349	0.00784313725490196
8350	0.00392156862745098
8351	0.00392156862745098
8352	0.00784313725490196
8353	0.00392156862745098
8354	0.0
8355	0.00392156862745098
8356	0.00392156862745098
8357	0.0
8358	0.0
8359	0.0
8360	0.0
8361	0.0
8362	0.0
8363	0.0
8364	0.00392156862745098
8365	0.00392156862745098
8366	0.00392156862745098
8367	0.00392156862745098
8368	0.00392156862745098
8369	0.00392156862745098
8370	0.00392156862745098
8371	0.00392156862745098
8372	0.00392156862745098
8373	0.00392156862745098
8374	0.00392156862745098
8375	0.00392156862745098
8376	0.0
8377	0.0
8378	0.0
8379	0.00392156862745098
8380	0.00392156862745098
8381	0.00392156862745098
8382	0.00392156862745098
8383	0.00392156862745098
8384	0.00392156862745098
8385	0.0
8386	0.0
8387	0.0
8388	0.0
8389	0.0
8390	0.0
8391	0.0
8392	0.0
8393	0.0
8394	0.0
8395	0.0
8396	0.0
8397	0.0
8398	0.0
8399	0.0
8400	0.0
8401	0.0
8402	0.0
8403	0.0
8404	0.0
8405	0.0
8406	0.00392156862745098
8407	0.00392156862745098
8408	0.00392156862745098
8409	0.00392156862745098
8410	0.00392156862745098
8411	0.00392156862745098
8412	0.0
8413	0.0
8414	0.0
8415	0.0
8416	0.0
8417	0.0
8418	0.0
8419	0.0
8420	0.0
8421	0.0
8422	0.0
8423	0.0
8424	0.0
8425	0.0
8426	0.0
8427	0.0
8428	0.0
8429	0.0
8430	0.0
8431	0.0
8432	0.0
8433	0.011764705882352941
8434	0.00392156862745098
8435	0.00392156862745098
8436	0.00392156862745098
8437	0.00392156862745098
8438	0.0
8439	0.00784313725490196
8440	0.0
8441	0.00392156862745098
8442	0.00784313725490196
8443	0.00392156862745098
8444	0.011764705882352941
8445	0.011764705882352941
8446	0.011764705882352941
8447	0.01568627450980392
8448	0.0
8449	0.0
8450	0.0
8451	0.0
8452	0.0
8453	0.0
8454	0.00392156862745098
8455	0.00392156862745098
8456	0.00392156862745098
8457	0.011764705882352941
8458	0.011764705882352941
8459	0.011764705882352941
8460	0.00784313725490196
8461	0.011764705882352941
8462	0.011764705882352941
8463	0.0
8464	0.00392156862745098
8465	0.011764705882352941
8466	0.0
8467	0.0
8468	0.00784313725490196
8469	0.00392156862745098
8470	0.00392156862745098
8471	0.00392156862745098
8472	0.0
8473	0.0
8474	0.0
8475	0.0
8476	0.0
8477	0.0
8478	0.0
8479	0.0
8480	0.0
8481	0.0
8482	0.0
8483	0.0
8484	0.00392156862745098
8485	0.00392156862745098
8486	0.00392156862745098
8487	0.0
8488	0.0
8489	0.0
8490	0.0
8491	0.0
8492	0.0
8493	0.0
8494	0.0
8495	0.0
8496	0.00392156862745098
8497	0.00392156862745098
8498	0.00392156862745098
8499	0.00392156862745098
8500	0.00392156862745098
8501	0.00392156862745098
8502	0.0
8503	0.0
8504	0.0
8505	0.0
8506	0.0
8507	0.0
8508	0.0
8509	0.0
8510	0.0
8511	0.0
8512	0.0
8513	0.0
8514	0.0
8515	0.0
8516	0.0
8517	0.0
8518	0.0
8519	0.0
8520	0.00392156862745098
8521	0.00392156862745098
8522	0.00392156862745098
8523	0.00392156862745098
8524	0.00392156862745098
8525	0.00392156862745098
8526	0.0
8527	0.0
8528	0.0
8529	0.0
8530	0.0
8531	0.0
8532	0.0
8533	0.0
8534	0.0
8535	0.0
8536	0.0
8537	0.0
8538	0.0
8539	0.0
8540	0.0
8541	0.0
8542	0.0
8543	0.0
8544	0.00392156862745098
8545	0.00784313725490196
8546	0.011764705882352941
8547	0.00392156862745098
8548	0.00784313725490196
8549	0.023529411764705882
8550	0.01568627450980392
8551	0.00392156862745098
8552	0.00392156862745098
8553	0.011764705882352941
8554	0.00784313725490196
8555	0.00784313725490196
8556	0.01568627450980392
8557	0.00392156862745098
8558	0.00784313725490196
8559	0.011764705882352941
8560	0.00392156862745098
8561	0.0196078431372549
8562	0.00784313725490196
8563	0.00784313725490196
8564	0.011764705882352941
8565	0.0
8566	0.0
8567	0.00392156862745098
8568	0.00784313725490196
8569	0.011764705882352941
8570	0.00784313725490196
8571	0.011764705882352941
8572	0.011764705882352941
8573	0.00392156862745098
8574	0.01568627450980392
8575	0.00784313725490196
8576	0.0
8577	0.0
8578	0.00392156862745098
8579	0.00392156862745098
8580	0.00784313725490196
8581	0.00784313725490196
8582	0.00784313725490196
8583	0.011764705882352941
8584	0.00784313725490196
8585	0.00784313725490196
8586	0.00392156862745098
8587	0.00392156862745098
8588	0.00392156862745098
8589	0.0
8590	0.0
8591	0.0
8592	0.0
8593	0.0
8594	0.0
8595	0.0
8596	0.0
8597	0.0
8598	0.0
8599	0.0
8600	0.0
8601	0.0
8602	0.0
8603	0.0
8604	0.0
8605	0.0
8606	0.0
8607	0.011764705882352941
8608	0.011764705882352941
8609	0.0196078431372549
8610	0.0
8611	0.00392156862745098
8612	0.00784313725490196
8613	0.0
8614	0.0
8615	0.00392156862745098
8616	0.0
8617	0.0
8618	0.0
8619	0.00392156862745098
8620	0.00392156862745098
8621	0.00392156862745098
8622	0.00784313725490196
8623	0.00784313725490196
8624	0.00784313725490196
8625	0.0
8626	0.0
8627	0.0
8628	0.00784313725490196
8629	0.00784313725490196
8630	0.00784313725490196
8631	0.00392156862745098
8632	0.00392156862745098
8633	0.00392156862745098
8634	0.0
8635	0.0
8636	0.0
8637	0.0
8638	0.0
8639	0.0
8640	0.0
8641	0.0
8642	0.0
8643	0.0
8644	0.0
8645	0.0
8646	0.0
8647	0.0
8648	0.0
8649	0.011764705882352941
8650	0.00784313725490196
8651	0.00784313725490196
8652	0.011764705882352941
8653	0.00392156862745098
8654	0.00392156862745098
8655	0.00392156862745098
8656	0.00392156862745098
8657	0.0
8658	0.00784313725490196
8659	0.00392156862745098
8660	0.0
8661	0.0
8662	0.0
8663	0.0
8664	0.0
8665	0.0
8666	0.0
8667	0.00392156862745098
8668	0.00392156862745098
8669	0.0
8670	0.00392156862745098
8671	0.00392156862745098
8672	0.00392156862745098
8673	0.011764705882352941
8674	0.011764705882352941
8675	0.011764705882352941
8676	0.01568627450980392
8677	0.00784313725490196
8678	0.00784313725490196
8679	0.0196078431372549
8680	0.011764705882352941
8681	0.00784313725490196
8682	0.00392156862745098
8683	0.00392156862745098
8684	0.0
8685	0.0
8686	0.0
8687	0.0
8688	0.0
8689	0.0
8690	0.0
8691	0.00392156862745098
8692	0.00392156862745098
8693	0.00392156862745098
8694	0.00784313725490196
8695	0.00784313725490196
8696	0.00784313725490196
8697	0.00784313725490196
8698	0.00784313725490196
8699	0.00784313725490196
8700	0.00392156862745098
8701	0.00784313725490196
8702	0.00784313725490196
8703	0.0
8704	0.00392156862745098
8705	0.0
8706	0.0
8707	0.0
8708	0.0
8709	0.0
8710	0.0
8711	0.0
8712	0.0
8713	0.0
8714	0.0
8715	0.0
8716	0.0
8717	0.01568627450980392
8718	0.00784313725490196
8719	0.00392156862745098
8720	0.01568627450980392
8721	0.01568627450980392
8722	0.00392156862745098
8723	0.011764705882352941
8724	0.011764705882352941
8725	0.00784313725490196
8726	0.00784313725490196
8727	0.00784313725490196
8728	0.00784313725490196
8729	0.00392156862745098
8730	0.00392156862745098
8731	0.00392156862745098
8732	0.00392156862745098
8733	0.011764705882352941
8734	0.0
8735	0.0
8736	0.00392156862745098
8737	0.00392156862745098
8738	0.00392156862745098
8739	0.011764705882352941
8740	0.00392156862745098
8741	0.00392156862745098
8742	0.00392156862745098
8743	0.00392156862745098
8744	0.00392156862745098
8745	0.00392156862745098
8746	0.00392156862745098
8747	0.00392156862745098
8748	0.00784313725490196
8749	0.00784313725490196
8750	0.00784313725490196
8751	0.00784313725490196
8752	0.00784313725490196
8753	0.00784313725490196
8754	0.0
8755	0.0
8756	0.0
8757	0.00392156862745098
8758	0.00392156862745098
8759	0.00392156862745098
8760	0.0
8761	0.0
8762	0.0
8763	0.0
8764	0.0
8765	0.0
8766	0.00392156862745098
8767	0.00392156862745098
8768	0.00392156862745098
8769	0.00392156862745098
8770	0.00392156862745098
8771	0.00392156862745098
8772	0.0
8773	0.0
8774	0.0
8775	0.0
8776	0.0
8777	0.0
8778	0.0
8779	0.0
8780	0.0
8781	0.0
8782	0.0
8783	0.0
8784	0.0
8785	0.0
8786	0.0
8787	0.0
8788	0.0
8789	0.0
8790	0.0
8791	0.0
8792	0.0
8793	0.0
8794	0.0
8795	0.0
8796	0.0
8797	0.0
8798	0.0
8799	0.0
8800	0.0
8801	0.0
8802	0.00392156862745098
8803	0.00392156862745098
8804	0.00392156862745098
8805	0.0
8806	0.0
8807	0.0
8808	0.0
8809	0.0
8810	0.0
8811	0.0
8812	0.0
8813	0.0
8814	0.0
8815	0.0
8816	0.0
8817	0.0
8818	0.0
8819	0.011764705882352941
8820	0.0
8821	0.0
8822	0.011764705882352941
8823	0.00392156862745098
8824	0.0
8825	0.0
8826	0.011764705882352941
8827	0.0
8828	0.0196078431372549
8829	0.011764705882352941
8830	0.00392156862745098
8831	0.00392156862745098
8832	0.0
8833	0.0
8834	0.0
8835	0.0
8836	0.0
8837	0.0
8838	0.00392156862745098
8839	0.00392156862745098
8840	0.00392156862745098
8841	0.00784313725490196
8842	0.00784313725490196
8843	0.00784313725490196
8844	0.00392156862745098
8845	0.0
8846	0.00392156862745098
8847	0.011764705882352941
8848	0.011764705882352941
8849	0.00784313725490196
8850	0.00392156862745098
8851	0.00392156862745098
8852	0.00392156862745098
8853	0.00784313725490196
8854	0.00784313725490196
8855	0.00784313725490196
8856	0.00392156862745098
8857	0.00392156862745098
8858	0.00392156862745098
8859	0.0
8860	0.0
8861	0.0
8862	0.0
8863	0.0
8864	0.0
8865	0.00392156862745098
8866	0.00392156862745098
8867	0.00392156862745098
8868	0.00392156862745098
8869	0.00392156862745098
8870	0.00392156862745098
8871	0.0
8872	0.0
8873	0.0
8874	0.0
8875	0.0
8876	0.0
8877	0.0
8878	0.0
8879	0.0
8880	0.0
8881	0.0
8882	0.0
8883	0.00784313725490196
8884	0.00784313725490196
8885	0.00784313725490196
8886	0.0
8887	0.0
8888	0.0
8889	0.0
8890	0.0
8891	0.0
8892	0.0
8893	0.0
8894	0.0
8895	0.0
8896	0.0
8897	0.0
8898	0.0
8899	0.0
8900	0.0
8901	0.0
8902	0.0
8903	0.0
8904	0.00392156862745098
8905	0.00392156862745098
8906	0.00392156862745098
8907	0.0
8908	0.0
8909	0.0
8910	0.0
8911	0.0
8912	0.0
8913	0.0
8914	0.0
8915	0.0
8916	0.00392156862745098
8917	0.00392156862745098
8918	0.00392156862745098
8919	0.0
8920	0.0
8921	0.0
8922	0.00784313725490196
8923	0.00784313725490196
8924	0.00784313725490196
8925	0.00392156862745098
8926	0.0
8927	0.0
8928	0.00392156862745098
8929	0.0
8930	0.00392156862745098
8931	0.011764705882352941
8932	0.00392156862745098
8933	0.01568627450980392
8934	0.00784313725490196
8935	0.00784313725490196
8936	0.00784313725490196
8937	0.0196078431372549
8938	0.00784313725490196
8939	0.00392156862745098
8940	0.01568627450980392
8941	0.00784313725490196
8942	0.01568627450980392
8943	0.01568627450980392
8944	0.00392156862745098
8945	0.01568627450980392
8946	0.00392156862745098
8947	0.00392156862745098
8948	0.00784313725490196
8949	0.0
8950	0.0
8951	0.0
8952	0.0
8953	0.0
8954	0.0
8955	0.00392156862745098
8956	0.00392156862745098
8957	0.00392156862745098
8958	0.011764705882352941
8959	0.00392156862745098
8960	0.00392156862745098
8961	0.00392156862745098
8962	0.00392156862745098
8963	0.00392156862745098
8964	0.0
8965	0.00392156862745098
8966	0.00392156862745098
8967	0.00784313725490196
8968	0.00784313725490196
8969	0.00784313725490196
8970	0.00392156862745098
8971	0.00392156862745098
8972	0.00392156862745098
8973	0.0
8974	0.0
8975	0.0
8976	0.0
8977	0.0
8978	0.0
8979	0.0
8980	0.0
8981	0.0
8982	0.0
8983	0.0
8984	0.0
8985	0.0
8986	0.0
8987	0.0
8988	0.0
8989	0.0
8990	0.0
8991	0.00392156862745098
8992	0.00392156862745098
8993	0.00392156862745098
8994	0.0
8995	0.0
8996	0.00392156862745098
8997	0.0
8998	0.00392156862745098
8999	0.00392156862745098
9000	0.00392156862745098
9001	0.00392156862745098
9002	0.00784313725490196
9003	0.00392156862745098
9004	0.00392156862745098
9005	0.00392156862745098
9006	0.00392156862745098
9007	0.00392156862745098
9008	0.00392156862745098
9009	0.00392156862745098
9010	0.00392156862745098
9011	0.00392156862745098
9012	0.00784313725490196
9013	0.00784313725490196
9014	0.00784313725490196
9015	0.00392156862745098
9016	0.00392156862745098
9017	0.00392156862745098
9018	0.0
9019	0.0
9020	0.0
9021	0.0
9022	0.0
9023	0.0
9024	0.0
9025	0.0
9026	0.0
9027	0.0
9028	0.0
9029	0.0
9030	0.00392156862745098
9031	0.00392156862745098
9032	0.00392156862745098
9033	0.00784313725490196
9034	0.00392156862745098
9035	0.0
9036	0.00784313725490196
9037	0.00392156862745098
9038	0.00392156862745098
9039	0.011764705882352941
9040	0.0
9041	0.0
9042	0.0
9043	0.0
9044	0.0
9045	0.0
9046	0.0
9047	0.0
9048	0.0
9049	0.0
9050	0.0
9051	0.0
9052	0.0
9053	0.0
9054	0.00392156862745098
9055	0.00784313725490196
9056	0.00392156862745098
9057	0.00784313725490196
9058	0.00784313725490196
9059	0.00784313725490196
9060	0.00784313725490196
9061	0.00392156862745098
9062	0.0
9063	0.011764705882352941
9064	0.011764705882352941
9065	0.00784313725490196
9066	0.00392156862745098
9067	0.00784313725490196
9068	0.00784313725490196
9069	0.00784313725490196
9070	0.00784313725490196
9071	0.00784313725490196
9072	0.0
9073	0.0
9074	0.0
9075	0.0
9076	0.0
9077	0.0
9078	0.0
9079	0.0
9080	0.0
9081	0.00392156862745098
9082	0.00392156862745098
9083	0.00392156862745098
9084	0.00784313725490196
9085	0.00784313725490196
9086	0.00784313725490196
9087	0.00784313725490196
9088	0.0
9089	0.0
9090	0.00784313725490196
9091	0.00392156862745098
9092	0.00392156862745098
9093	0.0
9094	0.0
9095	0.0
9096	0.0
9097	0.0
9098	0.0
9099	0.0
9100	0.00392156862745098
9101	0.01568627450980392
9102	0.01568627450980392
9103	0.00784313725490196
9104	0.027450980392156862
9105	0.03137254901960784
9106	0.00392156862745098
9107	0.011764705882352941
9108	0.01568627450980392
9109	0.011764705882352941
9110	0.00784313725490196
9111	0.00784313725490196
9112	0.00784313725490196
9113	0.00392156862745098
9114	0.011764705882352941
9115	0.00784313725490196
9116	0.011764705882352941
9117	0.00784313725490196
9118	0.00392156862745098
9119	0.00392156862745098
9120	0.0
9121	0.0
9122	0.0
9123	0.00784313725490196
9124	0.00784313725490196
9125	0.00784313725490196
9126	0.00392156862745098
9127	0.00392156862745098
9128	0.00392156862745098
9129	0.00784313725490196
9130	0.00784313725490196
9131	0.00784313725490196
9132	0.00784313725490196
9133	0.00784313725490196
9134	0.00392156862745098
9135	0.00392156862745098
9136	0.00392156862745098
9137	0.00392156862745098
9138	0.0
9139	0.0
9140	0.0
9141	0.0
9142	0.0
9143	0.0
9144	0.0
9145	0.0
9146	0.0
9147	0.0
9148	0.0
9149	0.0
9150	0.00392156862745098
9151	0.00392156862745098
9152	0.00392156862745098
9153	0.0
9154	0.0
9155	0.0
9156	0.0
9157	0.0
9158	0.0
9159	0.0
9160	0.0
9161	0.0
9162	0.0
9163	0.0
9164	0.0
9165	0.0
9166	0.0
9167	0.0
9168	0.0
9169	0.0
9170	0.0
9171	0.0
9172	0.0
9173	0.0
9174	0.0
9175	0.0
9176	0.0
9177	0.0
9178	0.0
9179	0.0
9180	0.0
9181	0.0
9182	0.0
9183	0.0
9184	0.0
9185	0.0
9186	0.0
9187	0.0
9188	0.0
9189	0.0
9190	0.0
9191	0.0
9192	0.00392156862745098
9193	0.00392156862745098
9194	0.00392156862745098
9195	0.0
9196	0.0
9197	0.0
9198	0.0
9199	0.0
9200	0.0
9201	0.00392156862745098
9202	0.00392156862745098
9203	0.01568627450980392
9204	0.00392156862745098
9205	0.00392156862745098
9206	0.00784313725490196
9207	0.00784313725490196
9208	0.00784313725490196
9209	0.01568627450980392
9210	0.00784313725490196
9211	0.00784313725490196
9212	0.023529411764705882
9213	0.01568627450980392
9214	0.00784313725490196
9215	0.00784313725490196
9216	0.0
9217	0.0
9218	0.0
9219	0.0
9220	0.0
9221	0.0
9222	0.0
9223	0.0
9224	0.0
9225	0.00392156862745098
9226	0.00392156862745098
9227	0.00392156862745098
9228	0.011764705882352941
9229	0.00392156862745098
9230	0.027450980392156862
9231	0.00784313725490196
9232	0.00784313725490196
9233	0.0196078431372549
9234	0.00392156862745098
9235	0.0
9236	0.00392156862745098
9237	0.00784313725490196
9238	0.00784313725490196
9239	0.00784313725490196
9240	0.00784313725490196
9241	0.00784313725490196
9242	0.00784313725490196
9243	0.0
9244	0.0
9245	0.0
9246	0.0
9247	0.0
9248	0.0
9249	0.00392156862745098
9250	0.00392156862745098
9251	0.00392156862745098
9252	0.00392156862745098
9253	0.00392156862745098
9254	0.00392156862745098
9255	0.0
9256	0.0
9257	0.0
9258	0.0
9259	0.0
9260	0.0
9261	0.0
9262	0.0
9263	0.0
9264	0.0
9265	0.0
9266	0.0
9267	0.0
9268	0.0
9269	0.0
9270	0.0
9271	0.0
9272	0.0
9273	0.0
9274	0.0
9275	0.0
9276	0.0
9277	0.0
9278	0.0
9279	0.0
9280	0.0
9281	0.0
9282	0.0
9283	0.0
9284	0.0
9285	0.0
9286	0.0
9287	0.0
9288	0.0
9289	0.0
9290	0.0
9291	0.0
9292	0.0
9293	0.0
9294	0.0
9295	0.0
9296	0.0
9297	0.0
9298	0.0
9299	0.0
9300	0.00392156862745098
9301	0.00392156862745098
9302	0.00392156862745098
9303	0.0
9304	0.0
9305	0.0
9306	0.00392156862745098
9307	0.00784313725490196
9308	0.00784313725490196
9309	0.00392156862745098
9310	0.00392156862745098
9311	0.00784313725490196
9312	0.011764705882352941
9313	0.00392156862745098
9314	0.00392156862745098
9315	0.03137254901960784
9316	0.00392156862745098
9317	0.011764705882352941
9318	0.027450980392156862
9319	0.00784313725490196
9320	0.00784313725490196
9321	0.01568627450980392
9322	0.00784313725490196
9323	0.0
9324	0.011764705882352941
9325	0.00784313725490196
9326	0.011764705882352941
9327	0.00784313725490196
9328	0.00784313725490196
9329	0.00784313725490196
9330	0.00392156862745098
9331	0.00392156862745098
9332	0.00392156862745098
9333	0.0
9334	0.0
9335	0.0
9336	0.00392156862745098
9337	0.00392156862745098
9338	0.0
9339	0.023529411764705882
9340	0.011764705882352941
9341	0.0
9342	0.011764705882352941
9343	0.00392156862745098
9344	0.00392156862745098
9345	0.0
9346	0.0
9347	0.0
9348	0.0
9349	0.0
9350	0.0
9351	0.0
9352	0.0
9353	0.0
9354	0.0
9355	0.0
9356	0.0
9357	0.0
9358	0.0
9359	0.0
9360	0.0
9361	0.0
9362	0.0
9363	0.0
9364	0.0
9365	0.0
9366	0.00784313725490196
9367	0.00784313725490196
9368	0.00784313725490196
9369	0.00392156862745098
9370	0.00392156862745098
9371	0.00392156862745098
9372	0.0
9373	0.0
9374	0.0
9375	0.0
9376	0.0
9377	0.00392156862745098
9378	0.0
9379	0.0
9380	0.023529411764705882
9381	0.00784313725490196
9382	0.00784313725490196
9383	0.00784313725490196
9384	0.0
9385	0.0
9386	0.0
9387	0.00392156862745098
9388	0.00392156862745098
9389	0.0
9390	0.00392156862745098
9391	0.00392156862745098
9392	0.00392156862745098
9393	0.0
9394	0.00392156862745098
9395	0.0
9396	0.00392156862745098
9397	0.00392156862745098
9398	0.00392156862745098
9399	0.0
9400	0.0
9401	0.0
9402	0.00392156862745098
9403	0.00392156862745098
9404	0.00392156862745098
9405	0.0
9406	0.0
9407	0.0
9408	0.0
9409	0.0
9410	0.0
9411	0.0
9412	0.0
9413	0.0
9414	0.00392156862745098
9415	0.0
9416	0.00392156862745098
9417	0.00392156862745098
9418	0.0
9419	0.0
9420	0.00392156862745098
9421	0.0
9422	0.0
9423	0.011764705882352941
9424	0.0
9425	0.0
9426	0.00784313725490196
9427	0.00392156862745098
9428	0.00392156862745098
9429	0.0
9430	0.0
9431	0.0
9432	0.0
9433	0.0
9434	0.0
9435	0.0
9436	0.0
9437	0.0
9438	0.0
9439	0.0
9440	0.0
9441	0.0
9442	0.0
9443	0.0
9444	0.00392156862745098
9445	0.0
9446	0.0
9447	0.00392156862745098
9448	0.00392156862745098
9449	0.0
9450	0.011764705882352941
9451	0.00784313725490196
9452	0.0
9453	0.00392156862745098
9454	0.00392156862745098
9455	0.00392156862745098
9456	0.0
9457	0.0
9458	0.0
9459	0.0
9460	0.0
9461	0.0
9462	0.0
9463	0.0
9464	0.0
9465	0.0
9466	0.0
9467	0.0
9468	0.0
9469	0.0
9470	0.0
9471	0.01568627450980392
9472	0.0
9473	0.0
9474	0.01568627450980392
9475	0.0
9476	0.0
9477	0.0
9478	0.0
9479	0.0
9480	0.00392156862745098
9481	0.00392156862745098
9482	0.00392156862745098
9483	0.011764705882352941
9484	0.00784313725490196
9485	0.01568627450980392
9486	0.00784313725490196
9487	0.00392156862745098
9488	0.01568627450980392
9489	0.0196078431372549
9490	0.00784313725490196
9491	0.00784313725490196
9492	0.01568627450980392
9493	0.00784313725490196
9494	0.00784313725490196
9495	0.011764705882352941
9496	0.00392156862745098
9497	0.00784313725490196
9498	0.00392156862745098
9499	0.0
9500	0.00392156862745098
9501	0.00784313725490196
9502	0.00784313725490196
9503	0.0
9504	0.01568627450980392
9505	0.00784313725490196
9506	0.00392156862745098
9507	0.01568627450980392
9508	0.00392156862745098
9509	0.011764705882352941
9510	0.00784313725490196
9511	0.011764705882352941
9512	0.00784313725490196
9513	0.00784313725490196
9514	0.00784313725490196
9515	0.00784313725490196
9516	0.00784313725490196
9517	0.00784313725490196
9518	0.00784313725490196
9519	0.0
9520	0.0
9521	0.0
9522	0.0
9523	0.0
9524	0.0
9525	0.0
9526	0.0
9527	0.0
9528	0.0
9529	0.0
9530	0.0
9531	0.0
9532	0.0
9533	0.0
9534	0.0
9535	0.0
9536	0.0
9537	0.0
9538	0.0
9539	0.0
9540	0.0
9541	0.0
9542	0.0
9543	0.0
9544	0.0
9545	0.0
9546	0.0
9547	0.0
9548	0.0
9549	0.0
9550	0.0
9551	0.0
9552	0.00392156862745098
9553	0.00392156862745098
9554	0.00392156862745098
9555	0.0
9556	0.0
9557	0.0
9558	0.0
9559	0.0
9560	0.0
9561	0.0
9562	0.0
9563	0.0
9564	0.0
9565	0.0
9566	0.0
9567	0.0
9568	0.0
9569	0.0
9570	0.0
9571	0.0
9572	0.0
9573	0.0
9574	0.0
9575	0.0
9576	0.00392156862745098
9577	0.00392156862745098
9578	0.00392156862745098
9579	0.0
9580	0.0
9581	0.0
9582	0.0
9583	0.0
9584	0.0
9585	0.00392156862745098
9586	0.00392156862745098
9587	0.011764705882352941
9588	0.0
9589	0.00392156862745098
9590	0.011764705882352941
9591	0.011764705882352941
9592	0.00784313725490196
9593	0.0196078431372549
9594	0.011764705882352941
9595	0.00784313725490196
9596	0.023529411764705882
9597	0.011764705882352941
9598	0.00392156862745098
9599	0.0
9600	0.00392156862745098
9601	0.00392156862745098
9602	0.00392156862745098
9603	0.0
9604	0.0
9605	0.0
9606	0.0
9607	0.0
9608	0.0
9609	0.00392156862745098
9610	0.00392156862745098
9611	0.00392156862745098
9612	0.00784313725490196
9613	0.00784313725490196
9614	0.011764705882352941
9615	0.00784313725490196
9616	0.00784313725490196
9617	0.011764705882352941
9618	0.0
9619	0.00392156862745098
9620	0.00392156862745098
9621	0.00784313725490196
9622	0.0
9623	0.0
9624	0.00392156862745098
9625	0.00392156862745098
9626	0.00392156862745098
9627	0.0
9628	0.0
9629	0.0
9630	0.0
9631	0.0
9632	0.0
9633	0.00392156862745098
9634	0.00392156862745098
9635	0.00392156862745098
9636	0.00784313725490196
9637	0.00784313725490196
9638	0.00784313725490196
9639	0.0
9640	0.0
9641	0.0
9642	0.0
9643	0.0
9644	0.0
9645	0.0
9646	0.0
9647	0.0
9648	0.0
9649	0.0
9650	0.0
9651	0.0
9652	0.0
9653	0.0
9654	0.0
9655	0.0
9656	0.0
9657	0.0
9658	0.0
9659	0.0
9660	0.0
9661	0.0
9662	0.0
9663	0.0
9664	0.0
9665	0.0
9666	0.0
9667	0.0
9668	0.0
9669	0.0
9670	0.0
9671	0.0
9672	0.0
9673	0.0
9674	0.0
9675	0.0
9676	0.0
9677	0.0
9678	0.0
9679	0.0
9680	0.0
9681	0.0
9682	0.0
9683	0.0
9684	0.0
9685	0.0
9686	0.0
9687	0.00392156862745098
9688	0.00392156862745098
9689	0.00392156862745098
9690	0.00392156862745098
9691	0.00392156862745098
9692	0.00392156862745098
9693	0.00392156862745098
9694	0.0
9695	0.00392156862745098
9696	0.01568627450980392
9697	0.00784313725490196
9698	0.00392156862745098
9699	0.011764705882352941
9700	0.00784313725490196
9701	0.00784313725490196
9702	0.01568627450980392
9703	0.00392156862745098
9704	0.00784313725490196
9705	0.00784313725490196
9706	0.00392156862745098
9707	0.00784313725490196
9708	0.00784313725490196
9709	0.0
9710	0.00784313725490196
9711	0.00392156862745098
9712	0.00392156862745098
9713	0.00392156862745098
9714	0.00784313725490196
9715	0.00392156862745098
9716	0.023529411764705882
9717	0.00392156862745098
9718	0.00784313725490196
9719	0.00784313725490196
9720	0.00392156862745098
9721	0.00392156862745098
9722	0.00392156862745098
9723	0.00784313725490196
9724	0.00392156862745098
9725	0.00392156862745098
9726	0.00392156862745098
9727	0.00392156862745098
9728	0.0
9729	0.00392156862745098
9730	0.00392156862745098
9731	0.00392156862745098
9732	0.0
9733	0.0
9734	0.0
9735	0.0
9736	0.0
9737	0.0
9738	0.0
9739	0.0
9740	0.0
9741	0.0
9742	0.0
9743	0.0
9744	0.0
9745	0.0
9746	0.0
9747	0.0
9748	0.0
9749	0.0
9750	0.0
9751	0.0
9752	0.0
9753	0.0
9754	0.0
9755	0.0
9756	0.0
9757	0.0
9758	0.0
9759	0.0
9760	0.00392156862745098
9761	0.00784313725490196
9762	0.0
9763	0.00392156862745098
9764	0.00784313725490196
9765	0.0
9766	0.0
9767	0.00784313725490196
9768	0.00784313725490196
9769	0.00784313725490196
9770	0.00784313725490196
9771	0.011764705882352941
9772	0.00784313725490196
9773	0.00392156862745098
9774	0.011764705882352941
9775	0.00784313725490196
9776	0.0
9777	0.011764705882352941
9778	0.011764705882352941
9779	0.0
9780	0.0
9781	0.0
9782	0.0
9783	0.0
9784	0.0
9785	0.0
9786	0.00392156862745098
9787	0.00392156862745098
9788	0.00392156862745098
9789	0.00784313725490196
9790	0.00784313725490196
9791	0.00784313725490196
9792	0.0
9793	0.0
9794	0.0
9795	0.00392156862745098
9796	0.00392156862745098
9797	0.00392156862745098
9798	0.0
9799	0.0
9800	0.0
9801	0.011764705882352941
9802	0.0
9803	0.0
9804	0.00784313725490196
9805	0.0
9806	0.0
9807	0.0
9808	0.0
9809	0.0
9810	0.00392156862745098
9811	0.00392156862745098
9812	0.00392156862745098
9813	0.0
9814	0.0
9815	0.0
9816	0.0
9817	0.0
9818	0.0
9819	0.00392156862745098
9820	0.00392156862745098
9821	0.00392156862745098
9822	0.00784313725490196
9823	0.00392156862745098
9824	0.00784313725490196
9825	0.00784313725490196
9826	0.00784313725490196
9827	0.01568627450980392
9828	0.00392156862745098
9829	0.00392156862745098
9830	0.00784313725490196
9831	0.011764705882352941
9832	0.00784313725490196
9833	0.00784313725490196
9834	0.0196078431372549
9835	0.011764705882352941
9836	0.011764705882352941
9837	0.00392156862745098
9838	0.00392156862745098
9839	0.00392156862745098
9840	0.0
9841	0.0
9842	0.0
9843	0.0
9844	0.0
9845	0.0
9846	0.0
9847	0.0
9848	0.0
9849	0.0
9850	0.0
9851	0.0
9852	0.0
9853	0.0
9854	0.0
9855	0.00392156862745098
9856	0.00392156862745098
9857	0.0
9858	0.00392156862745098
9859	0.00784313725490196
9860	0.00392156862745098
9861	0.0
9862	0.0
9863	0.0
9864	0.0
9865	0.0
9866	0.0
9867	0.00392156862745098
9868	0.011764705882352941
9869	0.00784313725490196
9870	0.00392156862745098
9871	0.00784313725490196
9872	0.023529411764705882
9873	0.011764705882352941
9874	0.00784313725490196
9875	0.01568627450980392
9876	0.00784313725490196
9877	0.00784313725490196
9878	0.00784313725490196
9879	0.011764705882352941
9880	0.00784313725490196
9881	0.00784313725490196
9882	0.00784313725490196
9883	0.00784313725490196
9884	0.01568627450980392
9885	0.011764705882352941
9886	0.00784313725490196
9887	0.00784313725490196
9888	0.01568627450980392
9889	0.00784313725490196
9890	0.00784313725490196
9891	0.01568627450980392
9892	0.00784313725490196
9893	0.00784313725490196
9894	0.01568627450980392
9895	0.00784313725490196
9896	0.00392156862745098
9897	0.00784313725490196
9898	0.00784313725490196
9899	0.00784313725490196
9900	0.00784313725490196
9901	0.00784313725490196
9902	0.00784313725490196
9903	0.0
9904	0.0
9905	0.0
9906	0.0
9907	0.0
9908	0.0
9909	0.0
9910	0.0
9911	0.0
9912	0.0
9913	0.0
9914	0.0
9915	0.0
9916	0.0
9917	0.0
9918	0.0
9919	0.0
9920	0.0
9921	0.0
9922	0.0
9923	0.0
9924	0.0
9925	0.0
9926	0.0
9927	0.0
9928	0.0
9929	0.0
9930	0.0
9931	0.0
9932	0.0
9933	0.0
9934	0.0
9935	0.0
9936	0.0
9937	0.0
9938	0.0
9939	0.0
9940	0.0
9941	0.0
9942	0.0
9943	0.0
9944	0.0
9945	0.0
9946	0.0
9947	0.0
9948	0.0
9949	0.0
9950	0.0
9951	0.0
9952	0.0
9953	0.0
9954	0.0
9955	0.0
9956	0.0
9957	0.0
9958	0.0
9959	0.0
9960	0.00392156862745098
9961	0.00392156862745098
9962	0.00392156862745098
9963	0.00392156862745098
9964	0.00392156862745098
9965	0.00392156862745098
9966	0.0
9967	0.0
9968	0.0
9969	0.0
9970	0.00392156862745098
9971	0.0196078431372549
9972	0.0
9973	0.00784313725490196
9974	0.011764705882352941
9975	0.00784313725490196
9976	0.00784313725490196
9977	0.011764705882352941
9978	0.011764705882352941
9979	0.00392156862745098
9980	0.023529411764705882
9981	0.01568627450980392
9982	0.00784313725490196
9983	0.011764705882352941
9984	0.0
9985	0.0
9986	0.0
9987	0.0
9988	0.0
9989	0.0
9990	0.0
9991	0.0
9992	0.0
9993	0.0
9994	0.00392156862745098
9995	0.00392156862745098
9996	0.00392156862745098
9997	0.00392156862745098
9998	0.00392156862745098
9999	0.00392156862745098
10000	0.00392156862745098
10001	0.00392156862745098
10002	0.00392156862745098
10003	0.00392156862745098
10004	0.00392156862745098
10005	0.00784313725490196
10006	0.00784313725490196
10007	0.00784313725490196
10008	0.00784313725490196
10009	0.00784313725490196
10010	0.00784313725490196
10011	0.0
10012	0.0
10013	0.0
10014	0.0
10015	0.0
10016	0.0
10017	0.0
10018	0.0
10019	0.0
10020	0.0
10021	0.0
10022	0.0
10023	0.0
10024	0.0
10025	0.0
10026	0.0
10027	0.0
10028	0.0
10029	0.0
10030	0.0
10031	0.0
10032	0.0
10033	0.0
10034	0.0
10035	0.0
10036	0.0
10037	0.0
10038	0.0
10039	0.0
10040	0.0
10041	0.0
10042	0.0
10043	0.0
10044	0.0
10045	0.0
10046	0.0
10047	0.0
10048	0.0
10049	0.0
10050	0.0
10051	0.0
10052	0.0
10053	0.0
10054	0.0
10055	0.0
10056	0.0
10057	0.0
10058	0.0
10059	0.0
10060	0.0
10061	0.0
10062	0.0
10063	0.0
10064	0.0
10065	0.0
10066	0.0
10067	0.0
10068	0.0
10069	0.0
10070	0.0
10071	0.00392156862745098
10072	0.00392156862745098
10073	0.00392156862745098
10074	0.00784313725490196
10075	0.00392156862745098
10076	0.00784313725490196
10077	0.0
10078	0.0
10079	0.0
10080	0.00392156862745098
10081	0.0
10082	0.0
10083	0.011764705882352941
10084	0.00784313725490196
10085	0.00392156862745098
10086	0.00784313725490196
10087	0.00784313725490196
10088	0.011764705882352941
10089	0.0
10090	0.00784313725490196
10091	0.027450980392156862
10092	0.00784313725490196
10093	0.00392156862745098
10094	0.011764705882352941
10095	0.011764705882352941
10096	0.00784313725490196
10097	0.01568627450980392
10098	0.00392156862745098
10099	0.011764705882352941
10100	0.027450980392156862
10101	0.00784313725490196
10102	0.00392156862745098
10103	0.0196078431372549
10104	0.00784313725490196
10105	0.00392156862745098
10106	0.011764705882352941
10107	0.0
10108	0.0
10109	0.0
10110	0.0
10111	0.0
10112	0.0
10113	0.0
10114	0.0
10115	0.0
10116	0.0
10117	0.0
10118	0.0
10119	0.0
10120	0.0
10121	0.0
10122	0.0
10123	0.0
10124	0.0
10125	0.0
10126	0.0
10127	0.0
10128	0.0
10129	0.0
10130	0.0
10131	0.0
10132	0.0
10133	0.0
10134	0.0
10135	0.0
10136	0.0
10137	0.0
10138	0.0
10139	0.0
10140	0.0
10141	0.0
10142	0.0
10143	0.0
10144	0.0
10145	0.0
10146	0.0
10147	0.0
10148	0.0
10149	0.0
10150	0.0
10151	0.0
10152	0.00392156862745098
10153	0.00392156862745098
10154	0.00392156862745098
10155	0.00392156862745098
10156	0.00392156862745098
10157	0.00392156862745098
10158	0.00392156862745098
10159	0.0
10160	0.0
10161	0.0
10162	0.0
10163	0.0
10164	0.0
10165	0.0
10166	0.0
10167	0.0
10168	0.0
10169	0.0
10170	0.0
10171	0.0
10172	0.0
10173	0.0
10174	0.0
10175	0.0
10176	0.0
10177	0.0
10178	0.0
10179	0.0
10180	0.0
10181	0.0
10182	0.0
10183	0.00392156862745098
10184	0.00392156862745098
10185	0.01568627450980392
10186	0.00392156862745098
10187	0.0
10188	0.00784313725490196
10189	0.0
10190	0.0
10191	0.0
10192	0.0
10193	0.0
10194	0.0
10195	0.0
10196	0.0
10197	0.0
10198	0.0
10199	0.0
10200	0.0
10201	0.0
10202	0.0
10203	0.00392156862745098
10204	0.00392156862745098
10205	0.00392156862745098
10206	0.00392156862745098
10207	0.00392156862745098
10208	0.00784313725490196
10209	0.00784313725490196
10210	0.00784313725490196
10211	0.00784313725490196
10212	0.01568627450980392
10213	0.01568627450980392
10214	0.01568627450980392
10215	0.00784313725490196
10216	0.00784313725490196
10217	0.00784313725490196
10218	0.00784313725490196
10219	0.00784313725490196
10220	0.00784313725490196
10221	0.00784313725490196
10222	0.00784313725490196
10223	0.00784313725490196
10224	0.0
10225	0.0
10226	0.0
10227	0.0
10228	0.0
10229	0.0
10230	0.0
10231	0.0
10232	0.0
10233	0.0
10234	0.0
10235	0.0
10236	0.00392156862745098
10237	0.00392156862745098
10238	0.00392156862745098
10239	0.00784313725490196
10240	0.00784313725490196
10241	0.00784313725490196
10242	0.0
10243	0.0
10244	0.0
10245	0.0
10246	0.0
10247	0.0
10248	0.0
10249	0.0
10250	0.0
10251	0.0
10252	0.0
10253	0.00392156862745098
10254	0.00784313725490196
10255	0.00784313725490196
10256	0.011764705882352941
10257	0.011764705882352941
10258	0.011764705882352941
10259	0.011764705882352941
10260	0.00784313725490196
10261	0.00392156862745098
10262	0.00784313725490196
10263	0.01568627450980392
10264	0.01568627450980392
10265	0.01568627450980392
10266	0.00784313725490196
10267	0.00784313725490196
10268	0.01568627450980392
10269	0.00784313725490196
10270	0.00784313725490196
10271	0.00784313725490196
10272	0.00784313725490196
10273	0.00784313725490196
10274	0.00784313725490196
10275	0.00784313725490196
10276	0.00784313725490196
10277	0.00784313725490196
10278	0.011764705882352941
10279	0.00392156862745098
10280	0.0
10281	0.00392156862745098
10282	0.00784313725490196
10283	0.00784313725490196
10284	0.00784313725490196
10285	0.00784313725490196
10286	0.00784313725490196
10287	0.0
10288	0.0
10289	0.0
10290	0.0
10291	0.0
10292	0.0
10293	0.0
10294	0.0
10295	0.0
10296	0.00392156862745098
10297	0.00392156862745098
10298	0.00392156862745098
10299	0.0
10300	0.0
10301	0.0
10302	0.0
10303	0.0
10304	0.0
10305	0.0
10306	0.0
10307	0.0
10308	0.0
10309	0.0
10310	0.0
10311	0.0
10312	0.0
10313	0.0
10314	0.0
10315	0.0
10316	0.0
10317	0.0
10318	0.0
10319	0.0
10320	0.0
10321	0.0
10322	0.0
10323	0.0
10324	0.0
10325	0.0
10326	0.0
10327	0.0
10328	0.0
10329	0.0
10330	0.0
10331	0.0
10332	0.0
10333	0.0
10334	0.0
10335	0.0
10336	0.0
10337	0.0
10338	0.0
10339	0.0
10340	0.0
10341	0.0
10342	0.0
10343	0.0
10344	0.00392156862745098
10345	0.00392156862745098
10346	0.00392156862745098
10347	0.00784313725490196
10348	0.00784313725490196
10349	0.00784313725490196
10350	0.0
10351	0.0
10352	0.0
10353	0.0
10354	0.0
10355	0.00784313725490196
10356	0.00784313725490196
10357	0.00784313725490196
10358	0.027450980392156862
10359	0.0
10360	0.00784313725490196
10361	0.027450980392156862
10362	0.00784313725490196
10363	0.00392156862745098
10364	0.0196078431372549
10365	0.011764705882352941
10366	0.00784313725490196
10367	0.00784313725490196
10368	0.00392156862745098
10369	0.00392156862745098
10370	0.00392156862745098
10371	0.00392156862745098
10372	0.00392156862745098
10373	0.00392156862745098
10374	0.0
10375	0.0
10376	0.0
10377	0.00784313725490196
10378	0.00784313725490196
10379	0.00784313725490196
10380	0.00392156862745098
10381	0.00392156862745098
10382	0.00392156862745098
10383	0.00392156862745098
10384	0.00392156862745098
10385	0.00392156862745098
10386	0.0
10387	0.0
10388	0.0
10389	0.0
10390	0.0
10391	0.0
10392	0.0
10393	0.0
10394	0.0
10395	0.0
10396	0.0
10397	0.0
10398	0.0
10399	0.0
10400	0.0
10401	0.0
10402	0.0
10403	0.0
10404	0.0
10405	0.0
10406	0.0
10407	0.0
10408	0.0
10409	0.0
10410	0.0
10411	0.0
10412	0.0
10413	0.0
10414	0.0
10415	0.0
10416	0.0
10417	0.0
10418	0.0
10419	0.00392156862745098
10420	0.00392156862745098
10421	0.00392156862745098
10422	0.0
10423	0.0
10424	0.0
10425	0.0
10426	0.0
10427	0.0
10428	0.0
10429	0.0
10430	0.0
10431	0.00392156862745098
10432	0.00392156862745098
10433	0.00392156862745098
10434	0.00392156862745098
10435	0.00392156862745098
10436	0.00392156862745098
10437	0.0
10438	0.0
10439	0.0
10440	0.0
10441	0.0
10442	0.0
10443	0.0
10444	0.0
10445	0.0
10446	0.0
10447	0.0
10448	0.0
10449	0.0
10450	0.0
10451	0.0
10452	0.0
10453	0.0
10454	0.0
10455	0.00392156862745098
10456	0.00392156862745098
10457	0.00392156862745098
10458	0.01568627450980392
10459	0.011764705882352941
10460	0.01568627450980392
10461	0.00392156862745098
10462	0.00392156862745098
10463	0.00392156862745098
10464	0.00784313725490196
10465	0.00784313725490196
10466	0.00784313725490196
10467	0.011764705882352941
10468	0.00784313725490196
10469	0.00392156862745098
10470	0.0
10471	0.00784313725490196
10472	0.00784313725490196
10473	0.00392156862745098
10474	0.00392156862745098
10475	0.011764705882352941
10476	0.0196078431372549
10477	0.00392156862745098
10478	0.011764705882352941
10479	0.0196078431372549
10480	0.00392156862745098
10481	0.0196078431372549
10482	0.01568627450980392
10483	0.00784313725490196
10484	0.011764705882352941
10485	0.011764705882352941
10486	0.00784313725490196
10487	0.023529411764705882
10488	0.01568627450980392
10489	0.00784313725490196
10490	0.01568627450980392
10491	0.00784313725490196
10492	0.00784313725490196
10493	0.00784313725490196
10494	0.0
10495	0.0
10496	0.0
10497	0.0
10498	0.0
10499	0.0
10500	0.0
10501	0.0
10502	0.0
10503	0.0
10504	0.0
10505	0.0
10506	0.0
10507	0.0
10508	0.0
10509	0.0
10510	0.0
10511	0.0
10512	0.0
10513	0.0
10514	0.0
10515	0.0
10516	0.0
10517	0.0
10518	0.0
10519	0.0
10520	0.0
10521	0.0
10522	0.0
10523	0.0
10524	0.0
10525	0.0
10526	0.0
10527	0.0
10528	0.0
10529	0.0
10530	0.0
10531	0.0
10532	0.0
10533	0.0
10534	0.0
10535	0.0
10536	0.0
10537	0.0
10538	0.0
10539	0.00784313725490196
10540	0.00784313725490196
10541	0.00784313725490196
10542	0.00392156862745098
10543	0.00392156862745098
10544	0.00392156862745098
10545	0.0
10546	0.0
10547	0.0
10548	0.0
10549	0.0
10550	0.0
10551	0.0
10552	0.0
10553	0.0
10554	0.0
10555	0.0
10556	0.0
10557	0.0
10558	0.0
10559	0.0
10560	0.0
10561	0.0
10562	0.0
10563	0.0
10564	0.0
10565	0.0
10566	0.0
10567	0.0
10568	0.0
10569	0.00392156862745098
10570	0.0
10571	0.0
10572	0.0
10573	0.0
10574	0.0
10575	0.0
10576	0.0
10577	0.0
10578	0.0
10579	0.0
10580	0.0
10581	0.0
10582	0.0
10583	0.0
10584	0.0
10585	0.0
10586	0.0
10587	0.00784313725490196
10588	0.00784313725490196
10589	0.00784313725490196
10590	0.00392156862745098
10591	0.0
10592	0.0
10593	0.00392156862745098
10594	0.00392156862745098
10595	0.011764705882352941
10596	0.00392156862745098
10597	0.00392156862745098
10598	0.00392156862745098
10599	0.0
10600	0.0
10601	0.0
10602	0.00392156862745098
10603	0.00392156862745098
10604	0.00392156862745098
10605	0.00392156862745098
10606	0.00392156862745098
10607	0.00392156862745098
10608	0.0
10609	0.0
10610	0.0
10611	0.00392156862745098
10612	0.00392156862745098
10613	0.00392156862745098
10614	0.00392156862745098
10615	0.00392156862745098
10616	0.00392156862745098
10617	0.0
10618	0.0
10619	0.0
10620	0.0
10621	0.0
10622	0.0
10623	0.00392156862745098
10624	0.00392156862745098
10625	0.00392156862745098
10626	0.0
10627	0.0
10628	0.0
10629	0.0
10630	0.0
10631	0.0
10632	0.0
10633	0.0
10634	0.0
10635	0.0
10636	0.0
10637	0.00784313725490196
10638	0.0
10639	0.0
10640	0.011764705882352941
10641	0.00784313725490196
10642	0.00392156862745098
10643	0.00784313725490196
10644	0.00392156862745098
10645	0.00392156862745098
10646	0.00392156862745098
10647	0.00784313725490196
10648	0.00784313725490196
10649	0.011764705882352941
10650	0.00392156862745098
10651	0.011764705882352941
10652	0.027450980392156862
10653	0.00392156862745098
10654	0.011764705882352941
10655	0.0196078431372549
10656	0.00392156862745098
10657	0.00784313725490196
10658	0.00392156862745098
10659	0.00392156862745098
10660	0.0
10661	0.0
10662	0.011764705882352941
10663	0.00392156862745098
10664	0.0
10665	0.00784313725490196
10666	0.00392156862745098
10667	0.00784313725490196
10668	0.00392156862745098
10669	0.00392156862745098
10670	0.00784313725490196
10671	0.0
10672	0.0
10673	0.0
10674	0.0
10675	0.0
10676	0.0
10677	0.0
10678	0.0
10679	0.0
10680	0.0
10681	0.0
10682	0.0
10683	0.0
10684	0.0
10685	0.0
10686	0.0
10687	0.0
10688	0.0
10689	0.0
10690	0.0
10691	0.0
10692	0.0
10693	0.0
10694	0.0
10695	0.0
10696	0.0
10697	0.0
10698	0.0
10699	0.0
10700	0.0
10701	0.0
10702	0.0
10703	0.0
10704	0.0
10705	0.0
10706	0.0
10707	0.0
10708	0.0
10709	0.0
10710	0.0
10711	0.0
10712	0.0
10713	0.0
10714	0.0
10715	0.0
10716	0.0
10717	0.00392156862745098
10718	0.00392156862745098
10719	0.00392156862745098
10720	0.00392156862745098
10721	0.00392156862745098
10722	0.0
10723	0.0
10724	0.0
10725	0.00392156862745098
10726	0.0
10727	0.00392156862745098
10728	0.00392156862745098
10729	0.00392156862745098
10730	0.00392156862745098
10731	0.00784313725490196
10732	0.00784313725490196
10733	0.00784313725490196
10734	0.00392156862745098
10735	0.00392156862745098
10736	0.00392156862745098
10737	0.00392156862745098
10738	0.00392156862745098
10739	0.0196078431372549
10740	0.00784313725490196
10741	0.00784313725490196
10742	0.023529411764705882
10743	0.011764705882352941
10744	0.011764705882352941
10745	0.011764705882352941
10746	0.00784313725490196
10747	0.00784313725490196
10748	0.0196078431372549
10749	0.011764705882352941
10750	0.00392156862745098
10751	0.011764705882352941
10752	0.0
10753	0.0
10754	0.0
10755	0.0
10756	0.0
10757	0.0
10758	0.0
10759	0.00392156862745098
10760	0.00392156862745098
10761	0.00784313725490196
10762	0.00784313725490196
10763	0.00784313725490196
10764	0.00784313725490196
10765	0.00784313725490196
10766	0.00784313725490196
10767	0.00784313725490196
10768	0.00784313725490196
10769	0.00784313725490196
10770	0.00392156862745098
10771	0.00392156862745098
10772	0.00392156862745098
10773	0.0
10774	0.0
10775	0.0
10776	0.0
10777	0.0
10778	0.0
10779	0.0
10780	0.0
10781	0.0
10782	0.0
10783	0.0
10784	0.0
10785	0.0
10786	0.0
10787	0.0
10788	0.0
10789	0.0
10790	0.0
10791	0.0
10792	0.0
10793	0.0
10794	0.0
10795	0.0
10796	0.0
10797	0.0
10798	0.0
10799	0.0
10800	0.00392156862745098
10801	0.00392156862745098
10802	0.00392156862745098
10803	0.00784313725490196
10804	0.00784313725490196
10805	0.00784313725490196
10806	0.0
10807	0.0
10808	0.0
10809	0.0
10810	0.0
10811	0.0
10812	0.0
10813	0.0
10814	0.0
10815	0.0
10816	0.0
10817	0.0
10818	0.00392156862745098
10819	0.00392156862745098
10820	0.00392156862745098
10821	0.0
10822	0.0
10823	0.0
10824	0.0
10825	0.0
10826	0.0
10827	0.0
10828	0.0
10829	0.0
10830	0.0
10831	0.0
10832	0.0
10833	0.0
10834	0.0
10835	0.0
10836	0.0
10837	0.0
10838	0.0
10839	0.00392156862745098
10840	0.00392156862745098
10841	0.00392156862745098
10842	0.00392156862745098
10843	0.00392156862745098
10844	0.00392156862745098
10845	0.0
10846	0.0
10847	0.0
10848	0.00392156862745098
10849	0.00392156862745098
10850	0.00784313725490196
10851	0.00392156862745098
10852	0.00392156862745098
10853	0.0
10854	0.0
10855	0.00784313725490196
10856	0.011764705882352941
10857	0.00784313725490196
10858	0.00392156862745098
10859	0.01568627450980392
10860	0.00784313725490196
10861	0.00392156862745098
10862	0.023529411764705882
10863	0.01568627450980392
10864	0.00392156862745098
10865	0.023529411764705882
10866	0.01568627450980392
10867	0.00784313725490196
10868	0.0196078431372549
10869	0.011764705882352941
10870	0.0
10871	0.01568627450980392
10872	0.011764705882352941
10873	0.00392156862745098
10874	0.00784313725490196
10875	0.00392156862745098
10876	0.00392156862745098
10877	0.00784313725490196
10878	0.00392156862745098
10879	0.00392156862745098
10880	0.00392156862745098
10881	0.0
10882	0.0
10883	0.0
10884	0.0
10885	0.0
10886	0.0
10887	0.0
10888	0.0
10889	0.0
10890	0.0
10891	0.0
10892	0.0
10893	0.0
10894	0.0
10895	0.0
10896	0.0
10897	0.0
10898	0.0
10899	0.0
10900	0.0
10901	0.0
10902	0.0
10903	0.0
10904	0.0
10905	0.00392156862745098
10906	0.00392156862745098
10907	0.00392156862745098
10908	0.00392156862745098
10909	0.00392156862745098
10910	0.00392156862745098
10911	0.00392156862745098
10912	0.0
10913	0.0
10914	0.0
10915	0.0
10916	0.0
10917	0.0
10918	0.0
10919	0.0
10920	0.00392156862745098
10921	0.00784313725490196
10922	0.00784313725490196
10923	0.00392156862745098
10924	0.00784313725490196
10925	0.00784313725490196
10926	0.011764705882352941
10927	0.00784313725490196
10928	0.00392156862745098
10929	0.00784313725490196
10930	0.0
10931	0.0
10932	0.0
10933	0.0
10934	0.0
10935	0.0
10936	0.0
10937	0.0
10938	0.0
10939	0.0
10940	0.0
10941	0.0
10942	0.0
10943	0.0
10944	0.0
10945	0.0
10946	0.0
10947	0.0
10948	0.0
10949	0.0
10950	0.0
10951	0.0
10952	0.0
10953	0.00392156862745098
10954	0.0
10955	0.0
10956	0.0
10957	0.0
10958	0.0
10959	0.0
10960	0.0
10961	0.0
10962	0.0
10963	0.0
10964	0.0
10965	0.0
10966	0.0
10967	0.0
10968	0.0
10969	0.0
10970	0.0
10971	0.00784313725490196
10972	0.00784313725490196
10973	0.00784313725490196
10974	0.0
10975	0.0
10976	0.0
10977	0.00392156862745098
10978	0.00392156862745098
10979	0.00784313725490196
10980	0.0
10981	0.0
10982	0.0
10983	0.0
10984	0.0
10985	0.0
10986	0.0
10987	0.0
10988	0.0
10989	0.0
10990	0.0
10991	0.0
10992	0.0
10993	0.0
10994	0.0
10995	0.0
10996	0.0
10997	0.0
10998	0.00392156862745098
10999	0.00392156862745098
11000	0.00392156862745098
11001	0.0
11002	0.0
11003	0.0
11004	0.00392156862745098
11005	0.00392156862745098
11006	0.00392156862745098
11007	0.00392156862745098
11008	0.00392156862745098
11009	0.00392156862745098
11010	0.0
11011	0.0
11012	0.0
11013	0.0
11014	0.0
11015	0.0
11016	0.0
11017	0.0
11018	0.0
11019	0.0
11020	0.0
11021	0.00784313725490196
11022	0.0
11023	0.0
11024	0.01568627450980392
11025	0.00392156862745098
11026	0.00392156862745098
11027	0.00392156862745098
11028	0.0
11029	0.0
11030	0.0
11031	0.0
11032	0.0
11033	0.00392156862745098
11034	0.00784313725490196
11035	0.011764705882352941
11036	0.011764705882352941
11037	0.00784313725490196
11038	0.011764705882352941
11039	0.01568627450980392
11040	0.011764705882352941
11041	0.00784313725490196
11042	0.00784313725490196
11043	0.01568627450980392
11044	0.00784313725490196
11045	0.00392156862745098
11046	0.011764705882352941
11047	0.00392156862745098
11048	0.0
11049	0.027450980392156862
11050	0.00392156862745098
11051	0.011764705882352941
11052	0.00392156862745098
11053	0.00392156862745098
11054	0.00392156862745098
11055	0.0
11056	0.0
11057	0.00392156862745098
11058	0.0
11059	0.0
11060	0.0
11061	0.0
11062	0.0
11063	0.0
11064	0.0
11065	0.0
11066	0.0
11067	0.0
11068	0.0
11069	0.0
11070	0.0
11071	0.0
11072	0.0
11073	0.0
11074	0.00392156862745098
11075	0.00392156862745098
11076	0.0
11077	0.0
11078	0.00392156862745098
11079	0.0
11080	0.00392156862745098
11081	0.00392156862745098
11082	0.00392156862745098
11083	0.00392156862745098
11084	0.00392156862745098
11085	0.0
11086	0.00392156862745098
11087	0.0
11088	0.0
11089	0.00392156862745098
11090	0.0
11091	0.0
11092	0.0
11093	0.0
11094	0.0
11095	0.0
11096	0.0
11097	0.0
11098	0.0
11099	0.0
11100	0.0
11101	0.0
11102	0.0
11103	0.0
11104	0.0
11105	0.0
11106	0.0
11107	0.0
11108	0.0
11109	0.0
11110	0.0
11111	0.0
11112	0.00392156862745098
11113	0.00784313725490196
11114	0.00784313725490196
11115	0.011764705882352941
11116	0.011764705882352941
11117	0.011764705882352941
11118	0.0
11119	0.0
11120	0.00392156862745098
11121	0.0
11122	0.0
11123	0.01568627450980392
11124	0.00784313725490196
11125	0.00784313725490196
11126	0.01568627450980392
11127	0.01568627450980392
11128	0.00784313725490196
11129	0.011764705882352941
11130	0.011764705882352941
11131	0.00392156862745098
11132	0.0196078431372549
11133	0.0196078431372549
11134	0.00784313725490196
11135	0.01568627450980392
11136	0.0
11137	0.0
11138	0.0
11139	0.00392156862745098
11140	0.00392156862745098
11141	0.00392156862745098
11142	0.0
11143	0.00392156862745098
11144	0.00784313725490196
11145	0.00392156862745098
11146	0.00392156862745098
11147	0.011764705882352941
11148	0.011764705882352941
11149	0.00784313725490196
11150	0.011764705882352941
11151	0.00392156862745098
11152	0.00392156862745098
11153	0.00392156862745098
11154	0.00392156862745098
11155	0.00392156862745098
11156	0.00392156862745098
11157	0.00392156862745098
11158	0.00784313725490196
11159	0.00784313725490196
11160	0.0
11161	0.0
11162	0.0
11163	0.00392156862745098
11164	0.00392156862745098
11165	0.00392156862745098
11166	0.0
11167	0.0
11168	0.0
11169	0.0
11170	0.0
11171	0.0
11172	0.0
11173	0.0
11174	0.0
11175	0.0
11176	0.0
11177	0.0
11178	0.0
11179	0.0
11180	0.0
11181	0.0
11182	0.0
11183	0.0
11184	0.0
11185	0.0
11186	0.0
11187	0.0
11188	0.0
11189	0.0
11190	0.0
11191	0.0
11192	0.0
11193	0.00392156862745098
11194	0.00392156862745098
11195	0.00392156862745098
11196	0.0
11197	0.0
11198	0.0
11199	0.0
11200	0.0
11201	0.0
11202	0.0
11203	0.0
11204	0.0
11205	0.0
11206	0.0
11207	0.0
11208	0.0
11209	0.0
11210	0.0
11211	0.0
11212	0.0
11213	0.0
11214	0.0
11215	0.0
11216	0.0
11217	0.0
11218	0.0
11219	0.0
11220	0.0
11221	0.0
11222	0.0
11223	0.0
11224	0.0
11225	0.0
11226	0.0
11227	0.0
11228	0.0
11229	0.00392156862745098
11230	0.00392156862745098
11231	0.00392156862745098
11232	0.00392156862745098
11233	0.00392156862745098
11234	0.00392156862745098
11235	0.00392156862745098
11236	0.00392156862745098
11237	0.0
11238	0.01568627450980392
11239	0.00784313725490196
11240	0.00784313725490196
11241	0.0196078431372549
11242	0.00784313725490196
11243	0.00392156862745098
11244	0.00392156862745098
11245	0.00392156862745098
11246	0.00784313725490196
11247	0.0
11248	0.011764705882352941
11249	0.011764705882352941
11250	0.0
11251	0.0
11252	0.00392156862745098
11253	0.0
11254	0.0
11255	0.0
11256	0.00392156862745098
11257	0.0
11258	0.0
11259	0.00392156862745098
11260	0.0
11261	0.00784313725490196
11262	0.0
11263	0.0
11264	0.0
11265	0.0
11266	0.0
11267	0.0
11268	0.0
11269	0.0
11270	0.0
11271	0.0
11272	0.0
11273	0.0
11274	0.00392156862745098
11275	0.00392156862745098
11276	0.00392156862745098
11277	0.00784313725490196
11278	0.00784313725490196
11279	0.00784313725490196
11280	0.0
11281	0.0
11282	0.0
11283	0.0
11284	0.0
11285	0.0
11286	0.0
11287	0.0
11288	0.0
11289	0.00392156862745098
11290	0.00392156862745098
11291	0.00392156862745098
11292	0.011764705882352941
11293	0.011764705882352941
11294	0.011764705882352941
11295	0.00392156862745098
11296	0.00392156862745098
11297	0.00392156862745098
11298	0.0
11299	0.0
11300	0.0
11301	0.0
11302	0.0
11303	0.0
11304	0.00392156862745098
11305	0.00392156862745098
11306	0.00392156862745098
11307	0.0
11308	0.0
11309	0.0
11310	0.0
11311	0.0
11312	0.0
11313	0.00392156862745098
11314	0.0
11315	0.0
11316	0.00392156862745098
11317	0.00392156862745098
11318	0.00392156862745098
11319	0.00784313725490196
11320	0.00784313725490196
11321	0.00784313725490196
11322	0.00392156862745098
11323	0.00392156862745098
11324	0.00392156862745098
11325	0.0
11326	0.0
11327	0.0
11328	0.0
11329	0.0
11330	0.0
11331	0.0
11332	0.0
11333	0.0
11334	0.00784313725490196
11335	0.00784313725490196
11336	0.00784313725490196
11337	0.00784313725490196
11338	0.00784313725490196
11339	0.00784313725490196
11340	0.0
11341	0.0
11342	0.0
11343	0.00392156862745098
11344	0.00392156862745098
11345	0.00392156862745098
11346	0.0
11347	0.0
11348	0.0
11349	0.00392156862745098
11350	0.00392156862745098
11351	0.00392156862745098
11352	0.0
11353	0.0
11354	0.0
11355	0.0
11356	0.0
11357	0.0
11358	0.00392156862745098
11359	0.00392156862745098
11360	0.00392156862745098
11361	0.0
11362	0.0
11363	0.0
11364	0.0
11365	0.0
11366	0.0
11367	0.0
11368	0.0
11369	0.0
11370	0.00784313725490196
11371	0.00784313725490196
11372	0.00784313725490196
11373	0.00784313725490196
11374	0.00784313725490196
11375	0.00784313725490196
11376	0.0
11377	0.0
11378	0.0
11379	0.0
11380	0.0
11381	0.0
11382	0.00392156862745098
11383	0.00392156862745098
11384	0.00392156862745098
11385	0.0
11386	0.0
11387	0.0
11388	0.00392156862745098
11389	0.00392156862745098
11390	0.00392156862745098
11391	0.00392156862745098
11392	0.00392156862745098
11393	0.00392156862745098
11394	0.0
11395	0.0
11396	0.0
11397	0.0
11398	0.0
11399	0.0
11400	0.0
11401	0.0
11402	0.0
11403	0.0
11404	0.0
11405	0.0
11406	0.0
11407	0.0
11408	0.00392156862745098
11409	0.0
11410	0.0
11411	0.0
11412	0.0
11413	0.0
11414	0.0
11415	0.00392156862745098
11416	0.00784313725490196
11417	0.00784313725490196
11418	0.011764705882352941
11419	0.00784313725490196
11420	0.027450980392156862
11421	0.01568627450980392
11422	0.00392156862745098
11423	0.023529411764705882
11424	0.00784313725490196
11425	0.0
11426	0.0
11427	0.011764705882352941
11428	0.00392156862745098
11429	0.0
11430	0.01568627450980392
11431	0.011764705882352941
11432	0.0
11433	0.011764705882352941
11434	0.00784313725490196
11435	0.0
11436	0.00392156862745098
11437	0.00392156862745098
11438	0.00392156862745098
11439	0.01568627450980392
11440	0.00784313725490196
11441	0.011764705882352941
11442	0.00392156862745098
11443	0.00392156862745098
11444	0.0
11445	0.0
11446	0.0
11447	0.0
11448	0.0
11449	0.0
11450	0.0
11451	0.0
11452	0.0
11453	0.0
11454	0.0
11455	0.0
11456	0.0
11457	0.00784313725490196
11458	0.011764705882352941
11459	0.01568627450980392
11460	0.0
11461	0.00392156862745098
11462	0.0196078431372549
11463	0.00392156862745098
11464	0.00392156862745098
11465	0.0196078431372549
11466	0.00784313725490196
11467	0.00784313725490196
11468	0.00784313725490196
11469	0.011764705882352941
11470	0.00784313725490196
11471	0.0
11472	0.00392156862745098
11473	0.00784313725490196
11474	0.0
11475	0.0
11476	0.0
11477	0.0
11478	0.0
11479	0.0
11480	0.0
11481	0.0
11482	0.0
11483	0.0
11484	0.0
11485	0.0
11486	0.0
11487	0.0
11488	0.0
11489	0.0
11490	0.0
11491	0.0
11492	0.0
11493	0.0
11494	0.0
11495	0.0
11496	0.0
11497	0.0
11498	0.0
11499	0.00784313725490196
11500	0.00784313725490196
11501	0.00784313725490196
11502	0.0
11503	0.0
11504	0.0
11505	0.0
11506	0.0
11507	0.0
11508	0.0
11509	0.0
11510	0.0
11511	0.00392156862745098
11512	0.00392156862745098
11513	0.0
11514	0.00392156862745098
11515	0.00392156862745098
11516	0.0
11517	0.00784313725490196
11518	0.00784313725490196
11519	0.00392156862745098
11520	0.0
11521	0.0
11522	0.0
11523	0.0
11524	0.0
11525	0.0
11526	0.0
11527	0.0
11528	0.00392156862745098
11529	0.011764705882352941
11530	0.011764705882352941
11531	0.01568627450980392
11532	0.011764705882352941
11533	0.011764705882352941
11534	0.0196078431372549
11535	0.00784313725490196
11536	0.00784313725490196
11537	0.00784313725490196
11538	0.0
11539	0.0
11540	0.0
11541	0.00392156862745098
11542	0.00392156862745098
11543	0.00392156862745098
11544	0.0
11545	0.0
11546	0.0
11547	0.00392156862745098
11548	0.00392156862745098
11549	0.00392156862745098
11550	0.00392156862745098
11551	0.00392156862745098
11552	0.00392156862745098
11553	0.0
11554	0.0
11555	0.0
11556	0.0
11557	0.0
11558	0.0
11559	0.0
11560	0.0
11561	0.0
11562	0.0
11563	0.0
11564	0.0
11565	0.0
11566	0.0
11567	0.0
11568	0.00392156862745098
11569	0.00392156862745098
11570	0.00392156862745098
11571	0.0
11572	0.0
11573	0.0
11574	0.0
11575	0.0
11576	0.0
11577	0.0
11578	0.0
11579	0.0
11580	0.0
11581	0.0
11582	0.0
11583	0.0
11584	0.0
11585	0.0
11586	0.0
11587	0.0
11588	0.0
11589	0.0
11590	0.0
11591	0.0
11592	0.0
11593	0.0
11594	0.0
11595	0.0
11596	0.0
11597	0.0
11598	0.0
11599	0.0
11600	0.0
11601	0.0
11602	0.0
11603	0.0
11604	0.0
11605	0.0
11606	0.0
11607	0.0
11608	0.0
11609	0.0
11610	0.00392156862745098
11611	0.00392156862745098
11612	0.00392156862745098
11613	0.00392156862745098
11614	0.00392156862745098
11615	0.00392156862745098
11616	0.00784313725490196
11617	0.00784313725490196
11618	0.00784313725490196
11619	0.00392156862745098
11620	0.00392156862745098
11621	0.00392156862745098
11622	0.01568627450980392
11623	0.0
11624	0.00392156862745098
11625	0.00392156862745098
11626	0.00392156862745098
11627	0.0
11628	0.0
11629	0.0
11630	0.0
11631	0.00392156862745098
11632	0.00784313725490196
11633	0.00784313725490196
11634	0.0
11635	0.0
11636	0.0
11637	0.0
11638	0.0
11639	0.0
11640	0.00392156862745098
11641	0.00784313725490196
11642	0.00784313725490196
11643	0.00392156862745098
11644	0.00784313725490196
11645	0.0196078431372549
11646	0.00392156862745098
11647	0.00392156862745098
11648	0.00784313725490196
11649	0.00392156862745098
11650	0.00392156862745098
11651	0.00392156862745098
11652	0.00392156862745098
11653	0.00392156862745098
11654	0.00392156862745098
11655	0.0
11656	0.0
11657	0.0
11658	0.00784313725490196
11659	0.00784313725490196
11660	0.00784313725490196
11661	0.00392156862745098
11662	0.00392156862745098
11663	0.00392156862745098
11664	0.0
11665	0.0
11666	0.0
11667	0.0
11668	0.0
11669	0.0
11670	0.0
11671	0.0
11672	0.0
11673	0.00392156862745098
11674	0.00392156862745098
11675	0.00392156862745098
11676	0.0
11677	0.0
11678	0.0
11679	0.0
11680	0.0
11681	0.0
11682	0.00392156862745098
11683	0.00392156862745098
11684	0.00392156862745098
11685	0.0
11686	0.0
11687	0.0
11688	0.00392156862745098
11689	0.00392156862745098
11690	0.00392156862745098
11691	0.00392156862745098
11692	0.00392156862745098
11693	0.00392156862745098
11694	0.0
11695	0.0
11696	0.0
11697	0.0
11698	0.0
11699	0.0
11700	0.00392156862745098
11701	0.00392156862745098
11702	0.00392156862745098
11703	0.00392156862745098
11704	0.00392156862745098
11705	0.00392156862745098
11706	0.00392156862745098
11707	0.00392156862745098
11708	0.00392156862745098
11709	0.0
11710	0.0
11711	0.0
11712	0.00392156862745098
11713	0.00392156862745098
11714	0.00392156862745098
11715	0.0
11716	0.0
11717	0.0
11718	0.00392156862745098
11719	0.00392156862745098
11720	0.00392156862745098
11721	0.00392156862745098
11722	0.00392156862745098
11723	0.00392156862745098
11724	0.0
11725	0.0
11726	0.0
11727	0.00392156862745098
11728	0.00392156862745098
11729	0.00392156862745098
11730	0.0
11731	0.0
11732	0.0
11733	0.00784313725490196
11734	0.00784313725490196
11735	0.00784313725490196
11736	0.00392156862745098
11737	0.00392156862745098
11738	0.00392156862745098
11739	0.0
11740	0.0
11741	0.00392156862745098
11742	0.00392156862745098
11743	0.00392156862745098
11744	0.00784313725490196
11745	0.00392156862745098
11746	0.00392156862745098
11747	0.00392156862745098
11748	0.00392156862745098
11749	0.00392156862745098
11750	0.00392156862745098
11751	0.00392156862745098
11752	0.00392156862745098
11753	0.00392156862745098
11754	0.00392156862745098
11755	0.00392156862745098
11756	0.00392156862745098
11757	0.00784313725490196
11758	0.00784313725490196
11759	0.00784313725490196
11760	0.0
11761	0.0
11762	0.0
11763	0.00392156862745098
11764	0.00392156862745098
11765	0.00392156862745098
11766	0.00392156862745098
11767	0.00392156862745098
11768	0.00392156862745098
11769	0.0
11770	0.0
11771	0.0
11772	0.00392156862745098
11773	0.00392156862745098
11774	0.00392156862745098
11775	0.00392156862745098
11776	0.00392156862745098
11777	0.00392156862745098
11778	0.00392156862745098
11779	0.00392156862745098
11780	0.00392156862745098
11781	0.00392156862745098
11782	0.00392156862745098
11783	0.00392156862745098
11784	0.0
11785	0.0
11786	0.0
11787	0.0
11788	0.0
11789	0.0
11790	0.0
11791	0.0
11792	0.0
11793	0.0
11794	0.0
11795	0.0
11796	0.0
11797	0.0
11798	0.0
11799	0.0
11800	0.00392156862745098
11801	0.0
11802	0.00784313725490196
11803	0.00784313725490196
11804	0.00784313725490196
11805	0.011764705882352941
11806	0.00784313725490196
11807	0.01568627450980392
11808	0.00784313725490196
11809	0.00784313725490196
11810	0.00784313725490196
11811	0.00392156862745098
11812	0.00392156862745098
11813	0.00392156862745098
11814	0.00784313725490196
11815	0.00784313725490196
11816	0.00784313725490196
11817	0.011764705882352941
11818	0.00392156862745098
11819	0.00784313725490196
11820	0.00784313725490196
11821	0.00784313725490196
11822	0.00784313725490196
11823	0.0196078431372549
11824	0.00392156862745098
11825	0.00784313725490196
11826	0.00392156862745098
11827	0.0
11828	0.0
11829	0.0
11830	0.0
11831	0.0
11832	0.0
11833	0.0
11834	0.0
11835	0.0
11836	0.0
11837	0.0
11838	0.011764705882352941
11839	0.0
11840	0.00784313725490196
11841	0.011764705882352941
11842	0.00784313725490196
11843	0.01568627450980392
11844	0.00392156862745098
11845	0.00392156862745098
11846	0.01568627450980392
11847	0.00784313725490196
11848	0.00784313725490196
11849	0.023529411764705882
11850	0.00392156862745098
11851	0.00392156862745098
11852	0.00784313725490196
11853	0.00784313725490196
11854	0.0
11855	0.0
11856	0.0
11857	0.0
11858	0.0
11859	0.0
11860	0.0
11861	0.0
11862	0.0
11863	0.0
11864	0.0
11865	0.0
11866	0.0
11867	0.0
11868	0.0
11869	0.0
11870	0.0
11871	0.0
11872	0.0
11873	0.0
11874	0.0
11875	0.0
11876	0.0
11877	0.00392156862745098
11878	0.00392156862745098
11879	0.00392156862745098
11880	0.0
11881	0.0
11882	0.0
11883	0.00784313725490196
11884	0.00784313725490196
11885	0.00784313725490196
11886	0.00392156862745098
11887	0.00392156862745098
11888	0.00392156862745098
11889	0.0
11890	0.0
11891	0.0
11892	0.0
11893	0.0
11894	0.0
11895	0.00392156862745098
11896	0.00392156862745098
11897	0.0
11898	0.0
11899	0.0
11900	0.0
11901	0.00392156862745098
11902	0.00392156862745098
11903	0.0
11904	0.0
11905	0.0
11906	0.0
11907	0.0
11908	0.0
11909	0.0
11910	0.0
11911	0.0
11912	0.00784313725490196
11913	0.00784313725490196
11914	0.00784313725490196
11915	0.011764705882352941
11916	0.00784313725490196
11917	0.00784313725490196
11918	0.011764705882352941
11919	0.00784313725490196
11920	0.00784313725490196
11921	0.00784313725490196
11922	0.00392156862745098
11923	0.00392156862745098
11924	0.00392156862745098
11925	0.00392156862745098
11926	0.00392156862745098
11927	0.00392156862745098
11928	0.0
11929	0.0
11930	0.0
11931	0.0
11932	0.0
11933	0.0
11934	0.00392156862745098
11935	0.00392156862745098
11936	0.00392156862745098
11937	0.00392156862745098
11938	0.00392156862745098
11939	0.0
11940	0.0
11941	0.0
11942	0.0
11943	0.0
11944	0.0
11945	0.0
11946	0.0
11947	0.0
11948	0.0
11949	0.0
11950	0.0
11951	0.0
11952	0.00784313725490196
11953	0.00784313725490196
11954	0.00784313725490196
11955	0.0
11956	0.0
11957	0.0
11958	0.0
11959	0.0
11960	0.0
11961	0.0
11962	0.0
11963	0.0
11964	0.0
11965	0.0
11966	0.0
11967	0.00392156862745098
11968	0.00392156862745098
11969	0.00392156862745098
11970	0.0
11971	0.0
11972	0.0
11973	0.0
11974	0.0
11975	0.0
11976	0.0
11977	0.0
11978	0.0
11979	0.0
11980	0.0
11981	0.0
11982	0.0
11983	0.0
11984	0.0
11985	0.0
11986	0.0
11987	0.0
11988	0.0
11989	0.0
11990	0.0
11991	0.0
11992	0.0
11993	0.0
11994	0.00392156862745098
11995	0.00392156862745098
11996	0.00392156862745098
11997	0.00392156862745098
11998	0.00392156862745098
11999	0.00392156862745098
12000	0.0
12001	0.0
12002	0.0
12003	0.00392156862745098
12004	0.00392156862745098
12005	0.00392156862745098
12006	0.011764705882352941
12007	0.00392156862745098
12008	0.00392156862745098
12009	0.011764705882352941
12010	0.00392156862745098
12011	0.00392156862745098
12012	0.00392156862745098
12013	0.00392156862745098
12014	0.01568627450980392
12015	0.00784313725490196
12016	0.00784313725490196
12017	0.00784313725490196
12018	0.00392156862745098
12019	0.0
12020	0.00392156862745098
12021	0.0
12022	0.0
12023	0.0
12024	0.0
12025	0.00392156862745098
12026	0.00784313725490196
12027	0.0
12028	0.0
12029	0.011764705882352941
12030	0.00392156862745098
12031	0.00392156862745098
12032	0.00392156862745098
12033	0.00392156862745098
12034	0.00392156862745098
12035	0.00392156862745098
12036	0.00392156862745098
12037	0.00392156862745098
12038	0.00392156862745098
12039	0.00392156862745098
12040	0.00392156862745098
12041	0.00392156862745098
12042	0.00784313725490196
12043	0.00784313725490196
12044	0.00784313725490196
12045	0.00392156862745098
12046	0.00392156862745098
12047	0.00392156862745098
12048	0.00784313725490196
12049	0.00784313725490196
12050	0.00392156862745098
12051	0.00784313725490196
12052	0.00784313725490196
12053	0.00784313725490196
12054	0.0
12055	0.0
12056	0.0
12057	0.0
12058	0.0
12059	0.0
12060	0.00392156862745098
12061	0.0
12062	0.0
12063	0.00784313725490196
12064	0.00392156862745098
12065	0.00392156862745098
12066	0.00784313725490196
12067	0.00784313725490196
12068	0.00784313725490196
12069	0.0
12070	0.0
12071	0.0
12072	0.00784313725490196
12073	0.00784313725490196
12074	0.00784313725490196
12075	0.011764705882352941
12076	0.011764705882352941
12077	0.011764705882352941
12078	0.00392156862745098
12079	0.00392156862745098
12080	0.00392156862745098
12081	0.0
12082	0.0
12083	0.0
12084	0.0
12085	0.0
12086	0.0
12087	0.0
12088	0.0
12089	0.0
12090	0.0
12091	0.0
12092	0.0
12093	0.0
12094	0.0
12095	0.0
12096	0.00392156862745098
12097	0.00392156862745098
12098	0.00392156862745098
12099	0.0
12100	0.0
12101	0.0
12102	0.0
12103	0.0
12104	0.0
12105	0.00392156862745098
12106	0.00392156862745098
12107	0.00392156862745098
12108	0.00392156862745098
12109	0.00392156862745098
12110	0.00392156862745098
12111	0.00784313725490196
12112	0.00784313725490196
12113	0.00784313725490196
12114	0.0
12115	0.0
12116	0.0
12117	0.0
12118	0.0
12119	0.0
12120	0.0
12121	0.00784313725490196
12122	0.0196078431372549
12123	0.0
12124	0.00392156862745098
12125	0.00784313725490196
12126	0.00784313725490196
12127	0.00784313725490196
12128	0.011764705882352941
12129	0.00392156862745098
12130	0.00392156862745098
12131	0.00392156862745098
12132	0.00392156862745098
12133	0.00392156862745098
12134	0.00392156862745098
12135	0.0
12136	0.0
12137	0.0
12138	0.0
12139	0.0
12140	0.0
12141	0.0
12142	0.0
12143	0.0
12144	0.0
12145	0.0
12146	0.0
12147	0.0
12148	0.0
12149	0.0
12150	0.0
12151	0.0
12152	0.0
12153	0.00392156862745098
12154	0.00392156862745098
12155	0.00392156862745098
12156	0.00784313725490196
12157	0.00784313725490196
12158	0.00784313725490196
12159	0.0
12160	0.0
12161	0.0
12162	0.00392156862745098
12163	0.00392156862745098
12164	0.00392156862745098
12165	0.00784313725490196
12166	0.00784313725490196
12167	0.00784313725490196
12168	0.0
12169	0.0
12170	0.0
12171	0.0
12172	0.0
12173	0.0
12174	0.00392156862745098
12175	0.00392156862745098
12176	0.00392156862745098
12177	0.0
12178	0.0
12179	0.0
12180	0.0
12181	0.0
12182	0.0
12183	0.0
12184	0.0
12185	0.01568627450980392
12186	0.011764705882352941
12187	0.00392156862745098
12188	0.011764705882352941
12189	0.01568627450980392
12190	0.00392156862745098
12191	0.01568627450980392
12192	0.00784313725490196
12193	0.00392156862745098
12194	0.00392156862745098
12195	0.01568627450980392
12196	0.00784313725490196
12197	0.00784313725490196
12198	0.011764705882352941
12199	0.00784313725490196
12200	0.00392156862745098
12201	0.01568627450980392
12202	0.00784313725490196
12203	0.011764705882352941
12204	0.011764705882352941
12205	0.00784313725490196
12206	0.00784313725490196
12207	0.011764705882352941
12208	0.00392156862745098
12209	0.00784313725490196
12210	0.0
12211	0.0
12212	0.0
12213	0.0
12214	0.0
12215	0.0
12216	0.00392156862745098
12217	0.00392156862745098
12218	0.00392156862745098
12219	0.0
12220	0.0
12221	0.00392156862745098
12222	0.00784313725490196
12223	0.00784313725490196
12224	0.0196078431372549
12225	0.00784313725490196
12226	0.00784313725490196
12227	0.011764705882352941
12228	0.011764705882352941
12229	0.00392156862745098
12230	0.023529411764705882
12231	0.00392156862745098
12232	0.00784313725490196
12233	0.0196078431372549
12234	0.00784313725490196
12235	0.00784313725490196
12236	0.00784313725490196
12237	0.00784313725490196
12238	0.00784313725490196
12239	0.00392156862745098
12240	0.00392156862745098
12241	0.00392156862745098
12242	0.0
12243	0.0
12244	0.0
12245	0.0
12246	0.0
12247	0.0
12248	0.0
12249	0.0
12250	0.0
12251	0.0
12252	0.0
12253	0.0
12254	0.0
12255	0.0
12256	0.0
12257	0.0
12258	0.0
12259	0.0
12260	0.0
12261	0.00784313725490196
12262	0.00784313725490196
12263	0.00784313725490196
12264	0.00392156862745098
12265	0.00392156862745098
12266	0.00392156862745098
12267	0.00784313725490196
12268	0.00784313725490196
12269	0.00784313725490196
12270	0.00392156862745098
12271	0.00392156862745098
12272	0.00392156862745098
12273	0.0
12274	0.0
12275	0.0
12276	0.00392156862745098
12277	0.00784313725490196
12278	0.00784313725490196
12279	0.011764705882352941
12280	0.011764705882352941
12281	0.00784313725490196
12282	0.00784313725490196
12283	0.00392156862745098
12284	0.00392156862745098
12285	0.00784313725490196
12286	0.00784313725490196
12287	0.00392156862745098
12288	0.0
12289	0.00392156862745098
12290	0.00392156862745098
12291	0.00392156862745098
12292	0.011764705882352941
12293	0.00784313725490196
12294	0.00392156862745098
12295	0.00392156862745098
12296	0.00392156862745098
12297	0.00784313725490196
12298	0.011764705882352941
12299	0.01568627450980392
12300	0.00392156862745098
12301	0.00392156862745098
12302	0.011764705882352941
12303	0.00784313725490196
12304	0.00784313725490196
12305	0.00784313725490196
12306	0.00392156862745098
12307	0.011764705882352941
12308	0.01568627450980392
12309	0.00392156862745098
12310	0.00392156862745098
12311	0.00784313725490196
12312	0.00392156862745098
12313	0.00392156862745098
12314	0.01568627450980392
12315	0.00392156862745098
12316	0.00392156862745098
12317	0.00392156862745098
12318	0.0
12319	0.0
12320	0.0
12321	0.00784313725490196
12322	0.00784313725490196
12323	0.011764705882352941
12324	0.0
12325	0.0
12326	0.0
12327	0.0
12328	0.0
12329	0.0
12330	0.0
12331	0.0
12332	0.0
12333	0.00392156862745098
12334	0.00392156862745098
12335	0.00392156862745098
12336	0.00392156862745098
12337	0.00392156862745098
12338	0.00392156862745098
12339	0.0
12340	0.0
12341	0.0
12342	0.0
12343	0.0
12344	0.0
12345	0.0
12346	0.0
12347	0.0
12348	0.0
12349	0.0
12350	0.0
12351	0.00392156862745098
12352	0.00392156862745098
12353	0.00392156862745098
12354	0.0
12355	0.0
12356	0.0
12357	0.0
12358	0.0
12359	0.0
12360	0.0
12361	0.0
12362	0.0
12363	0.0
12364	0.0
12365	0.0
12366	0.0
12367	0.0
12368	0.0
12369	0.0
12370	0.0
12371	0.00392156862745098
12372	0.0
12373	0.0
12374	0.0
12375	0.0
12376	0.0
12377	0.0
12378	0.0
12379	0.0
12380	0.0
12381	0.00392156862745098
12382	0.00392156862745098
12383	0.00392156862745098
12384	0.00392156862745098
12385	0.00784313725490196
12386	0.0
12387	0.00784313725490196
12388	0.00392156862745098
12389	0.0
12390	0.011764705882352941
12391	0.00392156862745098
12392	0.00784313725490196
12393	0.011764705882352941
12394	0.0
12395	0.00392156862745098
12396	0.00392156862745098
12397	0.00392156862745098
12398	0.00784313725490196
12399	0.00784313725490196
12400	0.00784313725490196
12401	0.011764705882352941
12402	0.00392156862745098
12403	0.00392156862745098
12404	0.00392156862745098
12405	0.00784313725490196
12406	0.00784313725490196
12407	0.00784313725490196
12408	0.0
12409	0.00392156862745098
12410	0.01568627450980392
12411	0.0
12412	0.00392156862745098
12413	0.011764705882352941
12414	0.00392156862745098
12415	0.00392156862745098
12416	0.00392156862745098
12417	0.0
12418	0.00392156862745098
12419	0.00392156862745098
12420	0.00784313725490196
12421	0.00784313725490196
12422	0.00784313725490196
12423	0.0
12424	0.0
12425	0.0
12426	0.0
12427	0.0
12428	0.0
12429	0.00392156862745098
12430	0.00392156862745098
12431	0.00392156862745098
12432	0.00392156862745098
12433	0.00392156862745098
12434	0.00784313725490196
12435	0.00784313725490196
12436	0.00784313725490196
12437	0.011764705882352941
12438	0.00392156862745098
12439	0.00392156862745098
12440	0.0
12441	0.00392156862745098
12442	0.00392156862745098
12443	0.00392156862745098
12444	0.00784313725490196
12445	0.0
12446	0.00392156862745098
12447	0.00784313725490196
12448	0.00392156862745098
12449	0.00392156862745098
12450	0.00392156862745098
12451	0.00392156862745098
12452	0.00392156862745098
12453	0.00392156862745098
12454	0.00392156862745098
12455	0.00392156862745098
12456	0.00784313725490196
12457	0.00784313725490196
12458	0.00784313725490196
12459	0.00392156862745098
12460	0.00392156862745098
12461	0.00392156862745098
12462	0.0
12463	0.0
12464	0.0
12465	0.0
12466	0.0
12467	0.0
12468	0.00392156862745098
12469	0.00392156862745098
12470	0.00392156862745098
12471	0.00784313725490196
12472	0.00784313725490196
12473	0.00784313725490196
12474	0.0
12475	0.0
12476	0.0
12477	0.0
12478	0.0
12479	0.0
12480	0.00392156862745098
12481	0.00392156862745098
12482	0.00392156862745098
12483	0.0
12484	0.0
12485	0.0
12486	0.0
12487	0.0
12488	0.0
12489	0.00392156862745098
12490	0.00392156862745098
12491	0.00392156862745098
12492	0.0
12493	0.0
12494	0.0
12495	0.00392156862745098
12496	0.00392156862745098
12497	0.00392156862745098
12498	0.00392156862745098
12499	0.00392156862745098
12500	0.00392156862745098
12501	0.00392156862745098
12502	0.00392156862745098
12503	0.00392156862745098
12504	0.00392156862745098
12505	0.00784313725490196
12506	0.01568627450980392
12507	0.0
12508	0.00784313725490196
12509	0.011764705882352941
12510	0.00784313725490196
12511	0.00784313725490196
12512	0.011764705882352941
12513	0.00392156862745098
12514	0.00392156862745098
12515	0.00392156862745098
12516	0.00392156862745098
12517	0.00392156862745098
12518	0.00392156862745098
12519	0.00392156862745098
12520	0.00392156862745098
12521	0.00392156862745098
12522	0.00392156862745098
12523	0.00392156862745098
12524	0.00392156862745098
12525	0.00392156862745098
12526	0.00392156862745098
12527	0.00392156862745098
12528	0.0
12529	0.0
12530	0.0
12531	0.0
12532	0.0
12533	0.0
12534	0.0
12535	0.0
12536	0.0
12537	0.00784313725490196
12538	0.00784313725490196
12539	0.00784313725490196
12540	0.00392156862745098
12541	0.00392156862745098
12542	0.00392156862745098
12543	0.0
12544	0.0
12545	0.0
12546	0.0
12547	0.0
12548	0.0
12549	0.0
12550	0.0
12551	0.0
12552	0.0
12553	0.0
12554	0.0
12555	0.0
12556	0.0
12557	0.0
12558	0.0
12559	0.0
12560	0.0
12561	0.0
12562	0.0
12563	0.0
12564	0.0
12565	0.0
12566	0.0
12567	0.00392156862745098
12568	0.0
12569	0.0
12570	0.00784313725490196
12571	0.00784313725490196
12572	0.00784313725490196
12573	0.011764705882352941
12574	0.00392156862745098
12575	0.01568627450980392
12576	0.01568627450980392
12577	0.00784313725490196
12578	0.00392156862745098
12579	0.01568627450980392
12580	0.011764705882352941
12581	0.00392156862745098
12582	0.00784313725490196
12583	0.00392156862745098
12584	0.00784313725490196
12585	0.00784313725490196
12586	0.00784313725490196
12587	0.00784313725490196
12588	0.0196078431372549
12589	0.00784313725490196
12590	0.00784313725490196
12591	0.01568627450980392
12592	0.011764705882352941
12593	0.01568627450980392
12594	0.00784313725490196
12595	0.00392156862745098
12596	0.00392156862745098
12597	0.00392156862745098
12598	0.00392156862745098
12599	0.00392156862745098
12600	0.00784313725490196
12601	0.00784313725490196
12602	0.00784313725490196
12603	0.00784313725490196
12604	0.00784313725490196
12605	0.00784313725490196
12606	0.00784313725490196
12607	0.00784313725490196
12608	0.01568627450980392
12609	0.0196078431372549
12610	0.00392156862745098
12611	0.023529411764705882
12612	0.011764705882352941
12613	0.00392156862745098
12614	0.023529411764705882
12615	0.0196078431372549
12616	0.00784313725490196
12617	0.023529411764705882
12618	0.011764705882352941
12619	0.00392156862745098
12620	0.00784313725490196
12621	0.0
12622	0.0
12623	0.0
12624	0.0
12625	0.0
12626	0.0
12627	0.0
12628	0.0
12629	0.0
12630	0.0
12631	0.0
12632	0.0
12633	0.00392156862745098
12634	0.00392156862745098
12635	0.00392156862745098
12636	0.0
12637	0.0
12638	0.0
12639	0.0
12640	0.0
12641	0.0
12642	0.00392156862745098
12643	0.00392156862745098
12644	0.00392156862745098
12645	0.00392156862745098
12646	0.00392156862745098
12647	0.00392156862745098
12648	0.00392156862745098
12649	0.00392156862745098
12650	0.00392156862745098
12651	0.00392156862745098
12652	0.00392156862745098
12653	0.00392156862745098
12654	0.0
12655	0.0
12656	0.0
12657	0.0
12658	0.0
12659	0.0
12660	0.00392156862745098
12661	0.00392156862745098
12662	0.00392156862745098
12663	0.00784313725490196
12664	0.00784313725490196
12665	0.00784313725490196
12666	0.00392156862745098
12667	0.0
12668	0.0
12669	0.00784313725490196
12670	0.00392156862745098
12671	0.00392156862745098
12672	0.00392156862745098
12673	0.00392156862745098
12674	0.00784313725490196
12675	0.00784313725490196
12676	0.00784313725490196
12677	0.0196078431372549
12678	0.0
12679	0.00784313725490196
12680	0.01568627450980392
12681	0.00784313725490196
12682	0.00784313725490196
12683	0.0196078431372549
12684	0.01568627450980392
12685	0.011764705882352941
12686	0.01568627450980392
12687	0.00392156862745098
12688	0.00392156862745098
12689	0.00392156862745098
12690	0.0
12691	0.00392156862745098
12692	0.01568627450980392
12693	0.00392156862745098
12694	0.00784313725490196
12695	0.01568627450980392
12696	0.0
12697	0.00392156862745098
12698	0.00392156862745098
12699	0.0
12700	0.0
12701	0.0
12702	0.0
12703	0.00392156862745098
12704	0.00784313725490196
12705	0.00392156862745098
12706	0.00784313725490196
12707	0.01568627450980392
12708	0.0
12709	0.0
12710	0.0
12711	0.0
12712	0.0
12713	0.0
12714	0.0
12715	0.0
12716	0.0
12717	0.00392156862745098
12718	0.00392156862745098
12719	0.00392156862745098
12720	0.0
12721	0.0
12722	0.0
12723	0.0
12724	0.0
12725	0.0
12726	0.0
12727	0.0
12728	0.0
12729	0.0
12730	0.0
12731	0.0
12732	0.00392156862745098
12733	0.00392156862745098
12734	0.00392156862745098
12735	0.00392156862745098
12736	0.00392156862745098
12737	0.00392156862745098
12738	0.0
12739	0.0
12740	0.0
12741	0.0
12742	0.0
12743	0.0
12744	0.0
12745	0.0
12746	0.0
12747	0.0
12748	0.0
12749	0.0
12750	0.0
12751	0.0
12752	0.0
12753	0.0
12754	0.0
12755	0.00784313725490196
12756	0.0
12757	0.0
12758	0.00392156862745098
12759	0.0
12760	0.0
12761	0.00392156862745098
12762	0.0
12763	0.0
12764	0.0
12765	0.0
12766	0.0
12767	0.0
12768	0.0
12769	0.0
12770	0.0
12771	0.011764705882352941
12772	0.00392156862745098
12773	0.0
12774	0.00784313725490196
12775	0.00392156862745098
12776	0.00392156862745098
12777	0.00392156862745098
12778	0.00392156862745098
12779	0.0
12780	0.0
12781	0.0
12782	0.0
12783	0.011764705882352941
12784	0.00784313725490196
12785	0.00784313725490196
12786	0.00392156862745098
12787	0.00392156862745098
12788	0.00392156862745098
12789	0.00784313725490196
12790	0.00784313725490196
12791	0.00784313725490196
12792	0.00392156862745098
12793	0.00392156862745098
12794	0.00392156862745098
12795	0.00784313725490196
12796	0.00784313725490196
12797	0.00784313725490196
12798	0.00392156862745098
12799	0.00392156862745098
12800	0.00392156862745098
12801	0.00784313725490196
12802	0.00784313725490196
12803	0.00784313725490196
12804	0.00784313725490196
12805	0.00784313725490196
12806	0.00784313725490196
12807	0.0
12808	0.0
12809	0.0
12810	0.0
12811	0.0
12812	0.0
12813	0.0
12814	0.0
12815	0.0
12816	0.0
12817	0.0
12818	0.00392156862745098
12819	0.00784313725490196
12820	0.00784313725490196
12821	0.00784313725490196
12822	0.011764705882352941
12823	0.011764705882352941
12824	0.011764705882352941
12825	0.00784313725490196
12826	0.00784313725490196
12827	0.00784313725490196
12828	0.0
12829	0.0
12830	0.0
12831	0.00784313725490196
12832	0.00784313725490196
12833	0.00784313725490196
12834	0.00392156862745098
12835	0.00392156862745098
12836	0.00392156862745098
12837	0.00392156862745098
12838	0.00392156862745098
12839	0.00392156862745098
12840	0.00784313725490196
12841	0.00784313725490196
12842	0.00784313725490196
12843	0.00392156862745098
12844	0.00392156862745098
12845	0.00392156862745098
12846	0.0
12847	0.0
12848	0.0
12849	0.00392156862745098
12850	0.00392156862745098
12851	0.00392156862745098
12852	0.00784313725490196
12853	0.00784313725490196
12854	0.00784313725490196
12855	0.00784313725490196
12856	0.00784313725490196
12857	0.00784313725490196
12858	0.011764705882352941
12859	0.011764705882352941
12860	0.011764705882352941
12861	0.0
12862	0.0
12863	0.0
12864	0.0
12865	0.0
12866	0.0
12867	0.00392156862745098
12868	0.00392156862745098
12869	0.00392156862745098
12870	0.00784313725490196
12871	0.00784313725490196
12872	0.00784313725490196
12873	0.00392156862745098
12874	0.00392156862745098
12875	0.00392156862745098
12876	0.0
12877	0.0
12878	0.0
12879	0.00392156862745098
12880	0.00392156862745098
12881	0.00392156862745098
12882	0.00784313725490196
12883	0.00784313725490196
12884	0.00784313725490196
12885	0.011764705882352941
12886	0.011764705882352941
12887	0.011764705882352941
12888	0.01568627450980392
12889	0.01568627450980392
12890	0.011764705882352941
12891	0.00392156862745098
12892	0.00392156862745098
12893	0.00392156862745098
12894	0.011764705882352941
12895	0.00784313725490196
12896	0.00784313725490196
12897	0.00392156862745098
12898	0.00392156862745098
12899	0.00392156862745098
12900	0.0
12901	0.0
12902	0.0
12903	0.00392156862745098
12904	0.00392156862745098
12905	0.00392156862745098
12906	0.0
12907	0.0
12908	0.0
12909	0.00392156862745098
12910	0.00392156862745098
12911	0.00392156862745098
12912	0.0
12913	0.0
12914	0.0
12915	0.0
12916	0.0
12917	0.0
12918	0.0
12919	0.0
12920	0.0
12921	0.011764705882352941
12922	0.011764705882352941
12923	0.011764705882352941
12924	0.0
12925	0.0
12926	0.0
12927	0.0
12928	0.0
12929	0.0
12930	0.0
12931	0.0
12932	0.0
12933	0.0
12934	0.0
12935	0.0
12936	0.0
12937	0.0
12938	0.0
12939	0.0
12940	0.0
12941	0.0
12942	0.0
12943	0.0
12944	0.0
12945	0.0
12946	0.0
12947	0.0
12948	0.0
12949	0.0
12950	0.0
12951	0.00392156862745098
12952	0.0
12953	0.00392156862745098
12954	0.00784313725490196
12955	0.00784313725490196
12956	0.00784313725490196
12957	0.00784313725490196
12958	0.011764705882352941
12959	0.00392156862745098
12960	0.011764705882352941
12961	0.011764705882352941
12962	0.00784313725490196
12963	0.01568627450980392
12964	0.00784313725490196
12965	0.00784313725490196
12966	0.011764705882352941
12967	0.00784313725490196
12968	0.011764705882352941
12969	0.00784313725490196
12970	0.011764705882352941
12971	0.011764705882352941
12972	0.00784313725490196
12973	0.00392156862745098
12974	0.00784313725490196
12975	0.0196078431372549
12976	0.00784313725490196
12977	0.00784313725490196
12978	0.00784313725490196
12979	0.00784313725490196
12980	0.00784313725490196
12981	0.00784313725490196
12982	0.00784313725490196
12983	0.00784313725490196
12984	0.0
12985	0.0
12986	0.0
12987	0.00392156862745098
12988	0.00392156862745098
12989	0.00392156862745098
12990	0.00784313725490196
12991	0.00392156862745098
12992	0.00784313725490196
12993	0.023529411764705882
12994	0.0
12995	0.027450980392156862
12996	0.01568627450980392
12997	0.00392156862745098
12998	0.0196078431372549
12999	0.023529411764705882
13000	0.011764705882352941
13001	0.0196078431372549
13002	0.01568627450980392
13003	0.00784313725490196
13004	0.0196078431372549
13005	0.00392156862745098
13006	0.00392156862745098
13007	0.00392156862745098
13008	0.0
13009	0.0
13010	0.0
13011	0.0
13012	0.0
13013	0.0
13014	0.00392156862745098
13015	0.0
13016	0.00392156862745098
13017	0.00392156862745098
13018	0.00392156862745098
13019	0.00392156862745098
13020	0.0
13021	0.0
13022	0.0
13023	0.0
13024	0.0
13025	0.0
13026	0.00392156862745098
13027	0.00392156862745098
13028	0.00392156862745098
13029	0.0
13030	0.0
13031	0.0
13032	0.0
13033	0.0
13034	0.0
13035	0.0
13036	0.0
13037	0.0
13038	0.0
13039	0.0
13040	0.0
13041	0.0
13042	0.0
13043	0.0
13044	0.00392156862745098
13045	0.00392156862745098
13046	0.00392156862745098
13047	0.00392156862745098
13048	0.00392156862745098
13049	0.00392156862745098
13050	0.0
13051	0.0
13052	0.0
13053	0.0
13054	0.0
13055	0.0
13056	0.00392156862745098
13057	0.00392156862745098
13058	0.0
13059	0.0196078431372549
13060	0.00784313725490196
13061	0.011764705882352941
13062	0.00784313725490196
13063	0.0
13064	0.023529411764705882
13065	0.00392156862745098
13066	0.00392156862745098
13067	0.01568627450980392
13068	0.00784313725490196
13069	0.00784313725490196
13070	0.011764705882352941
13071	0.00784313725490196
13072	0.00784313725490196
13073	0.00784313725490196
13074	0.00392156862745098
13075	0.00784313725490196
13076	0.0196078431372549
13077	0.00392156862745098
13078	0.00392156862745098
13079	0.01568627450980392
13080	0.0
13081	0.00392156862745098
13082	0.0
13083	0.0
13084	0.0
13085	0.0
13086	0.0
13087	0.00784313725490196
13088	0.01568627450980392
13089	0.0
13090	0.00392156862745098
13091	0.011764705882352941
13092	0.0
13093	0.00392156862745098
13094	0.0
13095	0.0
13096	0.0
13097	0.0
13098	0.0
13099	0.0
13100	0.0
13101	0.0
13102	0.0
13103	0.0
13104	0.0
13105	0.0
13106	0.0
13107	0.0
13108	0.0
13109	0.0
13110	0.0
13111	0.0
13112	0.0
13113	0.0
13114	0.0
13115	0.0
13116	0.0
13117	0.0
13118	0.0
13119	0.00392156862745098
13120	0.00392156862745098
13121	0.00392156862745098
13122	0.0
13123	0.0
13124	0.0
13125	0.0
13126	0.0
13127	0.0
13128	0.0
13129	0.0
13130	0.0
13131	0.0
13132	0.0
13133	0.0
13134	0.0
13135	0.0
13136	0.0
13137	0.0
13138	0.0
13139	0.0
13140	0.00392156862745098
13141	0.00392156862745098
13142	0.00392156862745098
13143	0.00392156862745098
13144	0.00392156862745098
13145	0.00392156862745098
13146	0.0
13147	0.0
13148	0.0
13149	0.00392156862745098
13150	0.0
13151	0.0
13152	0.00392156862745098
13153	0.0
13154	0.0
13155	0.00392156862745098
13156	0.00392156862745098
13157	0.00392156862745098
13158	0.0196078431372549
13159	0.01568627450980392
13160	0.0
13161	0.0196078431372549
13162	0.011764705882352941
13163	0.0
13164	0.01568627450980392
13165	0.011764705882352941
13166	0.0
13167	0.023529411764705882
13168	0.0196078431372549
13169	0.00392156862745098
13170	0.01568627450980392
13171	0.00392156862745098
13172	0.00784313725490196
13173	0.00784313725490196
13174	0.00392156862745098
13175	0.0
13176	0.00392156862745098
13177	0.00392156862745098
13178	0.00392156862745098
13179	0.00392156862745098
13180	0.00392156862745098
13181	0.00392156862745098
13182	0.0
13183	0.0
13184	0.0
13185	0.0
13186	0.0
13187	0.0
13188	0.0
13189	0.0
13190	0.0
13191	0.0
13192	0.0
13193	0.0
13194	0.00392156862745098
13195	0.00392156862745098
13196	0.00392156862745098
13197	0.00392156862745098
13198	0.00392156862745098
13199	0.00392156862745098
13200	0.0
13201	0.00392156862745098
13202	0.00392156862745098
13203	0.00392156862745098
13204	0.00392156862745098
13205	0.01568627450980392
13206	0.00392156862745098
13207	0.00392156862745098
13208	0.00784313725490196
13209	0.00392156862745098
13210	0.00392156862745098
13211	0.00392156862745098
13212	0.00392156862745098
13213	0.00392156862745098
13214	0.00392156862745098
13215	0.00784313725490196
13216	0.00784313725490196
13217	0.00784313725490196
13218	0.00784313725490196
13219	0.00784313725490196
13220	0.00784313725490196
13221	0.0
13222	0.0
13223	0.0
13224	0.0
13225	0.0
13226	0.0
13227	0.0
13228	0.0
13229	0.0
13230	0.0
13231	0.0
13232	0.0
13233	0.00392156862745098
13234	0.00392156862745098
13235	0.00392156862745098
13236	0.00392156862745098
13237	0.00392156862745098
13238	0.00392156862745098
13239	0.00392156862745098
13240	0.00392156862745098
13241	0.00392156862745098
13242	0.00784313725490196
13243	0.00784313725490196
13244	0.00784313725490196
13245	0.00392156862745098
13246	0.00392156862745098
13247	0.00392156862745098
13248	0.0
13249	0.0
13250	0.0
13251	0.00392156862745098
13252	0.00392156862745098
13253	0.00392156862745098
13254	0.0
13255	0.0
13256	0.0
13257	0.0
13258	0.0
13259	0.0
13260	0.0
13261	0.0
13262	0.0
13263	0.0
13264	0.0
13265	0.0
13266	0.00392156862745098
13267	0.00392156862745098
13268	0.00392156862745098
13269	0.011764705882352941
13270	0.011764705882352941
13271	0.011764705882352941
13272	0.00392156862745098
13273	0.00392156862745098
13274	0.00392156862745098
13275	0.00392156862745098
13276	0.00392156862745098
13277	0.00392156862745098
13278	0.0
13279	0.0
13280	0.0
13281	0.0
13282	0.0
13283	0.0
13284	0.0
13285	0.0
13286	0.0
13287	0.00392156862745098
13288	0.00392156862745098
13289	0.00392156862745098
13290	0.0
13291	0.0
13292	0.0
13293	0.00392156862745098
13294	0.00392156862745098
13295	0.00392156862745098
13296	0.0
13297	0.0
13298	0.0
13299	0.0
13300	0.0
13301	0.0
13302	0.00392156862745098
13303	0.00392156862745098
13304	0.00392156862745098
13305	0.00784313725490196
13306	0.00784313725490196
13307	0.00784313725490196
13308	0.00392156862745098
13309	0.00392156862745098
13310	0.00392156862745098
13311	0.0
13312	0.0
13313	0.0
13314	0.0
13315	0.0
13316	0.0
13317	0.0
13318	0.0
13319	0.0
13320	0.00392156862745098
13321	0.00392156862745098
13322	0.00392156862745098
13323	0.0
13324	0.0
13325	0.0
13326	0.0
13327	0.0
13328	0.0
13329	0.0
13330	0.0
13331	0.0
13332	0.0
13333	0.0
13334	0.0
13335	0.0
13336	0.0
13337	0.0
13338	0.0
13339	0.0
13340	0.0
13341	0.00392156862745098
13342	0.00392156862745098
13343	0.0
13344	0.0196078431372549
13345	0.00784313725490196
13346	0.0
13347	0.011764705882352941
13348	0.00392156862745098
13349	0.0
13350	0.0
13351	0.0
13352	0.0
13353	0.00784313725490196
13354	0.00392156862745098
13355	0.00784313725490196
13356	0.01568627450980392
13357	0.011764705882352941
13358	0.00784313725490196
13359	0.00784313725490196
13360	0.00784313725490196
13361	0.00392156862745098
13362	0.0
13363	0.0
13364	0.0
13365	0.00392156862745098
13366	0.00392156862745098
13367	0.00392156862745098
13368	0.0
13369	0.0
13370	0.0
13371	0.0
13372	0.0
13373	0.0
13374	0.011764705882352941
13375	0.00392156862745098
13376	0.011764705882352941
13377	0.0196078431372549
13378	0.00784313725490196
13379	0.023529411764705882
13380	0.011764705882352941
13381	0.00784313725490196
13382	0.027450980392156862
13383	0.00784313725490196
13384	0.011764705882352941
13385	0.011764705882352941
13386	0.00392156862745098
13387	0.00784313725490196
13388	0.011764705882352941
13389	0.0
13390	0.0
13391	0.0
13392	0.0
13393	0.0
13394	0.0
13395	0.0
13396	0.0
13397	0.0
13398	0.0
13399	0.0
13400	0.0
13401	0.0
13402	0.0
13403	0.0
13404	0.0
13405	0.0
13406	0.0
13407	0.0
13408	0.0
13409	0.0
13410	0.00392156862745098
13411	0.00392156862745098
13412	0.00392156862745098
13413	0.00392156862745098
13414	0.00392156862745098
13415	0.00392156862745098
13416	0.00392156862745098
13417	0.00392156862745098
13418	0.00392156862745098
13419	0.0
13420	0.0
13421	0.0
13422	0.0
13423	0.0
13424	0.0
13425	0.0
13426	0.0
13427	0.0
13428	0.00784313725490196
13429	0.00784313725490196
13430	0.00784313725490196
13431	0.0
13432	0.0
13433	0.0
13434	0.0
13435	0.0
13436	0.0
13437	0.00392156862745098
13438	0.00392156862745098
13439	0.00392156862745098
13440	0.011764705882352941
13441	0.0
13442	0.00392156862745098
13443	0.011764705882352941
13444	0.00392156862745098
13445	0.01568627450980392
13446	0.011764705882352941
13447	0.00784313725490196
13448	0.027450980392156862
13449	0.00784313725490196
13450	0.00392156862745098
13451	0.01568627450980392
13452	0.00784313725490196
13453	0.00784313725490196
13454	0.00784313725490196
13455	0.011764705882352941
13456	0.00784313725490196
13457	0.00784313725490196
13458	0.00392156862745098
13459	0.011764705882352941
13460	0.0196078431372549
13461	0.0
13462	0.00392156862745098
13463	0.011764705882352941
13464	0.0
13465	0.0
13466	0.00784313725490196
13467	0.0
13468	0.0
13469	0.0
13470	0.0
13471	0.00392156862745098
13472	0.011764705882352941
13473	0.0
13474	0.00392156862745098
13475	0.00784313725490196
13476	0.0
13477	0.00784313725490196
13478	0.0
13479	0.0
13480	0.0
13481	0.0
13482	0.0
13483	0.0
13484	0.0
13485	0.0
13486	0.0
13487	0.0
13488	0.0
13489	0.0
13490	0.0
13491	0.0
13492	0.0
13493	0.0
13494	0.0
13495	0.0
13496	0.0
13497	0.0
13498	0.0
13499	0.0
13500	0.0
13501	0.0
13502	0.0
13503	0.0
13504	0.0
13505	0.0
13506	0.0
13507	0.0
13508	0.0
13509	0.0
13510	0.0
13511	0.0
13512	0.00392156862745098
13513	0.00392156862745098
13514	0.00392156862745098
13515	0.0
13516	0.0
13517	0.0
13518	0.0
13519	0.0
13520	0.0
13521	0.0
13522	0.0
13523	0.00784313725490196
13524	0.00392156862745098
13525	0.00392156862745098
13526	0.00784313725490196
13527	0.00392156862745098
13528	0.00392156862745098
13529	0.00784313725490196
13530	0.0
13531	0.0
13532	0.0
13533	0.0
13534	0.0
13535	0.0
13536	0.011764705882352941
13537	0.0
13538	0.0
13539	0.01568627450980392
13540	0.00392156862745098
13541	0.011764705882352941
13542	0.00392156862745098
13543	0.00392156862745098
13544	0.0
13545	0.00392156862745098
13546	0.00392156862745098
13547	0.0
13548	0.00784313725490196
13549	0.00784313725490196
13550	0.00392156862745098
13551	0.011764705882352941
13552	0.011764705882352941
13553	0.00392156862745098
13554	0.0196078431372549
13555	0.011764705882352941
13556	0.00784313725490196
13557	0.011764705882352941
13558	0.00784313725490196
13559	0.00392156862745098
13560	0.011764705882352941
13561	0.00392156862745098
13562	0.00392156862745098
13563	0.00392156862745098
13564	0.00392156862745098
13565	0.00392156862745098
13566	0.0
13567	0.0
13568	0.0
13569	0.0
13570	0.0
13571	0.0
13572	0.0
13573	0.0
13574	0.0
13575	0.0
13576	0.0
13577	0.0
13578	0.00392156862745098
13579	0.00392156862745098
13580	0.00392156862745098
13581	0.0
13582	0.0
13583	0.0
13584	0.0
13585	0.0
13586	0.0
13587	0.0
13588	0.0
13589	0.00784313725490196
13590	0.00392156862745098
13591	0.00392156862745098
13592	0.00392156862745098
13593	0.00784313725490196
13594	0.00784313725490196
13595	0.00784313725490196
13596	0.00392156862745098
13597	0.00392156862745098
13598	0.00392156862745098
13599	0.0
13600	0.0
13601	0.0
13602	0.0
13603	0.0
13604	0.0
13605	0.00392156862745098
13606	0.00392156862745098
13607	0.00392156862745098
13608	0.00392156862745098
13609	0.00392156862745098
13610	0.00392156862745098
13611	0.0
13612	0.0
13613	0.0
13614	0.00392156862745098
13615	0.00392156862745098
13616	0.00392156862745098
13617	0.00392156862745098
13618	0.00392156862745098
13619	0.00392156862745098
13620	0.00392156862745098
13621	0.00392156862745098
13622	0.00392156862745098
13623	0.00784313725490196
13624	0.00784313725490196
13625	0.00784313725490196
13626	0.00784313725490196
13627	0.00784313725490196
13628	0.00784313725490196
13629	0.00392156862745098
13630	0.00392156862745098
13631	0.00392156862745098
13632	0.00392156862745098
13633	0.00392156862745098
13634	0.00392156862745098
13635	0.00392156862745098
13636	0.00392156862745098
13637	0.00392156862745098
13638	0.00392156862745098
13639	0.00392156862745098
13640	0.00392156862745098
13641	0.00784313725490196
13642	0.00784313725490196
13643	0.00784313725490196
13644	0.0
13645	0.0
13646	0.0
13647	0.00784313725490196
13648	0.00784313725490196
13649	0.00784313725490196
13650	0.00392156862745098
13651	0.00392156862745098
13652	0.00392156862745098
13653	0.011764705882352941
13654	0.011764705882352941
13655	0.011764705882352941
13656	0.00392156862745098
13657	0.00392156862745098
13658	0.00392156862745098
13659	0.0
13660	0.0
13661	0.0
13662	0.0
13663	0.0
13664	0.0
13665	0.0
13666	0.0
13667	0.0
13668	0.0
13669	0.0
13670	0.0
13671	0.0
13672	0.0
13673	0.0
13674	0.0
13675	0.0
13676	0.0
13677	0.00784313725490196
13678	0.00784313725490196
13679	0.00784313725490196
13680	0.00784313725490196
13681	0.00784313725490196
13682	0.00784313725490196
13683	0.0
13684	0.0
13685	0.0
13686	0.00392156862745098
13687	0.00392156862745098
13688	0.00392156862745098
13689	0.00784313725490196
13690	0.00784313725490196
13691	0.00784313725490196
13692	0.011764705882352941
13693	0.011764705882352941
13694	0.011764705882352941
13695	0.0
13696	0.0
13697	0.0
13698	0.0
13699	0.0
13700	0.0
13701	0.00392156862745098
13702	0.00392156862745098
13703	0.00392156862745098
13704	0.00392156862745098
13705	0.00392156862745098
13706	0.00392156862745098
13707	0.0
13708	0.0
13709	0.0
13710	0.0
13711	0.0
13712	0.0
13713	0.0
13714	0.0
13715	0.0
13716	0.0
13717	0.0
13718	0.0
13719	0.0
13720	0.0
13721	0.0
13722	0.0
13723	0.0
13724	0.0
13725	0.0
13726	0.0
13727	0.0
13728	0.01568627450980392
13729	0.0
13730	0.0
13731	0.00392156862745098
13732	0.00392156862745098
13733	0.0
13734	0.0
13735	0.0
13736	0.0
13737	0.00392156862745098
13738	0.0
13739	0.0
13740	0.00392156862745098
13741	0.00392156862745098
13742	0.00392156862745098
13743	0.00784313725490196
13744	0.0
13745	0.0
13746	0.0
13747	0.0
13748	0.0
13749	0.00392156862745098
13750	0.00392156862745098
13751	0.00392156862745098
13752	0.0
13753	0.0
13754	0.0
13755	0.0
13756	0.0
13757	0.0
13758	0.011764705882352941
13759	0.011764705882352941
13760	0.00784313725490196
13761	0.00392156862745098
13762	0.00392156862745098
13763	0.00784313725490196
13764	0.00784313725490196
13765	0.00784313725490196
13766	0.011764705882352941
13767	0.00392156862745098
13768	0.00784313725490196
13769	0.00784313725490196
13770	0.0
13771	0.00784313725490196
13772	0.00784313725490196
13773	0.00784313725490196
13774	0.00784313725490196
13775	0.00784313725490196
13776	0.00392156862745098
13777	0.00392156862745098
13778	0.00392156862745098
13779	0.0
13780	0.0
13781	0.0
13782	0.0
13783	0.0
13784	0.0
13785	0.0
13786	0.0
13787	0.0
13788	0.0
13789	0.0
13790	0.0
13791	0.0
13792	0.0
13793	0.0
13794	0.00392156862745098
13795	0.00392156862745098
13796	0.00392156862745098
13797	0.00392156862745098
13798	0.00392156862745098
13799	0.00392156862745098
13800	0.00784313725490196
13801	0.011764705882352941
13802	0.00784313725490196
13803	0.0
13804	0.0
13805	0.0
13806	0.0
13807	0.0
13808	0.0
13809	0.0
13810	0.0
13811	0.0
13812	0.00392156862745098
13813	0.00392156862745098
13814	0.00392156862745098
13815	0.00392156862745098
13816	0.00392156862745098
13817	0.00392156862745098
13818	0.0
13819	0.0
13820	0.0
13821	0.0
13822	0.0
13823	0.0
13824	0.0196078431372549
13825	0.00392156862745098
13826	0.01568627450980392
13827	0.0196078431372549
13828	0.00784313725490196
13829	0.027450980392156862
13830	0.011764705882352941
13831	0.00784313725490196
13832	0.0196078431372549
13833	0.011764705882352941
13834	0.00392156862745098
13835	0.027450980392156862
13836	0.00392156862745098
13837	0.00392156862745098
13838	0.0196078431372549
13839	0.00784313725490196
13840	0.00392156862745098
13841	0.011764705882352941
13842	0.01568627450980392
13843	0.00784313725490196
13844	0.01568627450980392
13845	0.00784313725490196
13846	0.00392156862745098
13847	0.00784313725490196
13848	0.00784313725490196
13849	0.00784313725490196
13850	0.00392156862745098
13851	0.00392156862745098
13852	0.00392156862745098
13853	0.00392156862745098
13854	0.00784313725490196
13855	0.00392156862745098
13856	0.00784313725490196
13857	0.0
13858	0.0
13859	0.0
13860	0.0
13861	0.0
13862	0.0
13863	0.0
13864	0.0
13865	0.0
13866	0.0
13867	0.0
13868	0.0
13869	0.00392156862745098
13870	0.00392156862745098
13871	0.00392156862745098
13872	0.0
13873	0.0
13874	0.0
13875	0.0
13876	0.0
13877	0.0
13878	0.0
13879	0.0
13880	0.0
13881	0.0
13882	0.0
13883	0.0
13884	0.0
13885	0.0
13886	0.0
13887	0.0
13888	0.0
13889	0.0
13890	0.0
13891	0.0
13892	0.0
13893	0.0
13894	0.0
13895	0.0
13896	0.00392156862745098
13897	0.00392156862745098
13898	0.00392156862745098
13899	0.0
13900	0.0
13901	0.0
13902	0.0
13903	0.0
13904	0.0
13905	0.0
13906	0.0
13907	0.0
13908	0.0
13909	0.0
13910	0.0
13911	0.0
13912	0.0
13913	0.0
13914	0.0
13915	0.0
13916	0.0
13917	0.00392156862745098
13918	0.0
13919	0.0
13920	0.01568627450980392
13921	0.00392156862745098
13922	0.00784313725490196
13923	0.01568627450980392
13924	0.00784313725490196
13925	0.00784313725490196
13926	0.00784313725490196
13927	0.00392156862745098
13928	0.00392156862745098
13929	0.0
13930	0.0
13931	0.0
13932	0.0
13933	0.00784313725490196
13934	0.0196078431372549
13935	0.0
13936	0.00392156862745098
13937	0.0196078431372549
13938	0.00392156862745098
13939	0.00392156862745098
13940	0.00392156862745098
13941	0.00392156862745098
13942	0.00392156862745098
13943	0.0
13944	0.0
13945	0.0
13946	0.0
13947	0.00392156862745098
13948	0.00392156862745098
13949	0.00392156862745098
13950	0.0
13951	0.0
13952	0.0
13953	0.0
13954	0.0
13955	0.0
13956	0.0
13957	0.0
13958	0.0
13959	0.0
13960	0.0
13961	0.0
13962	0.0
13963	0.0
13964	0.0
13965	0.00392156862745098
13966	0.00392156862745098
13967	0.00392156862745098
13968	0.00392156862745098
13969	0.00392156862745098
13970	0.00392156862745098
13971	0.0
13972	0.0
13973	0.0
13974	0.0
13975	0.0
13976	0.0
13977	0.0
13978	0.0
13979	0.0
13980	0.0
13981	0.0
13982	0.0
13983	0.00392156862745098
13984	0.00392156862745098
13985	0.00392156862745098
13986	0.00392156862745098
13987	0.00392156862745098
13988	0.00392156862745098
13989	0.00392156862745098
13990	0.00392156862745098
13991	0.00392156862745098
13992	0.0
13993	0.0
13994	0.0
13995	0.0
13996	0.0
13997	0.0
13998	0.0
13999	0.0
14000	0.0
14001	0.0
14002	0.0
14003	0.0
14004	0.0
14005	0.0
14006	0.0
14007	0.0
14008	0.0
14009	0.0
14010	0.00392156862745098
14011	0.00392156862745098
14012	0.00392156862745098
14013	0.0
14014	0.0
14015	0.0
14016	0.0
14017	0.0
14018	0.0
14019	0.0
14020	0.0
14021	0.0
14022	0.0
14023	0.0
14024	0.0
14025	0.00392156862745098
14026	0.00392156862745098
14027	0.00392156862745098
14028	0.00392156862745098
14029	0.00392156862745098
14030	0.00392156862745098
14031	0.00784313725490196
14032	0.00784313725490196
14033	0.00784313725490196
14034	0.00392156862745098
14035	0.00392156862745098
14036	0.00392156862745098
14037	0.0
14038	0.0
14039	0.0
14040	0.00392156862745098
14041	0.00392156862745098
14042	0.00392156862745098
14043	0.0
14044	0.0
14045	0.0
14046	0.0
14047	0.0
14048	0.0
14049	0.0
14050	0.0
14051	0.0
14052	0.00392156862745098
14053	0.00392156862745098
14054	0.00392156862745098
14055	0.00392156862745098
14056	0.00392156862745098
14057	0.00392156862745098
14058	0.0
14059	0.0
14060	0.0
14061	0.00392156862745098
14062	0.00392156862745098
14063	0.00392156862745098
14064	0.0
14065	0.0
14066	0.0
14067	0.00392156862745098
14068	0.00392156862745098
14069	0.00392156862745098
14070	0.00392156862745098
14071	0.00392156862745098
14072	0.00392156862745098
14073	0.00784313725490196
14074	0.00784313725490196
14075	0.00784313725490196
14076	0.00784313725490196
14077	0.00784313725490196
14078	0.00784313725490196
14079	0.0
14080	0.0
14081	0.0
14082	0.0
14083	0.0
14084	0.0
14085	0.00392156862745098
14086	0.00392156862745098
14087	0.00392156862745098
14088	0.00392156862745098
14089	0.00392156862745098
14090	0.00392156862745098
14091	0.0
14092	0.0
14093	0.0
14094	0.0
14095	0.0
14096	0.0
14097	0.0
14098	0.0
14099	0.0
14100	0.0
14101	0.0
14102	0.0
14103	0.00392156862745098
14104	0.00392156862745098
14105	0.00392156862745098
14106	0.0
14107	0.0
14108	0.0
14109	0.0
14110	0.0
14111	0.0
14112	0.0
14113	0.0
14114	0.0
14115	0.0
14116	0.0
14117	0.0
14118	0.0
14119	0.0
14120	0.0
14121	0.00392156862745098
14122	0.0
14123	0.00392156862745098
14124	0.01568627450980392
14125	0.01568627450980392
14126	0.0196078431372549
14127	0.011764705882352941
14128	0.00784313725490196
14129	0.00784313725490196
14130	0.00392156862745098
14131	0.00392156862745098
14132	0.00392156862745098
14133	0.00784313725490196
14134	0.00392156862745098
14135	0.00784313725490196
14136	0.0
14137	0.0
14138	0.0
14139	0.00392156862745098
14140	0.00392156862745098
14141	0.00392156862745098
14142	0.00392156862745098
14143	0.00392156862745098
14144	0.00392156862745098
14145	0.0
14146	0.0
14147	0.0
14148	0.0
14149	0.0
14150	0.0
14151	0.00784313725490196
14152	0.00392156862745098
14153	0.0
14154	0.00392156862745098
14155	0.0
14156	0.0
14157	0.00784313725490196
14158	0.00784313725490196
14159	0.00784313725490196
14160	0.00392156862745098
14161	0.00392156862745098
14162	0.00392156862745098
14163	0.0
14164	0.0
14165	0.0
14166	0.0
14167	0.0
14168	0.0
14169	0.0
14170	0.0
14171	0.0
14172	0.00784313725490196
14173	0.00784313725490196
14174	0.00784313725490196
14175	0.0
14176	0.0
14177	0.0
14178	0.00392156862745098
14179	0.00392156862745098
14180	0.00392156862745098
14181	0.00392156862745098
14182	0.00392156862745098
14183	0.00392156862745098
14184	0.00784313725490196
14185	0.00784313725490196
14186	0.00784313725490196
14187	0.0
14188	0.0
14189	0.0
14190	0.0
14191	0.0
14192	0.0
14193	0.0
14194	0.0
14195	0.0
14196	0.00392156862745098
14197	0.00392156862745098
14198	0.00392156862745098
14199	0.0
14200	0.0
14201	0.0
14202	0.0
14203	0.0
14204	0.0
14205	0.0
14206	0.0
14207	0.0
14208	0.011764705882352941
14209	0.011764705882352941
14210	0.00784313725490196
14211	0.011764705882352941
14212	0.00784313725490196
14213	0.00392156862745098
14214	0.01568627450980392
14215	0.00392156862745098
14216	0.01568627450980392
14217	0.01568627450980392
14218	0.011764705882352941
14219	0.0196078431372549
14220	0.01568627450980392
14221	0.00392156862745098
14222	0.011764705882352941
14223	0.0
14224	0.00392156862745098
14225	0.00784313725490196
14226	0.011764705882352941
14227	0.00392156862745098
14228	0.00784313725490196
14229	0.00784313725490196
14230	0.00784313725490196
14231	0.00784313725490196
14232	0.01568627450980392
14233	0.011764705882352941
14234	0.00784313725490196
14235	0.01568627450980392
14236	0.00392156862745098
14237	0.00392156862745098
14238	0.01568627450980392
14239	0.00392156862745098
14240	0.0
14241	0.0
14242	0.0
14243	0.0
14244	0.0
14245	0.0
14246	0.0
14247	0.0
14248	0.0
14249	0.0
14250	0.0
14251	0.0
14252	0.0
14253	0.00392156862745098
14254	0.00392156862745098
14255	0.00392156862745098
14256	0.0
14257	0.0
14258	0.0
14259	0.0
14260	0.0
14261	0.0
14262	0.0
14263	0.0
14264	0.0
14265	0.0
14266	0.0
14267	0.0
14268	0.0
14269	0.0
14270	0.0
14271	0.0
14272	0.0
14273	0.0
14274	0.0
14275	0.0
14276	0.0
14277	0.0
14278	0.0
14279	0.0
14280	0.0
14281	0.0
14282	0.0
14283	0.0
14284	0.0
14285	0.0
14286	0.0
14287	0.0
14288	0.0
14289	0.0
14290	0.0
14291	0.0
14292	0.0
14293	0.0
14294	0.0
14295	0.0
14296	0.0
14297	0.0
14298	0.0
14299	0.0
14300	0.0
14301	0.0
14302	0.0
14303	0.0
14304	0.00392156862745098
14305	0.00392156862745098
14306	0.00392156862745098
14307	0.011764705882352941
14308	0.011764705882352941
14309	0.011764705882352941
14310	0.00784313725490196
14311	0.00392156862745098
14312	0.00392156862745098
14313	0.0
14314	0.0
14315	0.0
14316	0.00392156862745098
14317	0.00784313725490196
14318	0.01568627450980392
14319	0.0
14320	0.00784313725490196
14321	0.01568627450980392
14322	0.0
14323	0.00392156862745098
14324	0.00392156862745098
14325	0.0
14326	0.0
14327	0.0
14328	0.0
14329	0.0
14330	0.0
14331	0.0
14332	0.0
14333	0.0
14334	0.0
14335	0.0
14336	0.0
14337	0.00392156862745098
14338	0.00392156862745098
14339	0.00392156862745098
14340	0.00392156862745098
14341	0.00392156862745098
14342	0.00392156862745098
14343	0.0
14344	0.0
14345	0.0
14346	0.00392156862745098
14347	0.00392156862745098
14348	0.00392156862745098
14349	0.00784313725490196
14350	0.00784313725490196
14351	0.00784313725490196
14352	0.011764705882352941
14353	0.011764705882352941
14354	0.011764705882352941
14355	0.0
14356	0.0
14357	0.0
14358	0.0
14359	0.0
14360	0.0
14361	0.0
14362	0.0
14363	0.0
14364	0.0
14365	0.0
14366	0.0
14367	0.00392156862745098
14368	0.00392156862745098
14369	0.00392156862745098
14370	0.0
14371	0.0
14372	0.0
14373	0.00392156862745098
14374	0.00392156862745098
14375	0.00392156862745098
14376	0.0
14377	0.0
14378	0.0
14379	0.0
14380	0.0
14381	0.0
14382	0.0
14383	0.0
14384	0.0
14385	0.00392156862745098
14386	0.00392156862745098
14387	0.00392156862745098
14388	0.00392156862745098
14389	0.00392156862745098
14390	0.00392156862745098
14391	0.00784313725490196
14392	0.00784313725490196
14393	0.00784313725490196
14394	0.00784313725490196
14395	0.00784313725490196
14396	0.00784313725490196
14397	0.0
14398	0.0
14399	0.0
14400	0.0
14401	0.0
14402	0.0
14403	0.0
14404	0.0
14405	0.0
14406	0.0
14407	0.0
14408	0.0
14409	0.0
14410	0.0
14411	0.0
14412	0.0
14413	0.0
14414	0.0
14415	0.00392156862745098
14416	0.00392156862745098
14417	0.00392156862745098
14418	0.00392156862745098
14419	0.00392156862745098
14420	0.00392156862745098
14421	0.0
14422	0.0
14423	0.0
14424	0.0
14425	0.0
14426	0.0
14427	0.0
14428	0.0
14429	0.0
14430	0.0
14431	0.0
14432	0.0
14433	0.0
14434	0.0
14435	0.0
14436	0.00392156862745098
14437	0.00392156862745098
14438	0.00392156862745098
14439	0.00392156862745098
14440	0.00392156862745098
14441	0.00392156862745098
14442	0.00392156862745098
14443	0.00392156862745098
14444	0.00392156862745098
14445	0.00392156862745098
14446	0.00392156862745098
14447	0.00392156862745098
14448	0.00392156862745098
14449	0.00392156862745098
14450	0.00392156862745098
14451	0.00392156862745098
14452	0.00392156862745098
14453	0.00392156862745098
14454	0.0
14455	0.0
14456	0.0
14457	0.00392156862745098
14458	0.00392156862745098
14459	0.00392156862745098
14460	0.00392156862745098
14461	0.00392156862745098
14462	0.00392156862745098
14463	0.0
14464	0.0
14465	0.0
14466	0.0
14467	0.0
14468	0.0
14469	0.00392156862745098
14470	0.00392156862745098
14471	0.00392156862745098
14472	0.00392156862745098
14473	0.00392156862745098
14474	0.00392156862745098
14475	0.0
14476	0.0
14477	0.0
14478	0.0
14479	0.0
14480	0.0
14481	0.0
14482	0.0
14483	0.0
14484	0.0
14485	0.0
14486	0.0
14487	0.00392156862745098
14488	0.00392156862745098
14489	0.00392156862745098
14490	0.0
14491	0.0
14492	0.0
14493	0.0
14494	0.0
14495	0.0
14496	0.0
14497	0.0
14498	0.0
14499	0.0
14500	0.0
14501	0.0
14502	0.0
14503	0.0
14504	0.0
14505	0.00392156862745098
14506	0.00392156862745098
14507	0.00392156862745098
14508	0.00784313725490196
14509	0.00784313725490196
14510	0.00784313725490196
14511	0.00392156862745098
14512	0.00392156862745098
14513	0.00392156862745098
14514	0.00392156862745098
14515	0.00392156862745098
14516	0.00392156862745098
14517	0.00784313725490196
14518	0.00784313725490196
14519	0.00784313725490196
14520	0.0
14521	0.0
14522	0.0
14523	0.00392156862745098
14524	0.00392156862745098
14525	0.00392156862745098
14526	0.00392156862745098
14527	0.00784313725490196
14528	0.00784313725490196
14529	0.00392156862745098
14530	0.00392156862745098
14531	0.00392156862745098
14532	0.0
14533	0.0
14534	0.0
14535	0.0
14536	0.0
14537	0.0
14538	0.00392156862745098
14539	0.00392156862745098
14540	0.00392156862745098
14541	0.0
14542	0.0
14543	0.0
14544	0.00392156862745098
14545	0.00392156862745098
14546	0.00392156862745098
14547	0.0
14548	0.0
14549	0.0
14550	0.0
14551	0.0
14552	0.0
14553	0.0
14554	0.0
14555	0.0
14556	0.00392156862745098
14557	0.00392156862745098
14558	0.00392156862745098
14559	0.00784313725490196
14560	0.00784313725490196
14561	0.00784313725490196
14562	0.0
14563	0.0
14564	0.0
14565	0.00784313725490196
14566	0.00784313725490196
14567	0.00784313725490196
14568	0.00784313725490196
14569	0.00784313725490196
14570	0.00784313725490196
14571	0.0
14572	0.0
14573	0.0
14574	0.0
14575	0.0
14576	0.0
14577	0.0
14578	0.0
14579	0.0
14580	0.0
14581	0.0
14582	0.0
14583	0.0
14584	0.0
14585	0.0
14586	0.0
14587	0.0
14588	0.0
14589	0.00392156862745098
14590	0.00392156862745098
14591	0.00392156862745098
14592	0.01568627450980392
14593	0.011764705882352941
14594	0.00392156862745098
14595	0.01568627450980392
14596	0.00784313725490196
14597	0.011764705882352941
14598	0.00784313725490196
14599	0.00392156862745098
14600	0.00392156862745098
14601	0.011764705882352941
14602	0.00392156862745098
14603	0.0
14604	0.011764705882352941
14605	0.00784313725490196
14606	0.00392156862745098
14607	0.011764705882352941
14608	0.00392156862745098
14609	0.01568627450980392
14610	0.011764705882352941
14611	0.00392156862745098
14612	0.00392156862745098
14613	0.01568627450980392
14614	0.00784313725490196
14615	0.0
14616	0.00392156862745098
14617	0.00392156862745098
14618	0.0
14619	0.011764705882352941
14620	0.0
14621	0.0
14622	0.00392156862745098
14623	0.00392156862745098
14624	0.0
14625	0.0
14626	0.0
14627	0.0
14628	0.0
14629	0.0
14630	0.0
14631	0.0
14632	0.0
14633	0.0
14634	0.0
14635	0.0
14636	0.0
14637	0.0
14638	0.0
14639	0.0
14640	0.0
14641	0.0
14642	0.0
14643	0.0
14644	0.0
14645	0.0
14646	0.00392156862745098
14647	0.00392156862745098
14648	0.00392156862745098
14649	0.0
14650	0.0
14651	0.0
14652	0.0
14653	0.0
14654	0.0
14655	0.0
14656	0.0
14657	0.0
14658	0.0
14659	0.0
14660	0.0
14661	0.0
14662	0.0
14663	0.0
14664	0.0
14665	0.0
14666	0.0
14667	0.0
14668	0.0
14669	0.0
14670	0.0
14671	0.0
14672	0.0
14673	0.0
14674	0.0
14675	0.0
14676	0.0
14677	0.0
14678	0.0
14679	0.0
14680	0.0
14681	0.0
14682	0.0
14683	0.0
14684	0.0
14685	0.0
14686	0.0
14687	0.0
14688	0.0
14689	0.00392156862745098
14690	0.00392156862745098
14691	0.00784313725490196
14692	0.00784313725490196
14693	0.00784313725490196
14694	0.0
14695	0.0
14696	0.0
14697	0.0
14698	0.0
14699	0.0
14700	0.0
14701	0.0
14702	0.0
14703	0.0
14704	0.0
14705	0.0
14706	0.00392156862745098
14707	0.00392156862745098
14708	0.00392156862745098
14709	0.0
14710	0.0
14711	0.0
14712	0.0
14713	0.0
14714	0.0
14715	0.0
14716	0.0
14717	0.0
14718	0.00392156862745098
14719	0.00392156862745098
14720	0.00392156862745098
14721	0.00392156862745098
14722	0.00392156862745098
14723	0.00392156862745098
14724	0.0
14725	0.0
14726	0.0
14727	0.0
14728	0.0
14729	0.0
14730	0.00392156862745098
14731	0.00392156862745098
14732	0.00392156862745098
14733	0.00784313725490196
14734	0.00784313725490196
14735	0.00784313725490196
14736	0.00784313725490196
14737	0.00784313725490196
14738	0.00784313725490196
14739	0.00392156862745098
14740	0.00392156862745098
14741	0.00392156862745098
14742	0.00784313725490196
14743	0.00784313725490196
14744	0.00784313725490196
14745	0.011764705882352941
14746	0.011764705882352941
14747	0.011764705882352941
14748	0.0
14749	0.0
14750	0.0
14751	0.0
14752	0.0
14753	0.0
14754	0.0
14755	0.0
14756	0.0
14757	0.00392156862745098
14758	0.00392156862745098
14759	0.00392156862745098
14760	0.00392156862745098
14761	0.00392156862745098
14762	0.00392156862745098
14763	0.0
14764	0.0
14765	0.0
14766	0.0
14767	0.0
14768	0.0
14769	0.0
14770	0.0
14771	0.0
14772	0.0
14773	0.0
14774	0.0
14775	0.00392156862745098
14776	0.00392156862745098
14777	0.00392156862745098
14778	0.0
14779	0.0
14780	0.0
14781	0.0
14782	0.0
14783	0.0
14784	0.00392156862745098
14785	0.00392156862745098
14786	0.00392156862745098
14787	0.0
14788	0.0
14789	0.0
14790	0.0
14791	0.0
14792	0.0
14793	0.0
14794	0.0
14795	0.0
14796	0.00784313725490196
14797	0.00784313725490196
14798	0.00784313725490196
14799	0.00392156862745098
14800	0.00392156862745098
14801	0.00392156862745098
14802	0.0
14803	0.0
14804	0.0
14805	0.0
14806	0.0
14807	0.0
14808	0.0
14809	0.0
14810	0.0
14811	0.00392156862745098
14812	0.00392156862745098
14813	0.00392156862745098
14814	0.00784313725490196
14815	0.00784313725490196
14816	0.00784313725490196
14817	0.00392156862745098
14818	0.00392156862745098
14819	0.00392156862745098
14820	0.00392156862745098
14821	0.00392156862745098
14822	0.00392156862745098
14823	0.0
14824	0.0
14825	0.0
14826	0.0
14827	0.0
14828	0.0
14829	0.00392156862745098
14830	0.00392156862745098
14831	0.00392156862745098
14832	0.0
14833	0.0
14834	0.0
14835	0.0
14836	0.0
14837	0.0
14838	0.00392156862745098
14839	0.00392156862745098
14840	0.00392156862745098
14841	0.00784313725490196
14842	0.00784313725490196
14843	0.00784313725490196
14844	0.0
14845	0.0
14846	0.0
14847	0.0
14848	0.0
14849	0.0
14850	0.0
14851	0.0
14852	0.0
14853	0.00784313725490196
14854	0.00784313725490196
14855	0.00784313725490196
14856	0.0
14857	0.0
14858	0.0
14859	0.0
14860	0.0
14861	0.0
14862	0.0
14863	0.0
14864	0.0
14865	0.0
14866	0.0
14867	0.0
14868	0.0
14869	0.0
14870	0.0
14871	0.0
14872	0.0
14873	0.0
14874	0.0
14875	0.0
14876	0.0
14877	0.0
14878	0.0
14879	0.0
14880	0.0
14881	0.0
14882	0.0
14883	0.0
14884	0.0
14885	0.0
14886	0.0
14887	0.0
14888	0.0
14889	0.0
14890	0.0
14891	0.0
14892	0.0
14893	0.0
14894	0.0
14895	0.00392156862745098
14896	0.00392156862745098
14897	0.00392156862745098
14898	0.0
14899	0.0
14900	0.0
14901	0.00784313725490196
14902	0.00392156862745098
14903	0.00784313725490196
14904	0.0
14905	0.0
14906	0.0
14907	0.0
14908	0.0
14909	0.0
14910	0.00784313725490196
14911	0.00784313725490196
14912	0.00784313725490196
14913	0.00784313725490196
14914	0.00784313725490196
14915	0.00784313725490196
14916	0.0
14917	0.0
14918	0.0
14919	0.0
14920	0.0
14921	0.0
14922	0.0
14923	0.0
14924	0.0
14925	0.00392156862745098
14926	0.00392156862745098
14927	0.00392156862745098
14928	0.00784313725490196
14929	0.00784313725490196
14930	0.00784313725490196
14931	0.00392156862745098
14932	0.00392156862745098
14933	0.00392156862745098
14934	0.0
14935	0.0
14936	0.0
14937	0.0
14938	0.0
14939	0.0
14940	0.0
14941	0.0
14942	0.0
14943	0.0
14944	0.0
14945	0.0
14946	0.0
14947	0.0
14948	0.0
14949	0.0
14950	0.0
14951	0.0
14952	0.0
14953	0.0
14954	0.0
14955	0.0
14956	0.0
14957	0.0
14958	0.00392156862745098
14959	0.00392156862745098
14960	0.00392156862745098
14961	0.00392156862745098
14962	0.00392156862745098
14963	0.00392156862745098
14964	0.00392156862745098
14965	0.00392156862745098
14966	0.00392156862745098
14967	0.0
14968	0.0
14969	0.0
14970	0.00392156862745098
14971	0.00392156862745098
14972	0.00392156862745098
14973	0.00392156862745098
14974	0.00392156862745098
14975	0.00392156862745098
14976	0.0
14977	0.00392156862745098
14978	0.01568627450980392
14979	0.00784313725490196
14980	0.00392156862745098
14981	0.00784313725490196
14982	0.00392156862745098
14983	0.00392156862745098
14984	0.0
14985	0.00784313725490196
14986	0.00392156862745098
14987	0.00392156862745098
14988	0.00784313725490196
14989	0.00392156862745098
14990	0.01568627450980392
14991	0.011764705882352941
14992	0.00392156862745098
14993	0.023529411764705882
14994	0.011764705882352941
14995	0.011764705882352941
14996	0.011764705882352941
14997	0.011764705882352941
14998	0.00392156862745098
14999	0.0
15000	0.00392156862745098
15001	0.0
15002	0.0
15003	0.00784313725490196
15004	0.00392156862745098
15005	0.0
15006	0.0
15007	0.0
15008	0.0
15009	0.0
15010	0.0
15011	0.0
15012	0.0
15013	0.0
15014	0.0
15015	0.0
15016	0.0
15017	0.0
15018	0.0
15019	0.0
15020	0.0
15021	0.0
15022	0.0
15023	0.0
15024	0.0
15025	0.0
15026	0.0
15027	0.0
15028	0.0
15029	0.0
15030	0.00392156862745098
15031	0.00392156862745098
15032	0.00392156862745098
15033	0.0
15034	0.0
15035	0.0
15036	0.0
15037	0.0
15038	0.0
15039	0.0
15040	0.0
15041	0.0
15042	0.0
15043	0.0
15044	0.0
15045	0.0
15046	0.0
15047	0.0
15048	0.0
15049	0.0
15050	0.0
15051	0.0
15052	0.0
15053	0.0
15054	0.0
15055	0.0
15056	0.0
15057	0.0
15058	0.0
15059	0.0
15060	0.0
15061	0.0
15062	0.0
15063	0.0
15064	0.0
15065	0.0
15066	0.0
15067	0.0
15068	0.0
15069	0.0
15070	0.0
15071	0.0
15072	0.0
15073	0.0
15074	0.0
15075	0.0
15076	0.0
15077	0.0
15078	0.0
15079	0.0
15080	0.0
15081	0.0
15082	0.0
15083	0.0
15084	0.00392156862745098
15085	0.00392156862745098
15086	0.00784313725490196
15087	0.00392156862745098
15088	0.00392156862745098
15089	0.00392156862745098
15090	0.00392156862745098
15091	0.00392156862745098
15092	0.00392156862745098
15093	0.0
15094	0.0
15095	0.0
15096	0.0
15097	0.0
15098	0.0
15099	0.00392156862745098
15100	0.00392156862745098
15101	0.00392156862745098
15102	0.00392156862745098
15103	0.00392156862745098
15104	0.00392156862745098
15105	0.0
15106	0.0
15107	0.0
15108	0.0
15109	0.0
15110	0.0
15111	0.0
15112	0.0
15113	0.0
15114	0.00392156862745098
15115	0.00392156862745098
15116	0.00392156862745098
15117	0.00784313725490196
15118	0.00784313725490196
15119	0.00784313725490196
15120	0.00784313725490196
15121	0.00784313725490196
15122	0.00784313725490196
15123	0.00392156862745098
15124	0.00392156862745098
15125	0.00392156862745098
15126	0.00784313725490196
15127	0.00784313725490196
15128	0.00784313725490196
15129	0.00392156862745098
15130	0.00392156862745098
15131	0.00392156862745098
15132	0.0
15133	0.0
15134	0.0
15135	0.0
15136	0.0
15137	0.0
15138	0.0
15139	0.0
15140	0.0
15141	0.00392156862745098
15142	0.00392156862745098
15143	0.00392156862745098
15144	0.00392156862745098
15145	0.00392156862745098
15146	0.00392156862745098
15147	0.0
15148	0.0
15149	0.0
15150	0.00392156862745098
15151	0.00392156862745098
15152	0.00392156862745098
15153	0.0
15154	0.0
15155	0.0
15156	0.0
15157	0.0
15158	0.0
15159	0.0
15160	0.0
15161	0.0
15162	0.0
15163	0.0
15164	0.0
15165	0.0
15166	0.0
15167	0.0
15168	0.0
15169	0.0
15170	0.0
15171	0.00392156862745098
15172	0.00392156862745098
15173	0.00392156862745098
15174	0.0
15175	0.0
15176	0.0
15177	0.0
15178	0.0
15179	0.0
15180	0.00392156862745098
15181	0.00392156862745098
15182	0.00392156862745098
15183	0.00784313725490196
15184	0.00784313725490196
15185	0.00784313725490196
15186	0.00392156862745098
15187	0.00392156862745098
15188	0.00392156862745098
15189	0.00392156862745098
15190	0.00392156862745098
15191	0.00392156862745098
15192	0.0
15193	0.0
15194	0.0
15195	0.00392156862745098
15196	0.00392156862745098
15197	0.00392156862745098
15198	0.00392156862745098
15199	0.00392156862745098
15200	0.00392156862745098
15201	0.00392156862745098
15202	0.00392156862745098
15203	0.00392156862745098
15204	0.00392156862745098
15205	0.00392156862745098
15206	0.00392156862745098
15207	0.00392156862745098
15208	0.00392156862745098
15209	0.00392156862745098
15210	0.00392156862745098
15211	0.00392156862745098
15212	0.00392156862745098
15213	0.00392156862745098
15214	0.00392156862745098
15215	0.00392156862745098
15216	0.00392156862745098
15217	0.00392156862745098
15218	0.00392156862745098
15219	0.00392156862745098
15220	0.00392156862745098
15221	0.00392156862745098
15222	0.00392156862745098
15223	0.00392156862745098
15224	0.00392156862745098
15225	0.00392156862745098
15226	0.00392156862745098
15227	0.00392156862745098
15228	0.0
15229	0.0
15230	0.0
15231	0.00392156862745098
15232	0.00392156862745098
15233	0.00392156862745098
15234	0.011764705882352941
15235	0.011764705882352941
15236	0.011764705882352941
15237	0.0
15238	0.0
15239	0.0
15240	0.00392156862745098
15241	0.00392156862745098
15242	0.00392156862745098
15243	0.0
15244	0.0
15245	0.0
15246	0.0
15247	0.0
15248	0.0
15249	0.0
15250	0.0
15251	0.0
15252	0.0
15253	0.0
15254	0.0
15255	0.0
15256	0.0
15257	0.0
15258	0.0
15259	0.0
15260	0.0
15261	0.0
15262	0.0
15263	0.0
15264	0.0
15265	0.0
15266	0.0
15267	0.0
15268	0.0
15269	0.0
15270	0.0
15271	0.0
15272	0.0
15273	0.0
15274	0.0
15275	0.0
15276	0.0
15277	0.0
15278	0.0
15279	0.00392156862745098
15280	0.00392156862745098
15281	0.00392156862745098
15282	0.0
15283	0.0
15284	0.0
15285	0.0
15286	0.0
15287	0.0
15288	0.0
15289	0.0
15290	0.0
15291	0.0
15292	0.0
15293	0.0
15294	0.00784313725490196
15295	0.011764705882352941
15296	0.011764705882352941
15297	0.00784313725490196
15298	0.00784313725490196
15299	0.00784313725490196
15300	0.00392156862745098
15301	0.00392156862745098
15302	0.00392156862745098
15303	0.0
15304	0.0
15305	0.0
15306	0.0
15307	0.0
15308	0.0
15309	0.0
15310	0.0
15311	0.0
15312	0.00392156862745098
15313	0.00392156862745098
15314	0.00392156862745098
15315	0.00392156862745098
15316	0.00392156862745098
15317	0.00392156862745098
15318	0.0
15319	0.0
15320	0.0
15321	0.0
15322	0.0
15323	0.0
15324	0.0
15325	0.0
15326	0.0
15327	0.0
15328	0.0
15329	0.0
15330	0.0
15331	0.0
15332	0.0
15333	0.0
15334	0.0
15335	0.0
15336	0.0
15337	0.0
15338	0.0
15339	0.0
15340	0.0
15341	0.0
15342	0.011764705882352941
15343	0.011764705882352941
15344	0.011764705882352941
15345	0.00392156862745098
15346	0.00392156862745098
15347	0.00392156862745098
15348	0.00784313725490196
15349	0.00784313725490196
15350	0.00784313725490196
15351	0.00784313725490196
15352	0.00784313725490196
15353	0.00784313725490196
15354	0.00392156862745098
15355	0.00392156862745098
15356	0.00392156862745098
15357	0.00392156862745098
15358	0.00392156862745098
15359	0.00392156862745098
15360	0.00784313725490196
15361	0.0
15362	0.0
15363	0.01568627450980392
15364	0.00392156862745098
15365	0.0
15366	0.00784313725490196
15367	0.00392156862745098
15368	0.0
15369	0.0
15370	0.0
15371	0.0
15372	0.00392156862745098
15373	0.0
15374	0.0
15375	0.00784313725490196
15376	0.00784313725490196
15377	0.00784313725490196
15378	0.00784313725490196
15379	0.00784313725490196
15380	0.0
15381	0.00784313725490196
15382	0.00392156862745098
15383	0.0
15384	0.01568627450980392
15385	0.00784313725490196
15386	0.0
15387	0.01568627450980392
15388	0.011764705882352941
15389	0.0
15390	0.00784313725490196
15391	0.00392156862745098
15392	0.00784313725490196
15393	0.0
15394	0.0
15395	0.00392156862745098
15396	0.0
15397	0.0
15398	0.00392156862745098
15399	0.0
15400	0.0
15401	0.0
15402	0.0
15403	0.0
15404	0.0
15405	0.0
15406	0.0
15407	0.0
15408	0.0
15409	0.0
15410	0.0
15411	0.0
15412	0.0
15413	0.0
15414	0.0
15415	0.0
15416	0.0
15417	0.00392156862745098
15418	0.00392156862745098
15419	0.00392156862745098
15420	0.00392156862745098
15421	0.00392156862745098
15422	0.00392156862745098
15423	0.0
15424	0.0
15425	0.0
15426	0.0
15427	0.0
15428	0.0
15429	0.0
15430	0.0
15431	0.0
15432	0.0
15433	0.0
15434	0.0
15435	0.0
15436	0.0
15437	0.0
15438	0.0
15439	0.0
15440	0.0
15441	0.0
15442	0.0
15443	0.0
15444	0.00392156862745098
15445	0.00392156862745098
15446	0.00392156862745098
15447	0.0
15448	0.0
15449	0.0
15450	0.0
15451	0.0
15452	0.0
15453	0.0
15454	0.0
15455	0.0
15456	0.0
15457	0.0
15458	0.0
15459	0.0
15460	0.0
15461	0.0
15462	0.0
15463	0.0
15464	0.0
15465	0.00392156862745098
15466	0.00392156862745098
15467	0.00392156862745098
15468	0.00784313725490196
15469	0.00784313725490196
15470	0.00784313725490196
15471	0.00392156862745098
15472	0.00392156862745098
15473	0.00392156862745098
15474	0.0
15475	0.0
15476	0.0
15477	0.0
15478	0.0
15479	0.0
15480	0.0
15481	0.0
15482	0.0
15483	0.00392156862745098
15484	0.00392156862745098
15485	0.00392156862745098
15486	0.00784313725490196
15487	0.00784313725490196
15488	0.00784313725490196
15489	0.00392156862745098
15490	0.00392156862745098
15491	0.00392156862745098
15492	0.0
15493	0.0
15494	0.0
15495	0.00392156862745098
15496	0.00392156862745098
15497	0.00392156862745098
15498	0.00392156862745098
15499	0.00392156862745098
15500	0.00392156862745098
15501	0.0
15502	0.0
15503	0.0
15504	0.0
15505	0.0
15506	0.0
15507	0.00392156862745098
15508	0.00392156862745098
15509	0.00392156862745098
15510	0.00392156862745098
15511	0.00392156862745098
15512	0.00392156862745098
15513	0.00392156862745098
15514	0.00392156862745098
15515	0.00392156862745098
15516	0.011764705882352941
15517	0.011764705882352941
15518	0.011764705882352941
15519	0.00392156862745098
15520	0.00392156862745098
15521	0.00392156862745098
15522	0.011764705882352941
15523	0.011764705882352941
15524	0.011764705882352941
15525	0.0
15526	0.0
15527	0.0
15528	0.0
15529	0.0
15530	0.0
15531	0.0
15532	0.0
15533	0.0
15534	0.0
15535	0.0
15536	0.0
15537	0.0
15538	0.0
15539	0.0
15540	0.0
15541	0.0
15542	0.0
15543	0.00392156862745098
15544	0.00392156862745098
15545	0.00392156862745098
15546	0.0
15547	0.0
15548	0.0
15549	0.00392156862745098
15550	0.00392156862745098
15551	0.00392156862745098
15552	0.0
15553	0.0
15554	0.0
15555	0.0
15556	0.0
15557	0.0
15558	0.0
15559	0.0
15560	0.0
15561	0.00392156862745098
15562	0.00392156862745098
15563	0.00392156862745098
15564	0.00784313725490196
15565	0.00784313725490196
15566	0.00784313725490196
15567	0.0
15568	0.0
15569	0.0
15570	0.0
15571	0.0
15572	0.0
15573	0.00784313725490196
15574	0.00784313725490196
15575	0.00784313725490196
15576	0.00392156862745098
15577	0.00392156862745098
15578	0.00392156862745098
15579	0.00392156862745098
15580	0.00392156862745098
15581	0.00392156862745098
15582	0.0
15583	0.0
15584	0.0
15585	0.0
15586	0.0
15587	0.0
15588	0.0
15589	0.0
15590	0.0
15591	0.011764705882352941
15592	0.011764705882352941
15593	0.011764705882352941
15594	0.00392156862745098
15595	0.00392156862745098
15596	0.00392156862745098
15597	0.011764705882352941
15598	0.011764705882352941
15599	0.011764705882352941
15600	0.011764705882352941
15601	0.011764705882352941
15602	0.011764705882352941
15603	0.00784313725490196
15604	0.00784313725490196
15605	0.00784313725490196
15606	0.00392156862745098
15607	0.00392156862745098
15608	0.00392156862745098
15609	0.00392156862745098
15610	0.00392156862745098
15611	0.00392156862745098
15612	0.00392156862745098
15613	0.00392156862745098
15614	0.00392156862745098
15615	0.00784313725490196
15616	0.00784313725490196
15617	0.00784313725490196
15618	0.0
15619	0.0
15620	0.0
15621	0.0
15622	0.0
15623	0.0
15624	0.0
15625	0.0
15626	0.0
15627	0.0
15628	0.0
15629	0.0
15630	0.0
15631	0.0
15632	0.0
15633	0.0
15634	0.0
15635	0.0
15636	0.0
15637	0.0
15638	0.0
15639	0.0
15640	0.0
15641	0.0
15642	0.0
15643	0.0
15644	0.0
15645	0.0
15646	0.0
15647	0.0
15648	0.0
15649	0.0
15650	0.0
15651	0.0
15652	0.0
15653	0.0
15654	0.0
15655	0.0
15656	0.0
15657	0.0
15658	0.0
15659	0.0
15660	0.0
15661	0.0
15662	0.0
15663	0.0
15664	0.0
15665	0.0
15666	0.0
15667	0.0
15668	0.0
15669	0.0
15670	0.0
15671	0.0
15672	0.0
15673	0.0
15674	0.0
15675	0.00392156862745098
15676	0.00392156862745098
15677	0.00392156862745098
15678	0.00784313725490196
15679	0.011764705882352941
15680	0.00784313725490196
15681	0.00784313725490196
15682	0.00784313725490196
15683	0.00784313725490196
15684	0.00392156862745098
15685	0.00392156862745098
15686	0.00392156862745098
15687	0.0
15688	0.0
15689	0.0
15690	0.0
15691	0.0
15692	0.0
15693	0.0
15694	0.0
15695	0.0
15696	0.00392156862745098
15697	0.00392156862745098
15698	0.00392156862745098
15699	0.00392156862745098
15700	0.00392156862745098
15701	0.00392156862745098
15702	0.0
15703	0.0
15704	0.0
15705	0.0
15706	0.0
15707	0.0
15708	0.0
15709	0.0
15710	0.0
15711	0.0
15712	0.0
15713	0.0
15714	0.0
15715	0.0
15716	0.0
15717	0.0
15718	0.0
15719	0.0
15720	0.0
15721	0.0
15722	0.0
15723	0.0
15724	0.0
15725	0.0
15726	0.00392156862745098
15727	0.00392156862745098
15728	0.00392156862745098
15729	0.0
15730	0.0
15731	0.0
15732	0.0
15733	0.0
15734	0.0
15735	0.00392156862745098
15736	0.00392156862745098
15737	0.00392156862745098
15738	0.0
15739	0.0
15740	0.0
15741	0.0
15742	0.0
15743	0.0
15744	0.00784313725490196
15745	0.0
15746	0.0
15747	0.01568627450980392
15748	0.00392156862745098
15749	0.0
15750	0.011764705882352941
15751	0.011764705882352941
15752	0.0
15753	0.00784313725490196
15754	0.011764705882352941
15755	0.0
15756	0.00784313725490196
15757	0.00392156862745098
15758	0.0
15759	0.0196078431372549
15760	0.00784313725490196
15761	0.00392156862745098
15762	0.0
15763	0.0
15764	0.0
15765	0.00784313725490196
15766	0.00392156862745098
15767	0.0
15768	0.011764705882352941
15769	0.00392156862745098
15770	0.0
15771	0.00392156862745098
15772	0.00392156862745098
15773	0.0
15774	0.00392156862745098
15775	0.00784313725490196
15776	0.00784313725490196
15777	0.0
15778	0.00784313725490196
15779	0.01568627450980392
15780	0.0
15781	0.0
15782	0.00392156862745098
15783	0.0
15784	0.0
15785	0.0
15786	0.0
15787	0.0
15788	0.0
15789	0.0
15790	0.0
15791	0.0
15792	0.0
15793	0.0
15794	0.0
15795	0.0
15796	0.0
15797	0.0
15798	0.0
15799	0.0
15800	0.0
15801	0.00392156862745098
15802	0.00392156862745098
15803	0.00392156862745098
15804	0.0
15805	0.0
15806	0.0
15807	0.0
15808	0.0
15809	0.0
15810	0.0
15811	0.0
15812	0.0
15813	0.0
15814	0.0
15815	0.0
15816	0.0
15817	0.0
15818	0.0
15819	0.0
15820	0.0
15821	0.0
15822	0.0
15823	0.0
15824	0.0
15825	0.0
15826	0.0
15827	0.0
15828	0.0
15829	0.0
15830	0.0
15831	0.0
15832	0.0
15833	0.0
15834	0.0
15835	0.0
15836	0.0
15837	0.0
15838	0.0
15839	0.0
15840	0.0
15841	0.0
15842	0.0
15843	0.0
15844	0.0
15845	0.0
15846	0.0
15847	0.0
15848	0.0
15849	0.0
15850	0.0
15851	0.0
15852	0.00784313725490196
15853	0.00784313725490196
15854	0.00784313725490196
15855	0.00392156862745098
15856	0.00392156862745098
15857	0.00392156862745098
15858	0.0
15859	0.0
15860	0.0
15861	0.0
15862	0.0
15863	0.0
15864	0.0
15865	0.0
15866	0.0
15867	0.0
15868	0.0
15869	0.0
15870	0.00392156862745098
15871	0.00392156862745098
15872	0.00392156862745098
15873	0.00392156862745098
15874	0.00392156862745098
15875	0.00392156862745098
15876	0.0
15877	0.0
15878	0.0
15879	0.00392156862745098
15880	0.00392156862745098
15881	0.00392156862745098
15882	0.0
15883	0.0
15884	0.0
15885	0.0
15886	0.0
15887	0.0
15888	0.00392156862745098
15889	0.00392156862745098
15890	0.00392156862745098
15891	0.00784313725490196
15892	0.00784313725490196
15893	0.00784313725490196
15894	0.00392156862745098
15895	0.00392156862745098
15896	0.00392156862745098
15897	0.00392156862745098
15898	0.00392156862745098
15899	0.00392156862745098
15900	0.00784313725490196
15901	0.00784313725490196
15902	0.00784313725490196
15903	0.00392156862745098
15904	0.00392156862745098
15905	0.00392156862745098
15906	0.00784313725490196
15907	0.00784313725490196
15908	0.00784313725490196
15909	0.0
15910	0.0
15911	0.0
15912	0.0
15913	0.0
15914	0.0
15915	0.0
15916	0.0
15917	0.0
15918	0.0
15919	0.0
15920	0.0
15921	0.0
15922	0.0
15923	0.0
15924	0.00392156862745098
15925	0.00392156862745098
15926	0.00392156862745098
15927	0.0
15928	0.0
15929	0.0
15930	0.0
15931	0.0
15932	0.0
15933	0.00392156862745098
15934	0.00392156862745098
15935	0.00392156862745098
15936	0.00392156862745098
15937	0.00392156862745098
15938	0.00392156862745098
15939	0.00392156862745098
15940	0.00392156862745098
15941	0.00392156862745098
15942	0.00392156862745098
15943	0.00392156862745098
15944	0.00392156862745098
15945	0.0
15946	0.0
15947	0.0
15948	0.0
15949	0.0
15950	0.0
15951	0.0
15952	0.0
15953	0.0
15954	0.0
15955	0.0
15956	0.0
15957	0.0
15958	0.0
15959	0.0
15960	0.00392156862745098
15961	0.00392156862745098
15962	0.00392156862745098
15963	0.00784313725490196
15964	0.00784313725490196
15965	0.00784313725490196
15966	0.00392156862745098
15967	0.00392156862745098
15968	0.00392156862745098
15969	0.0
15970	0.0
15971	0.0
15972	0.00392156862745098
15973	0.00392156862745098
15974	0.00392156862745098
15975	0.00784313725490196
15976	0.00784313725490196
15977	0.00784313725490196
15978	0.0
15979	0.0
15980	0.0
15981	0.0
15982	0.0
15983	0.0
15984	0.00392156862745098
15985	0.00392156862745098
15986	0.00392156862745098
15987	0.00784313725490196
15988	0.00784313725490196
15989	0.00784313725490196
15990	0.00784313725490196
15991	0.00784313725490196
15992	0.00784313725490196
15993	0.00784313725490196
15994	0.00784313725490196
15995	0.00784313725490196
15996	0.00392156862745098
15997	0.00392156862745098
15998	0.00392156862745098
15999	0.00784313725490196
16000	0.00784313725490196
16001	0.00784313725490196
16002	0.00392156862745098
16003	0.00392156862745098
16004	0.00392156862745098
16005	0.0
16006	0.0
16007	0.0
16008	0.0
16009	0.0
16010	0.0
16011	0.00392156862745098
16012	0.00392156862745098
16013	0.00392156862745098
16014	0.0
16015	0.0
16016	0.0
16017	0.0
16018	0.0
16019	0.0
16020	0.0
16021	0.0
16022	0.0
16023	0.0
16024	0.0
16025	0.0
16026	0.0
16027	0.0
16028	0.0
16029	0.0
16030	0.0
16031	0.0
16032	0.0
16033	0.0
16034	0.0
16035	0.0
16036	0.0
16037	0.0
16038	0.0
16039	0.0
16040	0.0
16041	0.0
16042	0.0
16043	0.0
16044	0.0
16045	0.0
16046	0.0
16047	0.00392156862745098
16048	0.00392156862745098
16049	0.00392156862745098
16050	0.0
16051	0.0
16052	0.0
16053	0.0
16054	0.0
16055	0.0
16056	0.0
16057	0.0
16058	0.00392156862745098
16059	0.00392156862745098
16060	0.00392156862745098
16061	0.00784313725490196
16062	0.00784313725490196
16063	0.00784313725490196
16064	0.00784313725490196
16065	0.011764705882352941
16066	0.011764705882352941
16067	0.011764705882352941
16068	0.00392156862745098
16069	0.0
16070	0.0
16071	0.0
16072	0.0
16073	0.0
16074	0.0
16075	0.0
16076	0.0
16077	0.0
16078	0.0
16079	0.0
16080	0.00392156862745098
16081	0.00392156862745098
16082	0.00392156862745098
16083	0.0
16084	0.0
16085	0.0
16086	0.0
16087	0.0
16088	0.0
16089	0.0
16090	0.0
16091	0.0
16092	0.0
16093	0.0
16094	0.0
16095	0.0
16096	0.0
16097	0.0
16098	0.0
16099	0.0
16100	0.0
16101	0.0
16102	0.0
16103	0.0
16104	0.0
16105	0.0
16106	0.0
16107	0.0
16108	0.0
16109	0.0
16110	0.00784313725490196
16111	0.00784313725490196
16112	0.00784313725490196
16113	0.0
16114	0.0
16115	0.0
16116	0.00392156862745098
16117	0.00392156862745098
16118	0.00392156862745098
16119	0.0
16120	0.0
16121	0.0
16122	0.0
16123	0.0
16124	0.0
16125	0.0
16126	0.0
16127	0.0
16128	0.00784313725490196
16129	0.00392156862745098
16130	0.0
16131	0.023529411764705882
16132	0.00392156862745098
16133	0.0
16134	0.011764705882352941
16135	0.00784313725490196
16136	0.0
16137	0.01568627450980392
16138	0.00784313725490196
16139	0.0
16140	0.023529411764705882
16141	0.00784313725490196
16142	0.0
16143	0.01568627450980392
16144	0.00784313725490196
16145	0.0
16146	0.00784313725490196
16147	0.00784313725490196
16148	0.0
16149	0.00784313725490196
16150	0.00392156862745098
16151	0.0
16152	0.00784313725490196
16153	0.00392156862745098
16154	0.0
16155	0.00392156862745098
16156	0.0
16157	0.0
16158	0.00392156862745098
16159	0.0
16160	0.00392156862745098
16161	0.0
16162	0.00392156862745098
16163	0.0196078431372549
16164	0.0
16165	0.00392156862745098
16166	0.00784313725490196
16167	0.0
16168	0.0
16169	0.0
16170	0.0
16171	0.0
16172	0.0
16173	0.0
16174	0.0
16175	0.0
16176	0.0
16177	0.0
16178	0.0
16179	0.0
16180	0.0
16181	0.0
16182	0.0
16183	0.0
16184	0.0
16185	0.0
16186	0.0
16187	0.0
16188	0.0
16189	0.0
16190	0.0
16191	0.0
16192	0.0
16193	0.0
16194	0.0
16195	0.0
16196	0.0
16197	0.0
16198	0.0
16199	0.0
16200	0.0
16201	0.0
16202	0.0
16203	0.0
16204	0.0
16205	0.0
16206	0.0
16207	0.0
16208	0.0
16209	0.0
16210	0.0
16211	0.0
16212	0.0
16213	0.0
16214	0.0
16215	0.0
16216	0.0
16217	0.0
16218	0.0
16219	0.0
16220	0.0
16221	0.0
16222	0.0
16223	0.0
16224	0.0
16225	0.0
16226	0.0
16227	0.0
16228	0.0
16229	0.0
16230	0.0
16231	0.0
16232	0.0
16233	0.0
16234	0.0
16235	0.0
16236	0.0
16237	0.0
16238	0.0
16239	0.00392156862745098
16240	0.00392156862745098
16241	0.00392156862745098
16242	0.00784313725490196
16243	0.00784313725490196
16244	0.00784313725490196
16245	0.00392156862745098
16246	0.00392156862745098
16247	0.00392156862745098
16248	0.00392156862745098
16249	0.00392156862745098
16250	0.00392156862745098
16251	0.0
16252	0.0
16253	0.0
16254	0.0
16255	0.0
16256	0.0
16257	0.0
16258	0.0
16259	0.0
16260	0.00392156862745098
16261	0.00392156862745098
16262	0.00392156862745098
16263	0.00392156862745098
16264	0.00392156862745098
16265	0.00392156862745098
16266	0.0
16267	0.0
16268	0.0
16269	0.0
16270	0.0
16271	0.0
16272	0.00784313725490196
16273	0.00784313725490196
16274	0.00784313725490196
16275	0.011764705882352941
16276	0.011764705882352941
16277	0.011764705882352941
16278	0.00392156862745098
16279	0.00392156862745098
16280	0.00392156862745098
16281	0.00392156862745098
16282	0.00392156862745098
16283	0.00392156862745098
16284	0.0
16285	0.0
16286	0.0
16287	0.00784313725490196
16288	0.00784313725490196
16289	0.00784313725490196
16290	0.00392156862745098
16291	0.00392156862745098
16292	0.00392156862745098
16293	0.0
16294	0.0
16295	0.0
16296	0.00392156862745098
16297	0.00392156862745098
16298	0.00392156862745098
16299	0.00392156862745098
16300	0.00392156862745098
16301	0.00392156862745098
16302	0.0
16303	0.0
16304	0.0
16305	0.0
16306	0.0
16307	0.0
16308	0.00392156862745098
16309	0.00392156862745098
16310	0.00392156862745098
16311	0.00784313725490196
16312	0.00784313725490196
16313	0.00784313725490196
16314	0.0
16315	0.0
16316	0.0
16317	0.0
16318	0.0
16319	0.0
16320	0.0
16321	0.0
16322	0.0
16323	0.0
16324	0.0
16325	0.0
16326	0.00392156862745098
16327	0.00392156862745098
16328	0.00392156862745098
16329	0.0
16330	0.0
16331	0.0
16332	0.0
16333	0.0
16334	0.0
16335	0.0
16336	0.0
16337	0.0
16338	0.0
16339	0.0
16340	0.0
16341	0.0
16342	0.0
16343	0.0
16344	0.00392156862745098
16345	0.00392156862745098
16346	0.00392156862745098
16347	0.0
16348	0.0
16349	0.0
16350	0.00392156862745098
16351	0.00392156862745098
16352	0.00392156862745098
16353	0.00784313725490196
16354	0.00784313725490196
16355	0.00784313725490196
16356	0.00784313725490196
16357	0.00784313725490196
16358	0.00784313725490196
16359	0.0
16360	0.0
16361	0.0
16362	0.0
16363	0.0
16364	0.0
16365	0.0
16366	0.0
16367	0.0
16368	0.00392156862745098
16369	0.00392156862745098
16370	0.00392156862745098
16371	0.00784313725490196
16372	0.00784313725490196
16373	0.00784313725490196
16374	0.00784313725490196
16375	0.00784313725490196
16376	0.00784313725490196
16377	0.00784313725490196
16378	0.00784313725490196
16379	0.00784313725490196
16380	0.00784313725490196
16381	0.00784313725490196
16382	0.00784313725490196
16383	0.00784313725490196
16384	0.00784313725490196
16385	0.00784313725490196
16386	0.00784313725490196
16387	0.00784313725490196
16388	0.00784313725490196
16389	0.0
16390	0.0
16391	0.0
16392	0.00392156862745098
16393	0.00392156862745098
16394	0.00392156862745098
16395	0.00784313725490196
16396	0.00784313725490196
16397	0.00784313725490196
16398	0.00392156862745098
16399	0.00392156862745098
16400	0.00392156862745098
16401	0.0
16402	0.0
16403	0.0
16404	0.0
16405	0.0
16406	0.0
16407	0.0
16408	0.0
16409	0.0
16410	0.00392156862745098
16411	0.00392156862745098
16412	0.00392156862745098
16413	0.00392156862745098
16414	0.00392156862745098
16415	0.00392156862745098
16416	0.0
16417	0.0
16418	0.0
16419	0.0
16420	0.0
16421	0.0
16422	0.00392156862745098
16423	0.00392156862745098
16424	0.00392156862745098
16425	0.0
16426	0.0
16427	0.0
16428	0.0
16429	0.0
16430	0.0
16431	0.00784313725490196
16432	0.00784313725490196
16433	0.00784313725490196
16434	0.0
16435	0.0
16436	0.0
16437	0.0
16438	0.0
16439	0.0
16440	0.0
16441	0.0
16442	0.00784313725490196
16443	0.0
16444	0.0
16445	0.00392156862745098
16446	0.00392156862745098
16447	0.00392156862745098
16448	0.00784313725490196
16449	0.00784313725490196
16450	0.00784313725490196
16451	0.00784313725490196
16452	0.0
16453	0.00392156862745098
16454	0.0
16455	0.0
16456	0.0
16457	0.0
16458	0.0
16459	0.0
16460	0.0
16461	0.0
16462	0.0
16463	0.0
16464	0.0
16465	0.0
16466	0.0
16467	0.0
16468	0.0
16469	0.0
16470	0.0
16471	0.0
16472	0.0
16473	0.0
16474	0.0
16475	0.0
16476	0.00392156862745098
16477	0.00392156862745098
16478	0.00392156862745098
16479	0.0
16480	0.0
16481	0.0
16482	0.0
16483	0.0
16484	0.0
16485	0.0
16486	0.0
16487	0.0
16488	0.0
16489	0.0
16490	0.0
16491	0.0
16492	0.0
16493	0.0
16494	0.00392156862745098
16495	0.00392156862745098
16496	0.00392156862745098
16497	0.0
16498	0.0
16499	0.0
16500	0.00392156862745098
16501	0.00392156862745098
16502	0.00392156862745098
16503	0.0
16504	0.0
16505	0.0
16506	0.0
16507	0.0
16508	0.0
16509	0.0
16510	0.0
16511	0.0
16512	0.0
16513	0.0
16514	0.0
16515	0.011764705882352941
16516	0.00392156862745098
16517	0.00392156862745098
16518	0.011764705882352941
16519	0.00392156862745098
16520	0.0
16521	0.00392156862745098
16522	0.0
16523	0.0
16524	0.011764705882352941
16525	0.0
16526	0.0
16527	0.01568627450980392
16528	0.011764705882352941
16529	0.0
16530	0.011764705882352941
16531	0.011764705882352941
16532	0.0
16533	0.0
16534	0.0
16535	0.0
16536	0.0
16537	0.0
16538	0.0
16539	0.0
16540	0.0
16541	0.0
16542	0.00392156862745098
16543	0.0
16544	0.00392156862745098
16545	0.0
16546	0.00392156862745098
16547	0.01568627450980392
16548	0.0
16549	0.0
16550	0.011764705882352941
16551	0.0
16552	0.0
16553	0.0
16554	0.0
16555	0.0
16556	0.0
16557	0.0
16558	0.0
16559	0.0
16560	0.0
16561	0.0
16562	0.0
16563	0.0
16564	0.0
16565	0.0
16566	0.0
16567	0.0
16568	0.0
16569	0.0
16570	0.0
16571	0.0
16572	0.0
16573	0.0
16574	0.0
16575	0.0
16576	0.0
16577	0.0
16578	0.0
16579	0.0
16580	0.0
16581	0.0
16582	0.0
16583	0.0
16584	0.00392156862745098
16585	0.00392156862745098
16586	0.00392156862745098
16587	0.00392156862745098
16588	0.00392156862745098
16589	0.00392156862745098
16590	0.0
16591	0.0
16592	0.0
16593	0.0
16594	0.0
16595	0.0
16596	0.0
16597	0.0
16598	0.0
16599	0.0
16600	0.0
16601	0.0
16602	0.0
16603	0.0
16604	0.0
16605	0.0
16606	0.0
16607	0.0
16608	0.00392156862745098
16609	0.00392156862745098
16610	0.00392156862745098
16611	0.00392156862745098
16612	0.00392156862745098
16613	0.00392156862745098
16614	0.0
16615	0.0
16616	0.0
16617	0.00392156862745098
16618	0.00392156862745098
16619	0.00392156862745098
16620	0.00392156862745098
16621	0.00392156862745098
16622	0.00392156862745098
16623	0.00392156862745098
16624	0.00392156862745098
16625	0.00392156862745098
16626	0.00784313725490196
16627	0.00784313725490196
16628	0.00784313725490196
16629	0.00392156862745098
16630	0.00392156862745098
16631	0.00392156862745098
16632	0.00392156862745098
16633	0.00392156862745098
16634	0.00392156862745098
16635	0.0
16636	0.0
16637	0.0
16638	0.0
16639	0.0
16640	0.0
16641	0.0
16642	0.0
16643	0.0
16644	0.00392156862745098
16645	0.00392156862745098
16646	0.00392156862745098
16647	0.00392156862745098
16648	0.00392156862745098
16649	0.00392156862745098
16650	0.00392156862745098
16651	0.00392156862745098
16652	0.00392156862745098
16653	0.00392156862745098
16654	0.00392156862745098
16655	0.00392156862745098
16656	0.00784313725490196
16657	0.00784313725490196
16658	0.00784313725490196
16659	0.00784313725490196
16660	0.00784313725490196
16661	0.00784313725490196
16662	0.0
16663	0.0
16664	0.0
16665	0.0
16666	0.0
16667	0.0
16668	0.0
16669	0.0
16670	0.0
16671	0.00392156862745098
16672	0.00392156862745098
16673	0.00392156862745098
16674	0.0
16675	0.0
16676	0.0
16677	0.00392156862745098
16678	0.0
16679	0.0
16680	0.00392156862745098
16681	0.00392156862745098
16682	0.00392156862745098
16683	0.00784313725490196
16684	0.00784313725490196
16685	0.00784313725490196
16686	0.00784313725490196
16687	0.00784313725490196
16688	0.00392156862745098
16689	0.0
16690	0.00392156862745098
16691	0.0
16692	0.00392156862745098
16693	0.00392156862745098
16694	0.00392156862745098
16695	0.00392156862745098
16696	0.00392156862745098
16697	0.00392156862745098
16698	0.0
16699	0.0
16700	0.0
16701	0.0
16702	0.0
16703	0.0
16704	0.0
16705	0.0
16706	0.0
16707	0.00392156862745098
16708	0.00392156862745098
16709	0.00392156862745098
16710	0.0
16711	0.0
16712	0.0
16713	0.0
16714	0.0
16715	0.0
16716	0.0
16717	0.0
16718	0.0
16719	0.0
16720	0.0
16721	0.0
16722	0.0
16723	0.0
16724	0.0
16725	0.0
16726	0.0
16727	0.0
16728	0.00784313725490196
16729	0.00784313725490196
16730	0.00784313725490196
16731	0.00392156862745098
16732	0.0
16733	0.0
16734	0.0
16735	0.0
16736	0.0
16737	0.0
16738	0.0
16739	0.0
16740	0.0
16741	0.0
16742	0.0
16743	0.00392156862745098
16744	0.00392156862745098
16745	0.00392156862745098
16746	0.0
16747	0.0
16748	0.0
16749	0.0
16750	0.0
16751	0.0
16752	0.00392156862745098
16753	0.00392156862745098
16754	0.00392156862745098
16755	0.00392156862745098
16756	0.00392156862745098
16757	0.00392156862745098
16758	0.00392156862745098
16759	0.00392156862745098
16760	0.00392156862745098
16761	0.0
16762	0.0
16763	0.0
16764	0.00392156862745098
16765	0.00392156862745098
16766	0.00392156862745098
16767	0.00392156862745098
16768	0.00392156862745098
16769	0.00392156862745098
16770	0.0
16771	0.0
16772	0.0
16773	0.00784313725490196
16774	0.00784313725490196
16775	0.00784313725490196
16776	0.00392156862745098
16777	0.00392156862745098
16778	0.00392156862745098
16779	0.00784313725490196
16780	0.00784313725490196
16781	0.00784313725490196
16782	0.00392156862745098
16783	0.00392156862745098
16784	0.00392156862745098
16785	0.00392156862745098
16786	0.00392156862745098
16787	0.00392156862745098
16788	0.0
16789	0.0
16790	0.0
16791	0.0
16792	0.0
16793	0.0
16794	0.0
16795	0.0
16796	0.0
16797	0.00392156862745098
16798	0.00392156862745098
16799	0.00392156862745098
16800	0.00392156862745098
16801	0.00392156862745098
16802	0.00392156862745098
16803	0.0
16804	0.0
16805	0.0
16806	0.0
16807	0.0
16808	0.0
16809	0.0
16810	0.0
16811	0.0
16812	0.0
16813	0.0
16814	0.0
16815	0.0
16816	0.0
16817	0.0
16818	0.0
16819	0.0
16820	0.0
16821	0.0
16822	0.0
16823	0.0
16824	0.0
16825	0.0
16826	0.0
16827	0.0
16828	0.0
16829	0.0
16830	0.00784313725490196
16831	0.0
16832	0.0
16833	0.00392156862745098
16834	0.00784313725490196
16835	0.023529411764705882
16836	0.00784313725490196
16837	0.00784313725490196
16838	0.01568627450980392
16839	0.011764705882352941
16840	0.00784313725490196
16841	0.011764705882352941
16842	0.011764705882352941
16843	0.00392156862745098
16844	0.00392156862745098
16845	0.011764705882352941
16846	0.00392156862745098
16847	0.0
16848	0.0
16849	0.0
16850	0.0
16851	0.0
16852	0.0
16853	0.0
16854	0.0
16855	0.0
16856	0.0
16857	0.0
16858	0.0
16859	0.0
16860	0.0
16861	0.0
16862	0.0
16863	0.0
16864	0.0
16865	0.0
16866	0.0
16867	0.0
16868	0.0
16869	0.0
16870	0.0
16871	0.0
16872	0.0
16873	0.0
16874	0.0
16875	0.0
16876	0.0
16877	0.0
16878	0.00784313725490196
16879	0.00784313725490196
16880	0.00784313725490196
16881	0.00392156862745098
16882	0.00392156862745098
16883	0.00392156862745098
16884	0.00392156862745098
16885	0.0
16886	0.00392156862745098
16887	0.0
16888	0.0
16889	0.0
16890	0.0
16891	0.0
16892	0.0
16893	0.0
16894	0.0
16895	0.0
16896	0.0
16897	0.0
16898	0.0
16899	0.00392156862745098
16900	0.00392156862745098
16901	0.00392156862745098
16902	0.0
16903	0.0
16904	0.0
16905	0.0
16906	0.0
16907	0.0
16908	0.0
16909	0.0
16910	0.0
16911	0.0
16912	0.0
16913	0.0
16914	0.0
16915	0.0
16916	0.0
16917	0.0
16918	0.0
16919	0.0
16920	0.00392156862745098
16921	0.00392156862745098
16922	0.00392156862745098
16923	0.00392156862745098
16924	0.00392156862745098
16925	0.00392156862745098
16926	0.00392156862745098
16927	0.0
16928	0.0
16929	0.0
16930	0.0
16931	0.0
16932	0.0
16933	0.0
16934	0.0
16935	0.0
16936	0.0
16937	0.0
16938	0.0
16939	0.0
16940	0.0
16941	0.0
16942	0.0
16943	0.0
16944	0.0
16945	0.0
16946	0.0
16947	0.0
16948	0.0
16949	0.0
16950	0.0
16951	0.0
16952	0.0
16953	0.0
16954	0.0
16955	0.0
16956	0.0
16957	0.0
16958	0.0
16959	0.0
16960	0.0
16961	0.0
16962	0.0
16963	0.0
16964	0.0
16965	0.0
16966	0.0
16967	0.0
16968	0.00392156862745098
16969	0.00392156862745098
16970	0.00392156862745098
16971	0.0
16972	0.0
16973	0.0
16974	0.00392156862745098
16975	0.00392156862745098
16976	0.00392156862745098
16977	0.0
16978	0.0
16979	0.0
16980	0.0
16981	0.0
16982	0.0
16983	0.0
16984	0.0
16985	0.0
16986	0.0
16987	0.0
16988	0.0
16989	0.0
16990	0.0
16991	0.0
16992	0.0
16993	0.0
16994	0.0
16995	0.0
16996	0.0
16997	0.0
16998	0.0
16999	0.0
17000	0.0
17001	0.00392156862745098
17002	0.00392156862745098
17003	0.00392156862745098
17004	0.00392156862745098
17005	0.00392156862745098
17006	0.00392156862745098
17007	0.00784313725490196
17008	0.00784313725490196
17009	0.00784313725490196
17010	0.0
17011	0.0
17012	0.0
17013	0.00392156862745098
17014	0.00392156862745098
17015	0.00392156862745098
17016	0.0
17017	0.00392156862745098
17018	0.00392156862745098
17019	0.00392156862745098
17020	0.00392156862745098
17021	0.00392156862745098
17022	0.00784313725490196
17023	0.00784313725490196
17024	0.00784313725490196
17025	0.00392156862745098
17026	0.00392156862745098
17027	0.00392156862745098
17028	0.00392156862745098
17029	0.00392156862745098
17030	0.00392156862745098
17031	0.00392156862745098
17032	0.00392156862745098
17033	0.00392156862745098
17034	0.0
17035	0.0
17036	0.0
17037	0.0
17038	0.0
17039	0.0
17040	0.0
17041	0.0
17042	0.0
17043	0.00392156862745098
17044	0.00392156862745098
17045	0.00392156862745098
17046	0.0
17047	0.0
17048	0.0
17049	0.0
17050	0.0
17051	0.0
17052	0.0
17053	0.0
17054	0.0
17055	0.00392156862745098
17056	0.00392156862745098
17057	0.00392156862745098
17058	0.0
17059	0.0
17060	0.0
17061	0.00392156862745098
17062	0.0
17063	0.0
17064	0.00784313725490196
17065	0.00392156862745098
17066	0.00392156862745098
17067	0.00392156862745098
17068	0.00392156862745098
17069	0.00392156862745098
17070	0.011764705882352941
17071	0.00392156862745098
17072	0.00392156862745098
17073	0.0
17074	0.0
17075	0.0
17076	0.0
17077	0.0
17078	0.0
17079	0.0
17080	0.0
17081	0.0
17082	0.0
17083	0.0
17084	0.0
17085	0.0
17086	0.0
17087	0.0
17088	0.0
17089	0.0
17090	0.0
17091	0.0
17092	0.0
17093	0.0
17094	0.0
17095	0.0
17096	0.0
17097	0.0
17098	0.0
17099	0.0
17100	0.0
17101	0.0
17102	0.0
17103	0.0
17104	0.0
17105	0.0
17106	0.0
17107	0.0
17108	0.0
17109	0.0
17110	0.0
17111	0.0
17112	0.011764705882352941
17113	0.00392156862745098
17114	0.00784313725490196
17115	0.01568627450980392
17116	0.0
17117	0.0
17118	0.0
17119	0.0
17120	0.0
17121	0.0
17122	0.0
17123	0.0
17124	0.0
17125	0.0
17126	0.0
17127	0.00392156862745098
17128	0.00392156862745098
17129	0.00392156862745098
17130	0.0
17131	0.0
17132	0.0
17133	0.0
17134	0.0
17135	0.0
17136	0.0
17137	0.0
17138	0.0
17139	0.0
17140	0.0
17141	0.0
17142	0.0
17143	0.0
17144	0.0
17145	0.0
17146	0.0
17147	0.0
17148	0.00392156862745098
17149	0.00392156862745098
17150	0.00392156862745098
17151	0.00784313725490196
17152	0.00784313725490196
17153	0.00784313725490196
17154	0.00392156862745098
17155	0.00392156862745098
17156	0.00392156862745098
17157	0.00784313725490196
17158	0.00784313725490196
17159	0.00784313725490196
17160	0.00392156862745098
17161	0.00392156862745098
17162	0.00392156862745098
17163	0.0
17164	0.0
17165	0.0
17166	0.00392156862745098
17167	0.00392156862745098
17168	0.00392156862745098
17169	0.00784313725490196
17170	0.00784313725490196
17171	0.00784313725490196
17172	0.00392156862745098
17173	0.00392156862745098
17174	0.00392156862745098
17175	0.00392156862745098
17176	0.00392156862745098
17177	0.00392156862745098
17178	0.0
17179	0.0
17180	0.0
17181	0.0
17182	0.0
17183	0.0
17184	0.00784313725490196
17185	0.00784313725490196
17186	0.00784313725490196
17187	0.0
17188	0.0
17189	0.0
17190	0.0
17191	0.0
17192	0.0
17193	0.0
17194	0.0
17195	0.0
17196	0.0
17197	0.0
17198	0.0
17199	0.0
17200	0.0
17201	0.0
17202	0.0
17203	0.0
17204	0.0
17205	0.0
17206	0.0
17207	0.0
17208	0.0
17209	0.0
17210	0.0
17211	0.0
17212	0.0
17213	0.0
17214	0.00784313725490196
17215	0.00392156862745098
17216	0.011764705882352941
17217	0.00392156862745098
17218	0.00784313725490196
17219	0.027450980392156862
17220	0.01568627450980392
17221	0.00392156862745098
17222	0.01568627450980392
17223	0.01568627450980392
17224	0.00392156862745098
17225	0.01568627450980392
17226	0.01568627450980392
17227	0.011764705882352941
17228	0.011764705882352941
17229	0.0196078431372549
17230	0.00784313725490196
17231	0.00392156862745098
17232	0.00784313725490196
17233	0.00784313725490196
17234	0.0
17235	0.0
17236	0.0
17237	0.0
17238	0.0
17239	0.0
17240	0.0
17241	0.0
17242	0.0
17243	0.0
17244	0.00392156862745098
17245	0.00392156862745098
17246	0.00392156862745098
17247	0.0
17248	0.0
17249	0.0
17250	0.0
17251	0.0
17252	0.0
17253	0.00784313725490196
17254	0.00784313725490196
17255	0.00784313725490196
17256	0.0
17257	0.0
17258	0.0
17259	0.0
17260	0.0
17261	0.0
17262	0.00392156862745098
17263	0.00392156862745098
17264	0.00392156862745098
17265	0.00392156862745098
17266	0.00392156862745098
17267	0.00392156862745098
17268	0.00392156862745098
17269	0.0
17270	0.00392156862745098
17271	0.0
17272	0.0
17273	0.0
17274	0.0
17275	0.0
17276	0.0
17277	0.00392156862745098
17278	0.00392156862745098
17279	0.00392156862745098
17280	0.0
17281	0.0
17282	0.0
17283	0.011764705882352941
17284	0.00784313725490196
17285	0.011764705882352941
17286	0.00392156862745098
17287	0.00392156862745098
17288	0.00392156862745098
17289	0.0
17290	0.0
17291	0.0
17292	0.0
17293	0.0
17294	0.0
17295	0.0
17296	0.0
17297	0.0
17298	0.0
17299	0.0
17300	0.0
17301	0.0
17302	0.0
17303	0.0
17304	0.0
17305	0.0
17306	0.0
17307	0.0
17308	0.0
17309	0.0
17310	0.0
17311	0.00392156862745098
17312	0.00392156862745098
17313	0.00392156862745098
17314	0.00392156862745098
17315	0.00392156862745098
17316	0.0
17317	0.0
17318	0.0
17319	0.0
17320	0.0
17321	0.0
17322	0.0
17323	0.0
17324	0.0
17325	0.0
17326	0.0
17327	0.0
17328	0.0
17329	0.0
17330	0.0
17331	0.0
17332	0.0
17333	0.0
17334	0.0
17335	0.0
17336	0.0
17337	0.0
17338	0.0
17339	0.0
17340	0.0
17341	0.0
17342	0.0
17343	0.0
17344	0.0
17345	0.0
17346	0.00392156862745098
17347	0.00392156862745098
17348	0.00392156862745098
17349	0.0
17350	0.0
17351	0.0
17352	0.0
17353	0.0
17354	0.0
17355	0.0
17356	0.0
17357	0.0
17358	0.00392156862745098
17359	0.00392156862745098
17360	0.00392156862745098
17361	0.00392156862745098
17362	0.00392156862745098
17363	0.00392156862745098
17364	0.0
17365	0.0
17366	0.0
17367	0.0
17368	0.0
17369	0.00784313725490196
17370	0.0
17371	0.0
17372	0.0
17373	0.0
17374	0.0
17375	0.0
17376	0.0
17377	0.0
17378	0.00392156862745098
17379	0.0
17380	0.0
17381	0.0
17382	0.0
17383	0.0
17384	0.0
17385	0.0
17386	0.0
17387	0.0
17388	0.0
17389	0.0
17390	0.0
17391	0.0
17392	0.0
17393	0.0
17394	0.0
17395	0.0
17396	0.0
17397	0.0
17398	0.0
17399	0.0
17400	0.0
17401	0.0
17402	0.0
17403	0.0
17404	0.0
17405	0.0
17406	0.00392156862745098
17407	0.00392156862745098
17408	0.00392156862745098
17409	0.00392156862745098
17410	0.00392156862745098
17411	0.00392156862745098
17412	0.00392156862745098
17413	0.00392156862745098
17414	0.00392156862745098
17415	0.0
17416	0.0
17417	0.0
17418	0.0
17419	0.0
17420	0.0
17421	0.00392156862745098
17422	0.00392156862745098
17423	0.00392156862745098
17424	0.00784313725490196
17425	0.00784313725490196
17426	0.00784313725490196
17427	0.0
17428	0.0
17429	0.0
17430	0.0
17431	0.0
17432	0.0
17433	0.00392156862745098
17434	0.00392156862745098
17435	0.00392156862745098
17436	0.00392156862745098
17437	0.00392156862745098
17438	0.00392156862745098
17439	0.0
17440	0.0
17441	0.0
17442	0.0
17443	0.0
17444	0.0
17445	0.00392156862745098
17446	0.00784313725490196
17447	0.00784313725490196
17448	0.00392156862745098
17449	0.00392156862745098
17450	0.00392156862745098
17451	0.00392156862745098
17452	0.00784313725490196
17453	0.00784313725490196
17454	0.00392156862745098
17455	0.00392156862745098
17456	0.00392156862745098
17457	0.0
17458	0.0
17459	0.0
17460	0.0
17461	0.0
17462	0.0
17463	0.00392156862745098
17464	0.00392156862745098
17465	0.00392156862745098
17466	0.00392156862745098
17467	0.00392156862745098
17468	0.00392156862745098
17469	0.0
17470	0.0
17471	0.0
17472	0.0
17473	0.0
17474	0.0
17475	0.00784313725490196
17476	0.00784313725490196
17477	0.00784313725490196
17478	0.0
17479	0.0
17480	0.0
17481	0.00392156862745098
17482	0.00392156862745098
17483	0.00392156862745098
17484	0.00392156862745098
17485	0.00392156862745098
17486	0.00392156862745098
17487	0.00392156862745098
17488	0.00392156862745098
17489	0.00392156862745098
17490	0.0
17491	0.0
17492	0.0
17493	0.00392156862745098
17494	0.0
17495	0.0
17496	0.011764705882352941
17497	0.00784313725490196
17498	0.00392156862745098
17499	0.00784313725490196
17500	0.0
17501	0.0
17502	0.00392156862745098
17503	0.00392156862745098
17504	0.0
17505	0.00392156862745098
17506	0.00392156862745098
17507	0.00392156862745098
17508	0.0
17509	0.0
17510	0.0
17511	0.00392156862745098
17512	0.00392156862745098
17513	0.00392156862745098
17514	0.0
17515	0.0
17516	0.0
17517	0.00784313725490196
17518	0.00784313725490196
17519	0.00784313725490196
17520	0.0
17521	0.0
17522	0.0
17523	0.0
17524	0.0
17525	0.0
17526	0.0
17527	0.0
17528	0.0
17529	0.0
17530	0.0
17531	0.0
17532	0.00784313725490196
17533	0.00784313725490196
17534	0.00784313725490196
17535	0.00392156862745098
17536	0.00392156862745098
17537	0.00392156862745098
17538	0.00784313725490196
17539	0.00784313725490196
17540	0.00784313725490196
17541	0.011764705882352941
17542	0.011764705882352941
17543	0.011764705882352941
17544	0.00392156862745098
17545	0.00392156862745098
17546	0.00392156862745098
17547	0.0
17548	0.0
17549	0.0
17550	0.00392156862745098
17551	0.00392156862745098
17552	0.00392156862745098
17553	0.00392156862745098
17554	0.00392156862745098
17555	0.00392156862745098
17556	0.0
17557	0.0
17558	0.0
17559	0.00392156862745098
17560	0.00392156862745098
17561	0.00392156862745098
17562	0.0
17563	0.0
17564	0.0
17565	0.00784313725490196
17566	0.00784313725490196
17567	0.00784313725490196
17568	0.00392156862745098
17569	0.00392156862745098
17570	0.00392156862745098
17571	0.0
17572	0.0
17573	0.0
17574	0.0
17575	0.0
17576	0.0
17577	0.0
17578	0.0
17579	0.0
17580	0.0
17581	0.0
17582	0.0
17583	0.00784313725490196
17584	0.00784313725490196
17585	0.00784313725490196
17586	0.00392156862745098
17587	0.00392156862745098
17588	0.00392156862745098
17589	0.0
17590	0.0
17591	0.0
17592	0.0
17593	0.0
17594	0.0
17595	0.0
17596	0.0
17597	0.0
17598	0.0
17599	0.00392156862745098
17600	0.00784313725490196
17601	0.00784313725490196
17602	0.00784313725490196
17603	0.023529411764705882
17604	0.01568627450980392
17605	0.00784313725490196
17606	0.011764705882352941
17607	0.011764705882352941
17608	0.00784313725490196
17609	0.01568627450980392
17610	0.023529411764705882
17611	0.00784313725490196
17612	0.0196078431372549
17613	0.023529411764705882
17614	0.011764705882352941
17615	0.01568627450980392
17616	0.01568627450980392
17617	0.011764705882352941
17618	0.0
17619	0.0
17620	0.0
17621	0.0
17622	0.0
17623	0.0
17624	0.0
17625	0.0
17626	0.0
17627	0.0
17628	0.0
17629	0.0
17630	0.0
17631	0.0
17632	0.0
17633	0.0
17634	0.0
17635	0.0
17636	0.0
17637	0.00392156862745098
17638	0.00392156862745098
17639	0.00392156862745098
17640	0.0
17641	0.0
17642	0.0
17643	0.0
17644	0.0
17645	0.0
17646	0.00784313725490196
17647	0.00784313725490196
17648	0.00784313725490196
17649	0.0
17650	0.0
17651	0.0
17652	0.0
17653	0.00392156862745098
17654	0.00392156862745098
17655	0.0
17656	0.0
17657	0.0
17658	0.0
17659	0.0
17660	0.0
17661	0.00392156862745098
17662	0.00392156862745098
17663	0.00392156862745098
17664	0.0
17665	0.0
17666	0.0
17667	0.00784313725490196
17668	0.00392156862745098
17669	0.00784313725490196
17670	0.0
17671	0.0
17672	0.0
17673	0.0
17674	0.0
17675	0.0
17676	0.0
17677	0.0
17678	0.0
17679	0.0
17680	0.00392156862745098
17681	0.00392156862745098
17682	0.0
17683	0.0
17684	0.0
17685	0.0
17686	0.0
17687	0.0
17688	0.0
17689	0.0
17690	0.0
17691	0.00392156862745098
17692	0.00392156862745098
17693	0.00392156862745098
17694	0.00784313725490196
17695	0.00784313725490196
17696	0.00784313725490196
17697	0.00392156862745098
17698	0.00392156862745098
17699	0.00392156862745098
17700	0.0
17701	0.0
17702	0.0
17703	0.0
17704	0.0
17705	0.0
17706	0.0
17707	0.0
17708	0.0
17709	0.0
17710	0.0
17711	0.0
17712	0.0
17713	0.0
17714	0.0
17715	0.00392156862745098
17716	0.00392156862745098
17717	0.00392156862745098
17718	0.0
17719	0.0
17720	0.0
17721	0.0
17722	0.0
17723	0.0
17724	0.0
17725	0.0
17726	0.0
17727	0.0
17728	0.0
17729	0.0
17730	0.011764705882352941
17731	0.011764705882352941
17732	0.011764705882352941
17733	0.0
17734	0.0
17735	0.0
17736	0.0
17737	0.0
17738	0.0
17739	0.0
17740	0.0
17741	0.0
17742	0.0
17743	0.00392156862745098
17744	0.0
17745	0.00392156862745098
17746	0.00392156862745098
17747	0.0
17748	0.0
17749	0.0
17750	0.0
17751	0.0
17752	0.0
17753	0.00392156862745098
17754	0.0
17755	0.00392156862745098
17756	0.00784313725490196
17757	0.00392156862745098
17758	0.00392156862745098
17759	0.00392156862745098
17760	0.00392156862745098
17761	0.00392156862745098
17762	0.00392156862745098
17763	0.0
17764	0.0
17765	0.0
17766	0.0
17767	0.0
17768	0.0
17769	0.00784313725490196
17770	0.00784313725490196
17771	0.00784313725490196
17772	0.00392156862745098
17773	0.00392156862745098
17774	0.00392156862745098
17775	0.0
17776	0.0
17777	0.0
17778	0.0
17779	0.0
17780	0.0
17781	0.0
17782	0.0
17783	0.0
17784	0.0
17785	0.0
17786	0.0
17787	0.0
17788	0.0
17789	0.0
17790	0.00784313725490196
17791	0.00784313725490196
17792	0.00784313725490196
17793	0.00784313725490196
17794	0.00784313725490196
17795	0.00784313725490196
17796	0.00392156862745098
17797	0.00392156862745098
17798	0.00392156862745098
17799	0.0
17800	0.0
17801	0.0
17802	0.00784313725490196
17803	0.00392156862745098
17804	0.00784313725490196
17805	0.00392156862745098
17806	0.00392156862745098
17807	0.00392156862745098
17808	0.0
17809	0.0
17810	0.0
17811	0.0
17812	0.0
17813	0.0
17814	0.0
17815	0.0
17816	0.0
17817	0.00392156862745098
17818	0.00392156862745098
17819	0.00392156862745098
17820	0.0
17821	0.0
17822	0.0
17823	0.0
17824	0.0
17825	0.0
17826	0.0
17827	0.0
17828	0.0
17829	0.00784313725490196
17830	0.00784313725490196
17831	0.00392156862745098
17832	0.01568627450980392
17833	0.00392156862745098
17834	0.00392156862745098
17835	0.011764705882352941
17836	0.00392156862745098
17837	0.0
17838	0.00392156862745098
17839	0.0
17840	0.0
17841	0.0
17842	0.0
17843	0.0
17844	0.00392156862745098
17845	0.00392156862745098
17846	0.00392156862745098
17847	0.00784313725490196
17848	0.00784313725490196
17849	0.00784313725490196
17850	0.0
17851	0.0
17852	0.0
17853	0.0
17854	0.0
17855	0.0
17856	0.0
17857	0.0
17858	0.0
17859	0.00392156862745098
17860	0.00392156862745098
17861	0.00392156862745098
17862	0.0
17863	0.0
17864	0.0
17865	0.00392156862745098
17866	0.00392156862745098
17867	0.00392156862745098
17868	0.00784313725490196
17869	0.00784313725490196
17870	0.00784313725490196
17871	0.00392156862745098
17872	0.00392156862745098
17873	0.00392156862745098
17874	0.0
17875	0.00392156862745098
17876	0.00784313725490196
17877	0.00784313725490196
17878	0.00784313725490196
17879	0.01568627450980392
17880	0.00784313725490196
17881	0.00784313725490196
17882	0.00392156862745098
17883	0.00784313725490196
17884	0.011764705882352941
17885	0.0
17886	0.00392156862745098
17887	0.00392156862745098
17888	0.0
17889	0.00392156862745098
17890	0.00392156862745098
17891	0.00784313725490196
17892	0.00392156862745098
17893	0.00392156862745098
17894	0.00392156862745098
17895	0.0
17896	0.0
17897	0.0
17898	0.0
17899	0.0
17900	0.0
17901	0.00784313725490196
17902	0.00784313725490196
17903	0.00784313725490196
17904	0.00392156862745098
17905	0.00392156862745098
17906	0.00392156862745098
17907	0.0
17908	0.0
17909	0.0
17910	0.0
17911	0.0
17912	0.0
17913	0.00392156862745098
17914	0.00392156862745098
17915	0.00392156862745098
17916	0.011764705882352941
17917	0.011764705882352941
17918	0.011764705882352941
17919	0.0
17920	0.0
17921	0.0
17922	0.00784313725490196
17923	0.00784313725490196
17924	0.00784313725490196
17925	0.00392156862745098
17926	0.00392156862745098
17927	0.00392156862745098
17928	0.00392156862745098
17929	0.00392156862745098
17930	0.00392156862745098
17931	0.00392156862745098
17932	0.00392156862745098
17933	0.00392156862745098
17934	0.00392156862745098
17935	0.00392156862745098
17936	0.00392156862745098
17937	0.00392156862745098
17938	0.00392156862745098
17939	0.00392156862745098
17940	0.0
17941	0.0
17942	0.0
17943	0.00392156862745098
17944	0.00392156862745098
17945	0.00392156862745098
17946	0.00784313725490196
17947	0.00784313725490196
17948	0.00784313725490196
17949	0.00784313725490196
17950	0.00784313725490196
17951	0.00784313725490196
17952	0.00392156862745098
17953	0.00392156862745098
17954	0.00392156862745098
17955	0.0
17956	0.0
17957	0.0
17958	0.00784313725490196
17959	0.00784313725490196
17960	0.00784313725490196
17961	0.0
17962	0.0
17963	0.0
17964	0.00392156862745098
17965	0.00392156862745098
17966	0.00392156862745098
17967	0.00392156862745098
17968	0.00392156862745098
17969	0.00392156862745098
17970	0.00392156862745098
17971	0.00392156862745098
17972	0.00392156862745098
17973	0.0
17974	0.0
17975	0.0
17976	0.0
17977	0.0
17978	0.0
17979	0.0
17980	0.0
17981	0.0
17982	0.0
17983	0.00392156862745098
17984	0.0196078431372549
17985	0.011764705882352941
17986	0.00784313725490196
17987	0.0196078431372549
17988	0.023529411764705882
17989	0.0
17990	0.01568627450980392
17991	0.011764705882352941
17992	0.00392156862745098
17993	0.01568627450980392
17994	0.0196078431372549
17995	0.00392156862745098
17996	0.011764705882352941
17997	0.01568627450980392
17998	0.00784313725490196
17999	0.011764705882352941
18000	0.00784313725490196
18001	0.00392156862745098
18002	0.00392156862745098
18003	0.0
18004	0.0
18005	0.0
18006	0.0
18007	0.0
18008	0.0
18009	0.0
18010	0.0
18011	0.0
18012	0.0
18013	0.0
18014	0.0
18015	0.0
18016	0.0
18017	0.0
18018	0.0
18019	0.0
18020	0.0
18021	0.0
18022	0.0
18023	0.0
18024	0.0
18025	0.0
18026	0.0
18027	0.0
18028	0.0
18029	0.0
18030	0.00392156862745098
18031	0.00392156862745098
18032	0.00392156862745098
18033	0.0
18034	0.0
18035	0.0
18036	0.00392156862745098
18037	0.00392156862745098
18038	0.00392156862745098
18039	0.00392156862745098
18040	0.00392156862745098
18041	0.00784313725490196
18042	0.00392156862745098
18043	0.00392156862745098
18044	0.0
18045	0.00392156862745098
18046	0.0
18047	0.0
18048	0.0
18049	0.00392156862745098
18050	0.00392156862745098
18051	0.00392156862745098
18052	0.00392156862745098
18053	0.01568627450980392
18054	0.00392156862745098
18055	0.00392156862745098
18056	0.00392156862745098
18057	0.0
18058	0.0
18059	0.0
18060	0.00392156862745098
18061	0.00392156862745098
18062	0.00392156862745098
18063	0.00392156862745098
18064	0.00784313725490196
18065	0.011764705882352941
18066	0.00392156862745098
18067	0.00784313725490196
18068	0.00784313725490196
18069	0.0
18070	0.0
18071	0.0
18072	0.00392156862745098
18073	0.00392156862745098
18074	0.00392156862745098
18075	0.00392156862745098
18076	0.00392156862745098
18077	0.00392156862745098
18078	0.00784313725490196
18079	0.00784313725490196
18080	0.00784313725490196
18081	0.00392156862745098
18082	0.00392156862745098
18083	0.00392156862745098
18084	0.0
18085	0.0
18086	0.0
18087	0.0
18088	0.0
18089	0.0
18090	0.0
18091	0.0
18092	0.0
18093	0.0
18094	0.0
18095	0.0
18096	0.0
18097	0.0
18098	0.0
18099	0.0
18100	0.0
18101	0.0
18102	0.0
18103	0.0
18104	0.0
18105	0.0
18106	0.0
18107	0.0
18108	0.0
18109	0.0
18110	0.0
18111	0.0
18112	0.0
18113	0.0
18114	0.0
18115	0.0
18116	0.0
18117	0.0
18118	0.0
18119	0.0
18120	0.0
18121	0.0
18122	0.0
18123	0.0
18124	0.00392156862745098
18125	0.011764705882352941
18126	0.00784313725490196
18127	0.00392156862745098
18128	0.00784313725490196
18129	0.00784313725490196
18130	0.00784313725490196
18131	0.0
18132	0.0
18133	0.0
18134	0.0
18135	0.0
18136	0.0
18137	0.0
18138	0.00392156862745098
18139	0.00784313725490196
18140	0.00784313725490196
18141	0.011764705882352941
18142	0.011764705882352941
18143	0.011764705882352941
18144	0.011764705882352941
18145	0.00784313725490196
18146	0.00392156862745098
18147	0.00784313725490196
18148	0.00784313725490196
18149	0.0
18150	0.00392156862745098
18151	0.00392156862745098
18152	0.00392156862745098
18153	0.0
18154	0.0
18155	0.0
18156	0.00784313725490196
18157	0.00784313725490196
18158	0.00784313725490196
18159	0.0
18160	0.0
18161	0.0
18162	0.0
18163	0.0
18164	0.0
18165	0.00392156862745098
18166	0.00392156862745098
18167	0.00392156862745098
18168	0.00784313725490196
18169	0.00784313725490196
18170	0.00784313725490196
18171	0.00392156862745098
18172	0.00392156862745098
18173	0.00392156862745098
18174	0.00784313725490196
18175	0.00784313725490196
18176	0.00784313725490196
18177	0.00392156862745098
18178	0.00392156862745098
18179	0.00392156862745098
18180	0.00784313725490196
18181	0.00784313725490196
18182	0.00784313725490196
18183	0.00392156862745098
18184	0.00392156862745098
18185	0.0
18186	0.00392156862745098
18187	0.00392156862745098
18188	0.00392156862745098
18189	0.0
18190	0.0
18191	0.0
18192	0.00392156862745098
18193	0.00392156862745098
18194	0.00392156862745098
18195	0.00392156862745098
18196	0.00392156862745098
18197	0.00392156862745098
18198	0.00392156862745098
18199	0.00392156862745098
18200	0.00392156862745098
18201	0.00392156862745098
18202	0.00392156862745098
18203	0.00392156862745098
18204	0.00392156862745098
18205	0.00392156862745098
18206	0.00392156862745098
18207	0.00784313725490196
18208	0.00784313725490196
18209	0.00784313725490196
18210	0.0
18211	0.0
18212	0.0
18213	0.00392156862745098
18214	0.00392156862745098
18215	0.0
18216	0.00784313725490196
18217	0.00392156862745098
18218	0.00392156862745098
18219	0.011764705882352941
18220	0.00784313725490196
18221	0.00784313725490196
18222	0.00392156862745098
18223	0.0
18224	0.0
18225	0.0
18226	0.0
18227	0.0
18228	0.0
18229	0.0
18230	0.0
18231	0.00392156862745098
18232	0.00392156862745098
18233	0.00392156862745098
18234	0.00392156862745098
18235	0.00392156862745098
18236	0.00392156862745098
18237	0.00392156862745098
18238	0.00392156862745098
18239	0.00392156862745098
18240	0.00392156862745098
18241	0.00392156862745098
18242	0.00392156862745098
18243	0.00392156862745098
18244	0.00392156862745098
18245	0.00392156862745098
18246	0.00392156862745098
18247	0.00392156862745098
18248	0.00392156862745098
18249	0.00784313725490196
18250	0.00784313725490196
18251	0.00784313725490196
18252	0.00784313725490196
18253	0.00784313725490196
18254	0.00784313725490196
18255	0.00392156862745098
18256	0.00392156862745098
18257	0.00392156862745098
18258	0.00784313725490196
18259	0.00784313725490196
18260	0.01568627450980392
18261	0.00392156862745098
18262	0.011764705882352941
18263	0.01568627450980392
18264	0.00392156862745098
18265	0.00392156862745098
18266	0.00784313725490196
18267	0.011764705882352941
18268	0.011764705882352941
18269	0.00784313725490196
18270	0.00392156862745098
18271	0.00392156862745098
18272	0.00392156862745098
18273	0.0
18274	0.0
18275	0.0
18276	0.00392156862745098
18277	0.00392156862745098
18278	0.00392156862745098
18279	0.00392156862745098
18280	0.00392156862745098
18281	0.00392156862745098
18282	0.00392156862745098
18283	0.00392156862745098
18284	0.00392156862745098
18285	0.00392156862745098
18286	0.00392156862745098
18287	0.00392156862745098
18288	0.00784313725490196
18289	0.00784313725490196
18290	0.00784313725490196
18291	0.00392156862745098
18292	0.00392156862745098
18293	0.00392156862745098
18294	0.0
18295	0.0
18296	0.0
18297	0.00784313725490196
18298	0.00784313725490196
18299	0.00784313725490196
18300	0.00392156862745098
18301	0.00392156862745098
18302	0.00392156862745098
18303	0.0
18304	0.0
18305	0.0
18306	0.0
18307	0.0
18308	0.0
18309	0.00392156862745098
18310	0.00392156862745098
18311	0.00392156862745098
18312	0.0
18313	0.0
18314	0.0
18315	0.0
18316	0.0
18317	0.0
18318	0.00392156862745098
18319	0.00392156862745098
18320	0.00392156862745098
18321	0.00392156862745098
18322	0.00392156862745098
18323	0.00392156862745098
18324	0.00392156862745098
18325	0.00392156862745098
18326	0.00392156862745098
18327	0.00392156862745098
18328	0.00392156862745098
18329	0.00392156862745098
18330	0.00392156862745098
18331	0.00392156862745098
18332	0.00392156862745098
18333	0.0
18334	0.0
18335	0.0
18336	0.0
18337	0.0
18338	0.0
18339	0.00392156862745098
18340	0.00392156862745098
18341	0.00392156862745098
18342	0.00784313725490196
18343	0.00784313725490196
18344	0.00784313725490196
18345	0.0
18346	0.0
18347	0.0
18348	0.0
18349	0.0
18350	0.0
18351	0.0
18352	0.0
18353	0.0
18354	0.0
18355	0.0
18356	0.0
18357	0.0
18358	0.0
18359	0.0
18360	0.0
18361	0.0
18362	0.0
18363	0.0
18364	0.0
18365	0.0
18366	0.0
18367	0.00392156862745098
18368	0.00392156862745098
18369	0.011764705882352941
18370	0.00784313725490196
18371	0.011764705882352941
18372	0.03137254901960784
18373	0.0
18374	0.01568627450980392
18375	0.01568627450980392
18376	0.0
18377	0.01568627450980392
18378	0.01568627450980392
18379	0.00784313725490196
18380	0.01568627450980392
18381	0.011764705882352941
18382	0.00784313725490196
18383	0.011764705882352941
18384	0.0
18385	0.00392156862745098
18386	0.00392156862745098
18387	0.0
18388	0.0
18389	0.0
18390	0.0
18391	0.0
18392	0.0
18393	0.0
18394	0.0
18395	0.0
18396	0.0
18397	0.0
18398	0.0
18399	0.0
18400	0.0
18401	0.0
18402	0.00392156862745098
18403	0.00392156862745098
18404	0.00392156862745098
18405	0.00392156862745098
18406	0.00392156862745098
18407	0.00392156862745098
18408	0.0
18409	0.0
18410	0.0
18411	0.0
18412	0.0
18413	0.0
18414	0.0
18415	0.0
18416	0.0
18417	0.0
18418	0.0
18419	0.0
18420	0.0
18421	0.0
18422	0.0
18423	0.00392156862745098
18424	0.011764705882352941
18425	0.01568627450980392
18426	0.00392156862745098
18427	0.00784313725490196
18428	0.01568627450980392
18429	0.0
18430	0.00392156862745098
18431	0.011764705882352941
18432	0.00392156862745098
18433	0.00392156862745098
18434	0.01568627450980392
18435	0.0
18436	0.00784313725490196
18437	0.0196078431372549
18438	0.0
18439	0.0
18440	0.00784313725490196
18441	0.0
18442	0.0
18443	0.0
18444	0.00784313725490196
18445	0.00784313725490196
18446	0.01568627450980392
18447	0.00392156862745098
18448	0.00392156862745098
18449	0.011764705882352941
18450	0.0
18451	0.0
18452	0.00392156862745098
18453	0.011764705882352941
18454	0.00784313725490196
18455	0.00784313725490196
18456	0.00392156862745098
18457	0.00392156862745098
18458	0.0
18459	0.0
18460	0.0
18461	0.0
18462	0.00784313725490196
18463	0.00784313725490196
18464	0.00784313725490196
18465	0.0
18466	0.0
18467	0.0
18468	0.0
18469	0.0
18470	0.0
18471	0.00392156862745098
18472	0.00392156862745098
18473	0.00392156862745098
18474	0.0
18475	0.0
18476	0.0
18477	0.0
18478	0.0
18479	0.0
18480	0.0
18481	0.0
18482	0.0
18483	0.0
18484	0.0
18485	0.0
18486	0.0
18487	0.0
18488	0.0
18489	0.0
18490	0.0
18491	0.0
18492	0.0
18493	0.0
18494	0.0
18495	0.0
18496	0.0
18497	0.0
18498	0.0
18499	0.0
18500	0.0
18501	0.0
18502	0.0
18503	0.0
18504	0.0
18505	0.0
18506	0.0
18507	0.0
18508	0.0
18509	0.00392156862745098
18510	0.00784313725490196
18511	0.00784313725490196
18512	0.011764705882352941
18513	0.01568627450980392
18514	0.011764705882352941
18515	0.00784313725490196
18516	0.0
18517	0.0
18518	0.0
18519	0.0
18520	0.0
18521	0.0
18522	0.011764705882352941
18523	0.011764705882352941
18524	0.011764705882352941
18525	0.011764705882352941
18526	0.00784313725490196
18527	0.00784313725490196
18528	0.00784313725490196
18529	0.00392156862745098
18530	0.00784313725490196
18531	0.00392156862745098
18532	0.00392156862745098
18533	0.0
18534	0.00392156862745098
18535	0.00392156862745098
18536	0.00392156862745098
18537	0.0
18538	0.0
18539	0.0
18540	0.00392156862745098
18541	0.00392156862745098
18542	0.00392156862745098
18543	0.0
18544	0.0
18545	0.0
18546	0.0
18547	0.0
18548	0.0
18549	0.0
18550	0.0
18551	0.0
18552	0.00392156862745098
18553	0.00392156862745098
18554	0.00392156862745098
18555	0.00392156862745098
18556	0.00392156862745098
18557	0.00392156862745098
18558	0.00392156862745098
18559	0.00392156862745098
18560	0.00392156862745098
18561	0.00392156862745098
18562	0.00392156862745098
18563	0.00392156862745098
18564	0.00392156862745098
18565	0.00392156862745098
18566	0.00392156862745098
18567	0.00784313725490196
18568	0.00784313725490196
18569	0.00784313725490196
18570	0.00784313725490196
18571	0.00784313725490196
18572	0.00784313725490196
18573	0.0
18574	0.0
18575	0.0
18576	0.0
18577	0.0
18578	0.0
18579	0.00392156862745098
18580	0.00392156862745098
18581	0.00392156862745098
18582	0.00784313725490196
18583	0.00784313725490196
18584	0.00784313725490196
18585	0.00392156862745098
18586	0.00392156862745098
18587	0.00392156862745098
18588	0.00392156862745098
18589	0.00392156862745098
18590	0.00392156862745098
18591	0.00392156862745098
18592	0.00392156862745098
18593	0.00392156862745098
18594	0.00392156862745098
18595	0.00392156862745098
18596	0.00392156862745098
18597	0.00784313725490196
18598	0.00392156862745098
18599	0.0
18600	0.00392156862745098
18601	0.00392156862745098
18602	0.0
18603	0.00392156862745098
18604	0.00392156862745098
18605	0.00392156862745098
18606	0.00392156862745098
18607	0.00392156862745098
18608	0.00392156862745098
18609	0.0
18610	0.0
18611	0.0
18612	0.00392156862745098
18613	0.00392156862745098
18614	0.00392156862745098
18615	0.00392156862745098
18616	0.00392156862745098
18617	0.00392156862745098
18618	0.011764705882352941
18619	0.011764705882352941
18620	0.011764705882352941
18621	0.00784313725490196
18622	0.00784313725490196
18623	0.00784313725490196
18624	0.00392156862745098
18625	0.00392156862745098
18626	0.00392156862745098
18627	0.00392156862745098
18628	0.00392156862745098
18629	0.00392156862745098
18630	0.00392156862745098
18631	0.00392156862745098
18632	0.00392156862745098
18633	0.00784313725490196
18634	0.00784313725490196
18635	0.00784313725490196
18636	0.00392156862745098
18637	0.00392156862745098
18638	0.00392156862745098
18639	0.0
18640	0.0
18641	0.0
18642	0.00784313725490196
18643	0.00784313725490196
18644	0.00784313725490196
18645	0.011764705882352941
18646	0.011764705882352941
18647	0.00784313725490196
18648	0.00392156862745098
18649	0.00392156862745098
18650	0.00392156862745098
18651	0.00784313725490196
18652	0.00784313725490196
18653	0.00784313725490196
18654	0.0
18655	0.0
18656	0.0
18657	0.00392156862745098
18658	0.00392156862745098
18659	0.00392156862745098
18660	0.011764705882352941
18661	0.011764705882352941
18662	0.011764705882352941
18663	0.00784313725490196
18664	0.00784313725490196
18665	0.00784313725490196
18666	0.0
18667	0.0
18668	0.0
18669	0.0
18670	0.0
18671	0.0
18672	0.0
18673	0.0
18674	0.0
18675	0.0
18676	0.0
18677	0.0
18678	0.0
18679	0.0
18680	0.0
18681	0.00392156862745098
18682	0.00392156862745098
18683	0.00392156862745098
18684	0.0
18685	0.0
18686	0.0
18687	0.0
18688	0.0
18689	0.0
18690	0.0
18691	0.0
18692	0.0
18693	0.00784313725490196
18694	0.00784313725490196
18695	0.00784313725490196
18696	0.00784313725490196
18697	0.00784313725490196
18698	0.00784313725490196
18699	0.00392156862745098
18700	0.00392156862745098
18701	0.00392156862745098
18702	0.0
18703	0.0
18704	0.0
18705	0.00392156862745098
18706	0.00392156862745098
18707	0.00392156862745098
18708	0.00784313725490196
18709	0.00784313725490196
18710	0.00784313725490196
18711	0.00392156862745098
18712	0.00392156862745098
18713	0.00392156862745098
18714	0.00392156862745098
18715	0.00392156862745098
18716	0.00392156862745098
18717	0.0
18718	0.0
18719	0.0
18720	0.00392156862745098
18721	0.00392156862745098
18722	0.00392156862745098
18723	0.0
18724	0.0
18725	0.0
18726	0.00392156862745098
18727	0.00392156862745098
18728	0.00392156862745098
18729	0.0
18730	0.0
18731	0.0
18732	0.0
18733	0.0
18734	0.0
18735	0.0
18736	0.0
18737	0.0
18738	0.0
18739	0.0
18740	0.0
18741	0.0
18742	0.0
18743	0.0
18744	0.0
18745	0.0
18746	0.0
18747	0.0
18748	0.0
18749	0.0
18750	0.0
18751	0.0
18752	0.0
18753	0.00392156862745098
18754	0.0
18755	0.0
18756	0.011764705882352941
18757	0.0
18758	0.00784313725490196
18759	0.0196078431372549
18760	0.00392156862745098
18761	0.011764705882352941
18762	0.00392156862745098
18763	0.00784313725490196
18764	0.011764705882352941
18765	0.00392156862745098
18766	0.0
18767	0.011764705882352941
18768	0.00392156862745098
18769	0.00392156862745098
18770	0.00784313725490196
18771	0.0
18772	0.0
18773	0.0
18774	0.0
18775	0.0
18776	0.0
18777	0.0
18778	0.0
18779	0.0
18780	0.0
18781	0.0
18782	0.0
18783	0.0
18784	0.0
18785	0.0
18786	0.0
18787	0.0
18788	0.0
18789	0.00392156862745098
18790	0.00392156862745098
18791	0.00392156862745098
18792	0.0
18793	0.0
18794	0.0
18795	0.0
18796	0.0
18797	0.0
18798	0.0
18799	0.0
18800	0.0
18801	0.0
18802	0.0
18803	0.0
18804	0.0
18805	0.00392156862745098
18806	0.0
18807	0.0
18808	0.00392156862745098
18809	0.00392156862745098
18810	0.0
18811	0.00784313725490196
18812	0.023529411764705882
18813	0.0
18814	0.00784313725490196
18815	0.0196078431372549
18816	0.00392156862745098
18817	0.00784313725490196
18818	0.027450980392156862
18819	0.00392156862745098
18820	0.00392156862745098
18821	0.01568627450980392
18822	0.00784313725490196
18823	0.00784313725490196
18824	0.00784313725490196
18825	0.00392156862745098
18826	0.00392156862745098
18827	0.00392156862745098
18828	0.0
18829	0.0
18830	0.0
18831	0.0
18832	0.00784313725490196
18833	0.01568627450980392
18834	0.0
18835	0.00784313725490196
18836	0.011764705882352941
18837	0.0
18838	0.0
18839	0.0
18840	0.0
18841	0.0
18842	0.0
18843	0.00392156862745098
18844	0.00392156862745098
18845	0.00392156862745098
18846	0.0
18847	0.0
18848	0.0
18849	0.0
18850	0.0
18851	0.0
18852	0.0
18853	0.0
18854	0.0
18855	0.0
18856	0.0
18857	0.0
18858	0.0
18859	0.0
18860	0.0
18861	0.0
18862	0.0
18863	0.0
18864	0.0
18865	0.0
18866	0.0
18867	0.0
18868	0.0
18869	0.0
18870	0.0
18871	0.0
18872	0.0
18873	0.0
18874	0.0
18875	0.0
18876	0.0
18877	0.0
18878	0.0
18879	0.0
18880	0.0
18881	0.0
18882	0.0
18883	0.0
18884	0.0
18885	0.0
18886	0.0
18887	0.0
18888	0.0
18889	0.0
18890	0.0
18891	0.0
18892	0.0
18893	0.0
18894	0.011764705882352941
18895	0.00784313725490196
18896	0.00784313725490196
18897	0.011764705882352941
18898	0.00784313725490196
18899	0.00392156862745098
18900	0.00392156862745098
18901	0.00392156862745098
18902	0.00392156862745098
18903	0.00784313725490196
18904	0.00784313725490196
18905	0.00784313725490196
18906	0.00784313725490196
18907	0.00784313725490196
18908	0.00784313725490196
18909	0.00784313725490196
18910	0.00784313725490196
18911	0.00784313725490196
18912	0.0
18913	0.0
18914	0.0
18915	0.00392156862745098
18916	0.00392156862745098
18917	0.00392156862745098
18918	0.00392156862745098
18919	0.00392156862745098
18920	0.00392156862745098
18921	0.0
18922	0.0
18923	0.0
18924	0.0
18925	0.0
18926	0.0
18927	0.0
18928	0.0
18929	0.0
18930	0.0
18931	0.0
18932	0.0
18933	0.00392156862745098
18934	0.00392156862745098
18935	0.00392156862745098
18936	0.0
18937	0.0
18938	0.0
18939	0.0
18940	0.0
18941	0.0
18942	0.0
18943	0.0
18944	0.0
18945	0.00392156862745098
18946	0.00392156862745098
18947	0.00392156862745098
18948	0.00392156862745098
18949	0.00392156862745098
18950	0.00392156862745098
18951	0.0
18952	0.0
18953	0.0
18954	0.00784313725490196
18955	0.00784313725490196
18956	0.00784313725490196
18957	0.00784313725490196
18958	0.00784313725490196
18959	0.00784313725490196
18960	0.00392156862745098
18961	0.00392156862745098
18962	0.00392156862745098
18963	0.00392156862745098
18964	0.00392156862745098
18965	0.00392156862745098
18966	0.00784313725490196
18967	0.00784313725490196
18968	0.00784313725490196
18969	0.0
18970	0.0
18971	0.0
18972	0.0
18973	0.0
18974	0.0
18975	0.0
18976	0.0
18977	0.0
18978	0.00784313725490196
18979	0.00784313725490196
18980	0.00784313725490196
18981	0.00784313725490196
18982	0.0
18983	0.0
18984	0.00392156862745098
18985	0.00392156862745098
18986	0.00392156862745098
18987	0.00392156862745098
18988	0.00392156862745098
18989	0.00392156862745098
18990	0.00392156862745098
18991	0.00392156862745098
18992	0.00392156862745098
18993	0.00392156862745098
18994	0.00392156862745098
18995	0.00392156862745098
18996	0.00392156862745098
18997	0.00392156862745098
18998	0.00392156862745098
18999	0.00392156862745098
19000	0.00392156862745098
19001	0.00392156862745098
19002	0.00392156862745098
19003	0.00392156862745098
19004	0.00392156862745098
19005	0.00784313725490196
19006	0.00784313725490196
19007	0.00784313725490196
19008	0.00784313725490196
19009	0.00784313725490196
19010	0.00784313725490196
19011	0.0
19012	0.0
19013	0.0
19014	0.0
19015	0.0
19016	0.0
19017	0.00784313725490196
19018	0.00784313725490196
19019	0.00784313725490196
19020	0.0
19021	0.0
19022	0.0
19023	0.0
19024	0.0
19025	0.0
19026	0.0
19027	0.0
19028	0.0
19029	0.0
19030	0.0
19031	0.0
19032	0.0
19033	0.0
19034	0.0
19035	0.0
19036	0.0
19037	0.0
19038	0.0
19039	0.0
19040	0.0
19041	0.00392156862745098
19042	0.00392156862745098
19043	0.00392156862745098
19044	0.0
19045	0.0
19046	0.0
19047	0.00392156862745098
19048	0.00392156862745098
19049	0.00392156862745098
19050	0.00392156862745098
19051	0.00392156862745098
19052	0.00392156862745098
19053	0.0
19054	0.0
19055	0.0
19056	0.0
19057	0.0
19058	0.0
19059	0.00392156862745098
19060	0.00392156862745098
19061	0.00392156862745098
19062	0.0
19063	0.0
19064	0.0
19065	0.0
19066	0.0
19067	0.0
19068	0.0
19069	0.0
19070	0.0
19071	0.00392156862745098
19072	0.00392156862745098
19073	0.00392156862745098
19074	0.00392156862745098
19075	0.00392156862745098
19076	0.00392156862745098
19077	0.00784313725490196
19078	0.00784313725490196
19079	0.00784313725490196
19080	0.00784313725490196
19081	0.00784313725490196
19082	0.00784313725490196
19083	0.00784313725490196
19084	0.00784313725490196
19085	0.00784313725490196
19086	0.00392156862745098
19087	0.00392156862745098
19088	0.00392156862745098
19089	0.0
19090	0.0
19091	0.0
19092	0.0
19093	0.0
19094	0.0
19095	0.0
19096	0.0
19097	0.0
19098	0.0
19099	0.0
19100	0.0
19101	0.0
19102	0.0
19103	0.0
19104	0.0
19105	0.0
19106	0.0
19107	0.0
19108	0.0
19109	0.0
19110	0.0
19111	0.0
19112	0.0
19113	0.0
19114	0.0
19115	0.0
19116	0.0
19117	0.0
19118	0.0
19119	0.00392156862745098
19120	0.00392156862745098
19121	0.00392156862745098
19122	0.00784313725490196
19123	0.00784313725490196
19124	0.00784313725490196
19125	0.0
19126	0.0
19127	0.0
19128	0.00392156862745098
19129	0.00392156862745098
19130	0.00392156862745098
19131	0.00392156862745098
19132	0.00392156862745098
19133	0.00392156862745098
19134	0.0
19135	0.0
19136	0.0
19137	0.011764705882352941
19138	0.0
19139	0.00392156862745098
19140	0.011764705882352941
19141	0.00392156862745098
19142	0.00392156862745098
19143	0.011764705882352941
19144	0.0
19145	0.0196078431372549
19146	0.0
19147	0.0
19148	0.0
19149	0.0
19150	0.0
19151	0.0
19152	0.0
19153	0.0
19154	0.0
19155	0.0
19156	0.0
19157	0.0
19158	0.0
19159	0.0
19160	0.0
19161	0.0
19162	0.0
19163	0.0
19164	0.0
19165	0.0
19166	0.0
19167	0.0
19168	0.0
19169	0.0
19170	0.00392156862745098
19171	0.00392156862745098
19172	0.00392156862745098
19173	0.00392156862745098
19174	0.00392156862745098
19175	0.00392156862745098
19176	0.00392156862745098
19177	0.00392156862745098
19178	0.00392156862745098
19179	0.0
19180	0.0
19181	0.0
19182	0.00392156862745098
19183	0.00392156862745098
19184	0.00392156862745098
19185	0.0
19186	0.0
19187	0.0
19188	0.00392156862745098
19189	0.00392156862745098
19190	0.00392156862745098
19191	0.00392156862745098
19192	0.00392156862745098
19193	0.00392156862745098
19194	0.0
19195	0.00784313725490196
19196	0.0196078431372549
19197	0.00392156862745098
19198	0.00392156862745098
19199	0.00392156862745098
19200	0.00392156862745098
19201	0.011764705882352941
19202	0.01568627450980392
19203	0.0
19204	0.0
19205	0.00392156862745098
19206	0.00784313725490196
19207	0.00784313725490196
19208	0.00784313725490196
19209	0.0
19210	0.0
19211	0.0
19212	0.0
19213	0.0
19214	0.00784313725490196
19215	0.00392156862745098
19216	0.011764705882352941
19217	0.0196078431372549
19218	0.0
19219	0.0
19220	0.0
19221	0.0
19222	0.0
19223	0.0
19224	0.00392156862745098
19225	0.00392156862745098
19226	0.00392156862745098
19227	0.00392156862745098
19228	0.00392156862745098
19229	0.00392156862745098
19230	0.0
19231	0.0
19232	0.0
19233	0.0
19234	0.0
19235	0.0
19236	0.0
19237	0.0
19238	0.0
19239	0.0
19240	0.0
19241	0.0
19242	0.0
19243	0.0
19244	0.0
19245	0.0
19246	0.0
19247	0.0
19248	0.0
19249	0.0
19250	0.0
19251	0.0
19252	0.0
19253	0.0
19254	0.0
19255	0.0
19256	0.0
19257	0.0
19258	0.0
19259	0.0
19260	0.0
19261	0.0
19262	0.0
19263	0.0
19264	0.0
19265	0.0
19266	0.0
19267	0.0
19268	0.0
19269	0.0
19270	0.0
19271	0.0
19272	0.00392156862745098
19273	0.00392156862745098
19274	0.00392156862745098
19275	0.0
19276	0.0
19277	0.00784313725490196
19278	0.00784313725490196
19279	0.00392156862745098
19280	0.01568627450980392
19281	0.01568627450980392
19282	0.00392156862745098
19283	0.00784313725490196
19284	0.0
19285	0.0
19286	0.0
19287	0.00392156862745098
19288	0.00392156862745098
19289	0.00392156862745098
19290	0.00392156862745098
19291	0.00392156862745098
19292	0.01568627450980392
19293	0.00784313725490196
19294	0.00784313725490196
19295	0.00784313725490196
19296	0.00392156862745098
19297	0.00392156862745098
19298	0.00784313725490196
19299	0.00784313725490196
19300	0.00392156862745098
19301	0.011764705882352941
19302	0.00392156862745098
19303	0.00392156862745098
19304	0.00392156862745098
19305	0.0
19306	0.0
19307	0.0
19308	0.00392156862745098
19309	0.00392156862745098
19310	0.00392156862745098
19311	0.00784313725490196
19312	0.00784313725490196
19313	0.00784313725490196
19314	0.0
19315	0.0
19316	0.0
19317	0.00392156862745098
19318	0.00392156862745098
19319	0.00392156862745098
19320	0.011764705882352941
19321	0.011764705882352941
19322	0.011764705882352941
19323	0.00392156862745098
19324	0.00392156862745098
19325	0.00392156862745098
19326	0.00392156862745098
19327	0.00392156862745098
19328	0.00392156862745098
19329	0.00784313725490196
19330	0.00784313725490196
19331	0.00784313725490196
19332	0.00392156862745098
19333	0.00392156862745098
19334	0.00392156862745098
19335	0.00392156862745098
19336	0.00392156862745098
19337	0.00392156862745098
19338	0.00784313725490196
19339	0.00784313725490196
19340	0.00784313725490196
19341	0.00392156862745098
19342	0.00392156862745098
19343	0.00392156862745098
19344	0.00784313725490196
19345	0.00784313725490196
19346	0.00784313725490196
19347	0.00392156862745098
19348	0.00392156862745098
19349	0.00392156862745098
19350	0.00784313725490196
19351	0.00784313725490196
19352	0.00784313725490196
19353	0.00392156862745098
19354	0.00392156862745098
19355	0.00392156862745098
19356	0.0
19357	0.0
19358	0.0
19359	0.00392156862745098
19360	0.00392156862745098
19361	0.00392156862745098
19362	0.00784313725490196
19363	0.00784313725490196
19364	0.00784313725490196
19365	0.0
19366	0.0
19367	0.0
19368	0.00392156862745098
19369	0.00392156862745098
19370	0.00392156862745098
19371	0.00392156862745098
19372	0.00392156862745098
19373	0.00392156862745098
19374	0.00392156862745098
19375	0.00392156862745098
19376	0.00392156862745098
19377	0.00392156862745098
19378	0.00392156862745098
19379	0.00392156862745098
19380	0.00784313725490196
19381	0.00784313725490196
19382	0.00784313725490196
19383	0.0
19384	0.0
19385	0.0
19386	0.00392156862745098
19387	0.00392156862745098
19388	0.00392156862745098
19389	0.00392156862745098
19390	0.00392156862745098
19391	0.00392156862745098
19392	0.00784313725490196
19393	0.00784313725490196
19394	0.00784313725490196
19395	0.0
19396	0.0
19397	0.0
19398	0.00392156862745098
19399	0.00392156862745098
19400	0.00392156862745098
19401	0.00392156862745098
19402	0.00392156862745098
19403	0.00392156862745098
19404	0.0
19405	0.0
19406	0.0
19407	0.00392156862745098
19408	0.00392156862745098
19409	0.00392156862745098
19410	0.0
19411	0.0
19412	0.0
19413	0.00392156862745098
19414	0.00392156862745098
19415	0.00392156862745098
19416	0.00392156862745098
19417	0.00392156862745098
19418	0.00392156862745098
19419	0.00784313725490196
19420	0.00784313725490196
19421	0.00784313725490196
19422	0.0
19423	0.0
19424	0.0
19425	0.00392156862745098
19426	0.00392156862745098
19427	0.00392156862745098
19428	0.00392156862745098
19429	0.00392156862745098
19430	0.00392156862745098
19431	0.00392156862745098
19432	0.00392156862745098
19433	0.00392156862745098
19434	0.00392156862745098
19435	0.00392156862745098
19436	0.00392156862745098
19437	0.0
19438	0.0
19439	0.0
19440	0.00392156862745098
19441	0.00392156862745098
19442	0.00392156862745098
19443	0.00392156862745098
19444	0.00392156862745098
19445	0.00392156862745098
19446	0.0
19447	0.0
19448	0.0
19449	0.0
19450	0.0
19451	0.0
19452	0.00784313725490196
19453	0.00784313725490196
19454	0.00784313725490196
19455	0.0
19456	0.0
19457	0.0
19458	0.0
19459	0.0
19460	0.0
19461	0.00392156862745098
19462	0.00392156862745098
19463	0.00392156862745098
19464	0.00392156862745098
19465	0.00392156862745098
19466	0.00392156862745098
19467	0.00392156862745098
19468	0.00392156862745098
19469	0.00392156862745098
19470	0.0
19471	0.0
19472	0.0
19473	0.0
19474	0.0
19475	0.0
19476	0.0
19477	0.0
19478	0.0
19479	0.00392156862745098
19480	0.00392156862745098
19481	0.00392156862745098
19482	0.00392156862745098
19483	0.00392156862745098
19484	0.00392156862745098
19485	0.0
19486	0.0
19487	0.0
19488	0.00392156862745098
19489	0.00392156862745098
19490	0.00392156862745098
19491	0.0
19492	0.0
19493	0.0
19494	0.00392156862745098
19495	0.00392156862745098
19496	0.00392156862745098
19497	0.0
19498	0.0
19499	0.0
19500	0.0
19501	0.0
19502	0.0
19503	0.00392156862745098
19504	0.00392156862745098
19505	0.00392156862745098
19506	0.00392156862745098
19507	0.00392156862745098
19508	0.00392156862745098
19509	0.0
19510	0.0
19511	0.0
19512	0.00392156862745098
19513	0.00392156862745098
19514	0.00392156862745098
19515	0.00392156862745098
19516	0.00392156862745098
19517	0.00392156862745098
19518	0.0
19519	0.0
19520	0.0
19521	0.011764705882352941
19522	0.00392156862745098
19523	0.00392156862745098
19524	0.011764705882352941
19525	0.00392156862745098
19526	0.00392156862745098
19527	0.00392156862745098
19528	0.00392156862745098
19529	0.0196078431372549
19530	0.0
19531	0.0
19532	0.00784313725490196
19533	0.0
19534	0.0
19535	0.0
19536	0.0
19537	0.0
19538	0.0
19539	0.0
19540	0.0
19541	0.0
19542	0.00392156862745098
19543	0.00392156862745098
19544	0.00392156862745098
19545	0.0
19546	0.0
19547	0.0
19548	0.00392156862745098
19549	0.00392156862745098
19550	0.00392156862745098
19551	0.00392156862745098
19552	0.00392156862745098
19553	0.00392156862745098
19554	0.00392156862745098
19555	0.00392156862745098
19556	0.00392156862745098
19557	0.0
19558	0.0
19559	0.0
19560	0.0
19561	0.0
19562	0.0
19563	0.0
19564	0.0
19565	0.0
19566	0.0
19567	0.0
19568	0.0
19569	0.00392156862745098
19570	0.00392156862745098
19571	0.00392156862745098
19572	0.00392156862745098
19573	0.00392156862745098
19574	0.00392156862745098
19575	0.00784313725490196
19576	0.00784313725490196
19577	0.00784313725490196
19578	0.0
19579	0.00392156862745098
19580	0.00784313725490196
19581	0.00392156862745098
19582	0.00392156862745098
19583	0.00392156862745098
19584	0.0
19585	0.0
19586	0.0
19587	0.0
19588	0.0
19589	0.0
19590	0.0
19591	0.0
19592	0.0
19593	0.0
19594	0.0
19595	0.0
19596	0.00392156862745098
19597	0.00392156862745098
19598	0.00392156862745098
19599	0.011764705882352941
19600	0.011764705882352941
19601	0.011764705882352941
19602	0.0
19603	0.0
19604	0.0
19605	0.00392156862745098
19606	0.00392156862745098
19607	0.00392156862745098
19608	0.00392156862745098
19609	0.00392156862745098
19610	0.00392156862745098
19611	0.00784313725490196
19612	0.00784313725490196
19613	0.00784313725490196
19614	0.0
19615	0.0
19616	0.0
19617	0.0
19618	0.0
19619	0.0
19620	0.0
19621	0.0
19622	0.0
19623	0.0
19624	0.0
19625	0.0
19626	0.0
19627	0.0
19628	0.0
19629	0.0
19630	0.0
19631	0.0
19632	0.0
19633	0.0
19634	0.0
19635	0.0
19636	0.0
19637	0.0
19638	0.0
19639	0.0
19640	0.0
19641	0.0
19642	0.0
19643	0.0
19644	0.0
19645	0.0
19646	0.0
19647	0.0
19648	0.0
19649	0.0
19650	0.0
19651	0.0
19652	0.0
19653	0.0
19654	0.0
19655	0.0
19656	0.00784313725490196
19657	0.00784313725490196
19658	0.00784313725490196
19659	0.00392156862745098
19660	0.00392156862745098
19661	0.00392156862745098
19662	0.00392156862745098
19663	0.00392156862745098
19664	0.00392156862745098
19665	0.00392156862745098
19666	0.00392156862745098
19667	0.00392156862745098
19668	0.0
19669	0.0
19670	0.0
19671	0.0
19672	0.0
19673	0.00392156862745098
19674	0.00392156862745098
19675	0.0
19676	0.023529411764705882
19677	0.0196078431372549
19678	0.00784313725490196
19679	0.00784313725490196
19680	0.00392156862745098
19681	0.00784313725490196
19682	0.0196078431372549
19683	0.0
19684	0.00392156862745098
19685	0.01568627450980392
19686	0.0
19687	0.0
19688	0.0
19689	0.0
19690	0.0
19691	0.0
19692	0.00392156862745098
19693	0.00392156862745098
19694	0.00392156862745098
19695	0.0
19696	0.0
19697	0.0
19698	0.0
19699	0.0
19700	0.0
19701	0.00392156862745098
19702	0.00392156862745098
19703	0.00392156862745098
19704	0.00784313725490196
19705	0.00784313725490196
19706	0.00784313725490196
19707	0.00392156862745098
19708	0.00392156862745098
19709	0.00392156862745098
19710	0.00392156862745098
19711	0.00392156862745098
19712	0.00392156862745098
19713	0.011764705882352941
19714	0.011764705882352941
19715	0.011764705882352941
19716	0.00392156862745098
19717	0.00392156862745098
19718	0.00392156862745098
19719	0.0
19720	0.0
19721	0.0
19722	0.0
19723	0.0
19724	0.0
19725	0.0
19726	0.0
19727	0.0
19728	0.0
19729	0.0
19730	0.0
19731	0.00392156862745098
19732	0.00392156862745098
19733	0.00392156862745098
19734	0.0
19735	0.0
19736	0.0
19737	0.00392156862745098
19738	0.00392156862745098
19739	0.00392156862745098
19740	0.0
19741	0.0
19742	0.0
19743	0.00392156862745098
19744	0.00392156862745098
19745	0.00392156862745098
19746	0.00392156862745098
19747	0.00392156862745098
19748	0.00392156862745098
19749	0.0
19750	0.0
19751	0.0
19752	0.0
19753	0.0
19754	0.0
19755	0.0
19756	0.0
19757	0.0
19758	0.0
19759	0.0
19760	0.0
19761	0.0
19762	0.0
19763	0.0
19764	0.0
19765	0.0
19766	0.0
19767	0.0
19768	0.0
19769	0.0
19770	0.0
19771	0.0
19772	0.0
19773	0.0
19774	0.0
19775	0.0
19776	0.00392156862745098
19777	0.00392156862745098
19778	0.00392156862745098
19779	0.0
19780	0.0
19781	0.0
19782	0.00392156862745098
19783	0.00392156862745098
19784	0.00392156862745098
19785	0.0
19786	0.0
19787	0.0
19788	0.0
19789	0.0
19790	0.0
19791	0.00392156862745098
19792	0.00392156862745098
19793	0.00392156862745098
19794	0.0
19795	0.0
19796	0.0
19797	0.00392156862745098
19798	0.00392156862745098
19799	0.00392156862745098
19800	0.00392156862745098
19801	0.00392156862745098
19802	0.00392156862745098
19803	0.0
19804	0.0
19805	0.0
19806	0.0
19807	0.0
19808	0.0
19809	0.0
19810	0.0
19811	0.0
19812	0.0
19813	0.0
19814	0.0
19815	0.0
19816	0.0
19817	0.0
19818	0.00392156862745098
19819	0.00392156862745098
19820	0.00392156862745098
19821	0.0
19822	0.0
19823	0.0
19824	0.0
19825	0.0
19826	0.0
19827	0.0
19828	0.0
19829	0.0
19830	0.00392156862745098
19831	0.00392156862745098
19832	0.00392156862745098
19833	0.0
19834	0.0
19835	0.0
19836	0.0
19837	0.0
19838	0.0
19839	0.0
19840	0.0
19841	0.0
19842	0.0
19843	0.0
19844	0.0
19845	0.0
19846	0.0
19847	0.0
19848	0.00392156862745098
19849	0.00392156862745098
19850	0.00392156862745098
19851	0.00392156862745098
19852	0.00392156862745098
19853	0.00392156862745098
19854	0.0
19855	0.0
19856	0.0
19857	0.0
19858	0.0
19859	0.0
19860	0.0
19861	0.0
19862	0.0
19863	0.00392156862745098
19864	0.00392156862745098
19865	0.00392156862745098
19866	0.00392156862745098
19867	0.00392156862745098
19868	0.00392156862745098
19869	0.0
19870	0.0
19871	0.0
19872	0.0
19873	0.0
19874	0.0
19875	0.00392156862745098
19876	0.00392156862745098
19877	0.00392156862745098
19878	0.0
19879	0.0
19880	0.0
19881	0.0
19882	0.0
19883	0.0
19884	0.0
19885	0.0
19886	0.0
19887	0.011764705882352941
19888	0.011764705882352941
19889	0.011764705882352941
19890	0.0
19891	0.0
19892	0.0
19893	0.0
19894	0.0
19895	0.0
19896	0.0
19897	0.0
19898	0.0
19899	0.00784313725490196
19900	0.00392156862745098
19901	0.00784313725490196
19902	0.0
19903	0.0
19904	0.0
19905	0.0
19906	0.00392156862745098
19907	0.0
19908	0.0
19909	0.0
19910	0.0
19911	0.0
19912	0.0
19913	0.0
19914	0.0
19915	0.0
19916	0.0
19917	0.0
19918	0.0
19919	0.0
19920	0.00392156862745098
19921	0.00392156862745098
19922	0.00392156862745098
19923	0.00392156862745098
19924	0.00392156862745098
19925	0.00392156862745098
19926	0.00392156862745098
19927	0.00392156862745098
19928	0.00392156862745098
19929	0.00392156862745098
19930	0.00392156862745098
19931	0.00392156862745098
19932	0.00784313725490196
19933	0.00784313725490196
19934	0.00784313725490196
19935	0.00784313725490196
19936	0.00784313725490196
19937	0.00784313725490196
19938	0.0
19939	0.0
19940	0.0
19941	0.0
19942	0.0
19943	0.0
19944	0.0
19945	0.0
19946	0.0
19947	0.0
19948	0.0
19949	0.0
19950	0.0
19951	0.0
19952	0.0
19953	0.00784313725490196
19954	0.00784313725490196
19955	0.00784313725490196
19956	0.0
19957	0.0
19958	0.0
19959	0.0
19960	0.0
19961	0.0
19962	0.0
19963	0.0
19964	0.0
19965	0.00784313725490196
19966	0.00784313725490196
19967	0.00784313725490196
19968	0.0
19969	0.0
19970	0.0
19971	0.00392156862745098
19972	0.00392156862745098
19973	0.00392156862745098
19974	0.0
19975	0.0
19976	0.0
19977	0.0
19978	0.0
19979	0.0
19980	0.0
19981	0.0
19982	0.0
19983	0.00392156862745098
19984	0.00392156862745098
19985	0.00392156862745098
19986	0.0
19987	0.0
19988	0.0
19989	0.0
19990	0.0
19991	0.0
19992	0.00392156862745098
19993	0.00392156862745098
19994	0.00392156862745098
19995	0.00392156862745098
19996	0.00392156862745098
19997	0.00392156862745098
19998	0.0
19999	0.0
20000	0.0
20001	0.0
20002	0.0
20003	0.0
20004	0.0
20005	0.0
20006	0.0
20007	0.0
20008	0.0
20009	0.0
20010	0.0
20011	0.0
20012	0.0
20013	0.0
20014	0.0
20015	0.0
20016	0.0
20017	0.0
20018	0.0
20019	0.0
20020	0.0
20021	0.0
20022	0.0
20023	0.0
20024	0.0
20025	0.0
20026	0.0
20027	0.0
20028	0.0
20029	0.0
20030	0.0
20031	0.0
20032	0.0
20033	0.0
20034	0.0
20035	0.0
20036	0.0
20037	0.0
20038	0.0
20039	0.0
20040	0.00392156862745098
20041	0.00392156862745098
20042	0.00392156862745098
20043	0.00392156862745098
20044	0.00392156862745098
20045	0.00392156862745098
20046	0.00392156862745098
20047	0.00392156862745098
20048	0.00392156862745098
20049	0.00392156862745098
20050	0.00392156862745098
20051	0.00392156862745098
20052	0.0
20053	0.0
20054	0.0
20055	0.00392156862745098
20056	0.00392156862745098
20057	0.011764705882352941
20058	0.011764705882352941
20059	0.00392156862745098
20060	0.01568627450980392
20061	0.01568627450980392
20062	0.011764705882352941
20063	0.00784313725490196
20064	0.00392156862745098
20065	0.00392156862745098
20066	0.0196078431372549
20067	0.0
20068	0.0
20069	0.011764705882352941
20070	0.0
20071	0.0
20072	0.0
20073	0.0
20074	0.0
20075	0.0
20076	0.0
20077	0.0
20078	0.0
20079	0.00392156862745098
20080	0.00392156862745098
20081	0.00392156862745098
20082	0.0
20083	0.0
20084	0.0
20085	0.00392156862745098
20086	0.00392156862745098
20087	0.00392156862745098
20088	0.00784313725490196
20089	0.00784313725490196
20090	0.00784313725490196
20091	0.00784313725490196
20092	0.00784313725490196
20093	0.00784313725490196
20094	0.00392156862745098
20095	0.00392156862745098
20096	0.00392156862745098
20097	0.00784313725490196
20098	0.00784313725490196
20099	0.00784313725490196
20100	0.00392156862745098
20101	0.00392156862745098
20102	0.00392156862745098
20103	0.00392156862745098
20104	0.00392156862745098
20105	0.00392156862745098
20106	0.00784313725490196
20107	0.00784313725490196
20108	0.00784313725490196
20109	0.00392156862745098
20110	0.00392156862745098
20111	0.00392156862745098
20112	0.00392156862745098
20113	0.00392156862745098
20114	0.00392156862745098
20115	0.00392156862745098
20116	0.00392156862745098
20117	0.00392156862745098
20118	0.0
20119	0.0
20120	0.0
20121	0.00784313725490196
20122	0.00784313725490196
20123	0.00784313725490196
20124	0.0
20125	0.0
20126	0.0
20127	0.00392156862745098
20128	0.00392156862745098
20129	0.00392156862745098
20130	0.00392156862745098
20131	0.00392156862745098
20132	0.00392156862745098
20133	0.0
20134	0.0
20135	0.0
20136	0.0
20137	0.0
20138	0.0
20139	0.00392156862745098
20140	0.00392156862745098
20141	0.00392156862745098
20142	0.00392156862745098
20143	0.00392156862745098
20144	0.00392156862745098
20145	0.0
20146	0.0
20147	0.0
20148	0.00392156862745098
20149	0.00392156862745098
20150	0.00392156862745098
20151	0.00392156862745098
20152	0.00392156862745098
20153	0.00392156862745098
20154	0.0
20155	0.0
20156	0.0
20157	0.0
20158	0.0
20159	0.0
20160	0.0
20161	0.0
20162	0.0
20163	0.0
20164	0.0
20165	0.0
20166	0.0
20167	0.0
20168	0.0
20169	0.0
20170	0.0
20171	0.0
20172	0.0
20173	0.0
20174	0.0
20175	0.00392156862745098
20176	0.00392156862745098
20177	0.00392156862745098
20178	0.0
20179	0.0
20180	0.0
20181	0.0
20182	0.0
20183	0.0
20184	0.00392156862745098
20185	0.00392156862745098
20186	0.00392156862745098
20187	0.0
20188	0.0
20189	0.0
20190	0.0
20191	0.0
20192	0.0
20193	0.0
20194	0.0
20195	0.0
20196	0.0
20197	0.0
20198	0.0
20199	0.0
20200	0.0
20201	0.0
20202	0.00392156862745098
20203	0.00392156862745098
20204	0.00392156862745098
20205	0.0
20206	0.0
20207	0.0
20208	0.0
20209	0.0
20210	0.0
20211	0.00784313725490196
20212	0.00784313725490196
20213	0.00784313725490196
20214	0.00784313725490196
20215	0.00784313725490196
20216	0.00784313725490196
20217	0.0
20218	0.0
20219	0.0
20220	0.00392156862745098
20221	0.00392156862745098
20222	0.00392156862745098
20223	0.00392156862745098
20224	0.00392156862745098
20225	0.00392156862745098
20226	0.0
20227	0.0
20228	0.0
20229	0.0
20230	0.0
20231	0.0
20232	0.00392156862745098
20233	0.00392156862745098
20234	0.00392156862745098
20235	0.0
20236	0.0
20237	0.0
20238	0.0
20239	0.0
20240	0.0
20241	0.0
20242	0.0
20243	0.0
20244	0.00392156862745098
20245	0.00392156862745098
20246	0.00392156862745098
20247	0.0
20248	0.0
20249	0.0
20250	0.0
20251	0.0
20252	0.0
20253	0.0
20254	0.0
20255	0.0
20256	0.0
20257	0.0
20258	0.0
20259	0.00392156862745098
20260	0.00392156862745098
20261	0.00392156862745098
20262	0.0
20263	0.0
20264	0.0
20265	0.00392156862745098
20266	0.00392156862745098
20267	0.00392156862745098
20268	0.0
20269	0.0
20270	0.0
20271	0.0
20272	0.0
20273	0.0
20274	0.0
20275	0.0
20276	0.0
20277	0.0
20278	0.0
20279	0.0
20280	0.0
20281	0.0
20282	0.0
20283	0.00392156862745098
20284	0.00392156862745098
20285	0.00392156862745098
20286	0.0
20287	0.0
20288	0.0
20289	0.00392156862745098
20290	0.00392156862745098
20291	0.00392156862745098
20292	0.0
20293	0.0
20294	0.0
20295	0.0
20296	0.0
20297	0.0
20298	0.0
20299	0.0
20300	0.0
20301	0.0
20302	0.0
20303	0.0
20304	0.00392156862745098
20305	0.00392156862745098
20306	0.00392156862745098
20307	0.00392156862745098
20308	0.00392156862745098
20309	0.00392156862745098
20310	0.00392156862745098
20311	0.00392156862745098
20312	0.00392156862745098
20313	0.0
20314	0.0
20315	0.0
20316	0.011764705882352941
20317	0.011764705882352941
20318	0.011764705882352941
20319	0.00392156862745098
20320	0.00392156862745098
20321	0.00392156862745098
20322	0.0
20323	0.0
20324	0.0
20325	0.00392156862745098
20326	0.00392156862745098
20327	0.00392156862745098
20328	0.0
20329	0.0
20330	0.0
20331	0.00392156862745098
20332	0.00392156862745098
20333	0.00392156862745098
20334	0.0
20335	0.0
20336	0.0
20337	0.0
20338	0.0
20339	0.0
20340	0.0
20341	0.0
20342	0.0
20343	0.0
20344	0.0
20345	0.0
20346	0.00392156862745098
20347	0.00392156862745098
20348	0.00392156862745098
20349	0.00392156862745098
20350	0.00392156862745098
20351	0.00392156862745098
20352	0.0
20353	0.0
20354	0.0
20355	0.00392156862745098
20356	0.00392156862745098
20357	0.00392156862745098
20358	0.0
20359	0.0
20360	0.0
20361	0.0
20362	0.0
20363	0.0
20364	0.0
20365	0.0
20366	0.0
20367	0.0
20368	0.0
20369	0.0
20370	0.0
20371	0.0
20372	0.0
20373	0.0
20374	0.0
20375	0.0
20376	0.0
20377	0.0
20378	0.0
20379	0.0
20380	0.0
20381	0.0
20382	0.0
20383	0.0
20384	0.0
20385	0.0
20386	0.0
20387	0.0
20388	0.0
20389	0.0
20390	0.0
20391	0.0
20392	0.0
20393	0.0
20394	0.0
20395	0.0
20396	0.0
20397	0.0
20398	0.0
20399	0.0
20400	0.0
20401	0.0
20402	0.0
20403	0.0
20404	0.0
20405	0.0
20406	0.0
20407	0.0
20408	0.0
20409	0.0
20410	0.0
20411	0.0
20412	0.0
20413	0.0
20414	0.0
20415	0.00392156862745098
20416	0.00392156862745098
20417	0.00392156862745098
20418	0.00392156862745098
20419	0.00392156862745098
20420	0.00392156862745098
20421	0.00784313725490196
20422	0.00784313725490196
20423	0.00784313725490196
20424	0.00392156862745098
20425	0.00392156862745098
20426	0.00392156862745098
20427	0.0
20428	0.0
20429	0.0
20430	0.0
20431	0.0
20432	0.0
20433	0.0
20434	0.0
20435	0.0
20436	0.00392156862745098
20437	0.00392156862745098
20438	0.00392156862745098
20439	0.00392156862745098
20440	0.00392156862745098
20441	0.011764705882352941
20442	0.011764705882352941
20443	0.011764705882352941
20444	0.03137254901960784
20445	0.0
20446	0.00392156862745098
20447	0.011764705882352941
20448	0.0
20449	0.00392156862745098
20450	0.011764705882352941
20451	0.0
20452	0.00392156862745098
20453	0.00784313725490196
20454	0.0
20455	0.0
20456	0.00784313725490196
20457	0.0
20458	0.0
20459	0.0
20460	0.0
20461	0.0
20462	0.0
20463	0.00392156862745098
20464	0.00392156862745098
20465	0.00392156862745098
20466	0.0
20467	0.0
20468	0.0
20469	0.0
20470	0.0
20471	0.0
20472	0.00392156862745098
20473	0.00392156862745098
20474	0.00392156862745098
20475	0.00392156862745098
20476	0.00392156862745098
20477	0.00392156862745098
20478	0.00784313725490196
20479	0.00784313725490196
20480	0.00784313725490196
20481	0.00392156862745098
20482	0.00392156862745098
20483	0.00392156862745098
20484	0.00784313725490196
20485	0.00784313725490196
20486	0.00784313725490196
20487	0.0
20488	0.0
20489	0.0
20490	0.00784313725490196
20491	0.00784313725490196
20492	0.00784313725490196
20493	0.00784313725490196
20494	0.00784313725490196
20495	0.00784313725490196
20496	0.0
20497	0.0
20498	0.0
20499	0.0
20500	0.0
20501	0.0
20502	0.0
20503	0.0
20504	0.0
20505	0.00392156862745098
20506	0.00392156862745098
20507	0.00392156862745098
20508	0.0
20509	0.0
20510	0.0
20511	0.00392156862745098
20512	0.00392156862745098
20513	0.00392156862745098
20514	0.00392156862745098
20515	0.00392156862745098
20516	0.00392156862745098
20517	0.0
20518	0.0
20519	0.0
20520	0.0
20521	0.0
20522	0.0
20523	0.00784313725490196
20524	0.00784313725490196
20525	0.00784313725490196
20526	0.011764705882352941
20527	0.011764705882352941
20528	0.011764705882352941
20529	0.0
20530	0.0
20531	0.0
20532	0.0
20533	0.0
20534	0.0
20535	0.0
20536	0.0
20537	0.0
20538	0.0
20539	0.0
20540	0.0
20541	0.0
20542	0.0
20543	0.0
20544	0.0
20545	0.0
20546	0.0
20547	0.0
20548	0.0
20549	0.0
20550	0.0
20551	0.0
20552	0.0
20553	0.0
20554	0.0
20555	0.0
20556	0.0
20557	0.0
20558	0.0
20559	0.00392156862745098
20560	0.00392156862745098
20561	0.00392156862745098
20562	0.0
20563	0.0
20564	0.0
20565	0.0
20566	0.0
20567	0.0
20568	0.00392156862745098
20569	0.00392156862745098
20570	0.00392156862745098
20571	0.0
20572	0.0
20573	0.0
20574	0.0
20575	0.0
20576	0.0
20577	0.0
20578	0.0
20579	0.0
20580	0.0
20581	0.0
20582	0.0
20583	0.0
20584	0.0
20585	0.0
20586	0.00392156862745098
20587	0.00392156862745098
20588	0.00392156862745098
20589	0.0
20590	0.0
20591	0.0
20592	0.0
20593	0.0
20594	0.0
20595	0.00784313725490196
20596	0.00784313725490196
20597	0.00784313725490196
20598	0.00784313725490196
20599	0.00784313725490196
20600	0.00784313725490196
20601	0.00392156862745098
20602	0.00392156862745098
20603	0.00392156862745098
20604	0.00784313725490196
20605	0.00784313725490196
20606	0.00784313725490196
20607	0.0
20608	0.0
20609	0.0
20610	0.0
20611	0.0
20612	0.0
20613	0.0
20614	0.0
20615	0.0
20616	0.011764705882352941
20617	0.011764705882352941
20618	0.011764705882352941
20619	0.00392156862745098
20620	0.00392156862745098
20621	0.00392156862745098
20622	0.00392156862745098
20623	0.00392156862745098
20624	0.00392156862745098
20625	0.00392156862745098
20626	0.00392156862745098
20627	0.00392156862745098
20628	0.00392156862745098
20629	0.00784313725490196
20630	0.00392156862745098
20631	0.00392156862745098
20632	0.00392156862745098
20633	0.00392156862745098
20634	0.00392156862745098
20635	0.00392156862745098
20636	0.00392156862745098
20637	0.0
20638	0.0
20639	0.0
20640	0.0
20641	0.0
20642	0.0
20643	0.0
20644	0.0
20645	0.0
20646	0.0
20647	0.0
20648	0.0
20649	0.0
20650	0.0
20651	0.0
20652	0.0
20653	0.0
20654	0.0
20655	0.0
20656	0.0
20657	0.0
20658	0.00392156862745098
20659	0.00392156862745098
20660	0.00392156862745098
20661	0.0
20662	0.0
20663	0.0
20664	0.0
20665	0.0
20666	0.0
20667	0.0
20668	0.0
20669	0.0
20670	0.0
20671	0.0
20672	0.0
20673	0.0
20674	0.0
20675	0.0
20676	0.0
20677	0.0
20678	0.0
20679	0.0
20680	0.0
20681	0.0
20682	0.0
20683	0.0
20684	0.0
20685	0.0
20686	0.0
20687	0.0
20688	0.0
20689	0.0
20690	0.0
20691	0.00392156862745098
20692	0.00392156862745098
20693	0.00392156862745098
20694	0.00392156862745098
20695	0.00392156862745098
20696	0.00392156862745098
20697	0.00392156862745098
20698	0.00392156862745098
20699	0.00392156862745098
20700	0.011764705882352941
20701	0.011764705882352941
20702	0.011764705882352941
20703	0.011764705882352941
20704	0.011764705882352941
20705	0.011764705882352941
20706	0.00784313725490196
20707	0.00784313725490196
20708	0.00784313725490196
20709	0.00392156862745098
20710	0.00392156862745098
20711	0.00392156862745098
20712	0.0
20713	0.0
20714	0.0
20715	0.00392156862745098
20716	0.00392156862745098
20717	0.00392156862745098
20718	0.0
20719	0.0
20720	0.0
20721	0.0
20722	0.0
20723	0.0
20724	0.0
20725	0.0
20726	0.0
20727	0.0
20728	0.0
20729	0.0
20730	0.0
20731	0.0
20732	0.0
20733	0.0
20734	0.0
20735	0.0
20736	0.0
20737	0.0
20738	0.0
20739	0.0
20740	0.0
20741	0.0
20742	0.0
20743	0.0
20744	0.0
20745	0.0
20746	0.0
20747	0.0
20748	0.00392156862745098
20749	0.00392156862745098
20750	0.00392156862745098
20751	0.0
20752	0.0
20753	0.0
20754	0.0
20755	0.0
20756	0.0
20757	0.0
20758	0.0
20759	0.0
20760	0.0
20761	0.0
20762	0.0
20763	0.0
20764	0.0
20765	0.0
20766	0.0
20767	0.0
20768	0.0
20769	0.0
20770	0.0
20771	0.0
20772	0.0
20773	0.0
20774	0.0
20775	0.00392156862745098
20776	0.00392156862745098
20777	0.00392156862745098
20778	0.0
20779	0.0
20780	0.0
20781	0.0
20782	0.0
20783	0.0
20784	0.0
20785	0.0
20786	0.0
20787	0.0
20788	0.0
20789	0.0
20790	0.0
20791	0.0
20792	0.0
20793	0.0
20794	0.0
20795	0.0
20796	0.0
20797	0.0
20798	0.0
20799	0.0
20800	0.0
20801	0.0
20802	0.00392156862745098
20803	0.00392156862745098
20804	0.00392156862745098
20805	0.00392156862745098
20806	0.00392156862745098
20807	0.00392156862745098
20808	0.00392156862745098
20809	0.00392156862745098
20810	0.00392156862745098
20811	0.00392156862745098
20812	0.00392156862745098
20813	0.00392156862745098
20814	0.00392156862745098
20815	0.00392156862745098
20816	0.00392156862745098
20817	0.00784313725490196
20818	0.00784313725490196
20819	0.00784313725490196
20820	0.00784313725490196
20821	0.00784313725490196
20822	0.00784313725490196
20823	0.00392156862745098
20824	0.0
20825	0.0
20826	0.00392156862745098
20827	0.00784313725490196
20828	0.00392156862745098
20829	0.0
20830	0.00392156862745098
20831	0.011764705882352941
20832	0.0
20833	0.00392156862745098
20834	0.00784313725490196
20835	0.00392156862745098
20836	0.00784313725490196
20837	0.00784313725490196
20838	0.00392156862745098
20839	0.00392156862745098
20840	0.00392156862745098
20841	0.00392156862745098
20842	0.00392156862745098
20843	0.00392156862745098
20844	0.0
20845	0.0
20846	0.0
20847	0.00784313725490196
20848	0.00784313725490196
20849	0.00784313725490196
20850	0.0
20851	0.0
20852	0.011764705882352941
20853	0.0
20854	0.0
20855	0.00392156862745098
20856	0.0
20857	0.0
20858	0.0
20859	0.0
20860	0.0
20861	0.0
20862	0.00392156862745098
20863	0.00392156862745098
20864	0.00392156862745098
20865	0.00392156862745098
20866	0.00392156862745098
20867	0.00392156862745098
20868	0.0
20869	0.0
20870	0.0
20871	0.0
20872	0.0
20873	0.0
20874	0.00392156862745098
20875	0.00392156862745098
20876	0.00392156862745098
20877	0.00784313725490196
20878	0.00784313725490196
20879	0.00784313725490196
20880	0.0
20881	0.0
20882	0.0
20883	0.0
20884	0.0
20885	0.0
20886	0.0
20887	0.0
20888	0.0
20889	0.011764705882352941
20890	0.011764705882352941
20891	0.011764705882352941
20892	0.0
20893	0.0
20894	0.0
20895	0.00392156862745098
20896	0.00392156862745098
20897	0.00392156862745098
20898	0.0
20899	0.0
20900	0.0
20901	0.0
20902	0.0
20903	0.0
20904	0.0
20905	0.0
20906	0.0
20907	0.00392156862745098
20908	0.00392156862745098
20909	0.00392156862745098
20910	0.00392156862745098
20911	0.00392156862745098
20912	0.00392156862745098
20913	0.00392156862745098
20914	0.00392156862745098
20915	0.00392156862745098
20916	0.00392156862745098
20917	0.00392156862745098
20918	0.00392156862745098
20919	0.0
20920	0.0
20921	0.0
20922	0.0
20923	0.0
20924	0.0
20925	0.0
20926	0.0
20927	0.0
20928	0.0
20929	0.0
20930	0.0
20931	0.0
20932	0.0
20933	0.0
20934	0.0
20935	0.0
20936	0.0
20937	0.0
20938	0.0
20939	0.0
20940	0.0
20941	0.0
20942	0.0
20943	0.00392156862745098
20944	0.00392156862745098
20945	0.00392156862745098
20946	0.00392156862745098
20947	0.00392156862745098
20948	0.00392156862745098
20949	0.0
20950	0.0
20951	0.0
20952	0.0
20953	0.0
20954	0.0
20955	0.0
20956	0.0
20957	0.0
20958	0.00392156862745098
20959	0.00392156862745098
20960	0.00392156862745098
20961	0.00392156862745098
20962	0.00392156862745098
20963	0.00392156862745098
20964	0.00392156862745098
20965	0.00392156862745098
20966	0.00392156862745098
20967	0.0
20968	0.0
20969	0.0
20970	0.0
20971	0.0
20972	0.0
20973	0.0
20974	0.0
20975	0.0
20976	0.0
20977	0.0
20978	0.0
20979	0.00392156862745098
20980	0.00392156862745098
20981	0.00392156862745098
20982	0.00392156862745098
20983	0.00392156862745098
20984	0.00392156862745098
20985	0.0
20986	0.0
20987	0.0
20988	0.0
20989	0.0
20990	0.0
20991	0.0
20992	0.0
20993	0.0
20994	0.0
20995	0.0
20996	0.0
20997	0.0
20998	0.0
20999	0.0
21000	0.00784313725490196
21001	0.00784313725490196
21002	0.00784313725490196
21003	0.00784313725490196
21004	0.00784313725490196
21005	0.00784313725490196
21006	0.00392156862745098
21007	0.00392156862745098
21008	0.00392156862745098
21009	0.0196078431372549
21010	0.00392156862745098
21011	0.00392156862745098
21012	0.011764705882352941
21013	0.00392156862745098
21014	0.00392156862745098
21015	0.01568627450980392
21016	0.00392156862745098
21017	0.00392156862745098
21018	0.00392156862745098
21019	0.00392156862745098
21020	0.00392156862745098
21021	0.0
21022	0.0
21023	0.0
21024	0.0
21025	0.0
21026	0.0
21027	0.00392156862745098
21028	0.00392156862745098
21029	0.00392156862745098
21030	0.0
21031	0.0
21032	0.0
21033	0.00392156862745098
21034	0.00392156862745098
21035	0.00392156862745098
21036	0.00392156862745098
21037	0.00392156862745098
21038	0.00392156862745098
21039	0.0
21040	0.0
21041	0.0
21042	0.00784313725490196
21043	0.00784313725490196
21044	0.00784313725490196
21045	0.0
21046	0.0
21047	0.0
21048	0.0
21049	0.0
21050	0.0
21051	0.00392156862745098
21052	0.00392156862745098
21053	0.00392156862745098
21054	0.0
21055	0.0
21056	0.0
21057	0.0
21058	0.0
21059	0.0
21060	0.00392156862745098
21061	0.00392156862745098
21062	0.00392156862745098
21063	0.0
21064	0.0
21065	0.0
21066	0.0
21067	0.0
21068	0.0
21069	0.0
21070	0.0
21071	0.0
21072	0.0
21073	0.0
21074	0.0
21075	0.00392156862745098
21076	0.00392156862745098
21077	0.00392156862745098
21078	0.0
21079	0.0
21080	0.0
21081	0.0
21082	0.0
21083	0.0
21084	0.0
21085	0.0
21086	0.0
21087	0.00392156862745098
21088	0.00392156862745098
21089	0.00392156862745098
21090	0.0
21091	0.0
21092	0.0
21093	0.0
21094	0.0
21095	0.0
21096	0.0
21097	0.0
21098	0.0
21099	0.00392156862745098
21100	0.00392156862745098
21101	0.00392156862745098
21102	0.00392156862745098
21103	0.00392156862745098
21104	0.00392156862745098
21105	0.0
21106	0.0
21107	0.0
21108	0.00392156862745098
21109	0.00392156862745098
21110	0.00392156862745098
21111	0.00392156862745098
21112	0.00392156862745098
21113	0.00392156862745098
21114	0.0
21115	0.0
21116	0.0
21117	0.00392156862745098
21118	0.00392156862745098
21119	0.00392156862745098
21120	0.0
21121	0.0
21122	0.0
21123	0.0
21124	0.0
21125	0.0
21126	0.0
21127	0.0
21128	0.0
21129	0.0
21130	0.0
21131	0.0
21132	0.0
21133	0.0
21134	0.0
21135	0.0
21136	0.0
21137	0.0
21138	0.0
21139	0.0
21140	0.0
21141	0.0
21142	0.0
21143	0.0
21144	0.0
21145	0.0
21146	0.0
21147	0.0
21148	0.0
21149	0.0
21150	0.0
21151	0.0
21152	0.0
21153	0.0
21154	0.0
21155	0.0
21156	0.0
21157	0.0
21158	0.0
21159	0.00392156862745098
21160	0.00392156862745098
21161	0.00392156862745098
21162	0.0
21163	0.0
21164	0.0
21165	0.0
21166	0.0
21167	0.0
21168	0.0
21169	0.0
21170	0.0
21171	0.0
21172	0.0
21173	0.0
21174	0.0
21175	0.0
21176	0.0
21177	0.0
21178	0.0
21179	0.0
21180	0.0
21181	0.0
21182	0.0
21183	0.0
21184	0.0
21185	0.0
21186	0.0
21187	0.0
21188	0.0
21189	0.00392156862745098
21190	0.00392156862745098
21191	0.00392156862745098
21192	0.00392156862745098
21193	0.00392156862745098
21194	0.00392156862745098
21195	0.00784313725490196
21196	0.00784313725490196
21197	0.00784313725490196
21198	0.00784313725490196
21199	0.00784313725490196
21200	0.00784313725490196
21201	0.00392156862745098
21202	0.00392156862745098
21203	0.00392156862745098
21204	0.0
21205	0.0
21206	0.0
21207	0.0
21208	0.0
21209	0.0
21210	0.0
21211	0.0
21212	0.0
21213	0.00784313725490196
21214	0.00392156862745098
21215	0.0
21216	0.00784313725490196
21217	0.00784313725490196
21218	0.01568627450980392
21219	0.011764705882352941
21220	0.00784313725490196
21221	0.011764705882352941
21222	0.00392156862745098
21223	0.00392156862745098
21224	0.00392156862745098
21225	0.0
21226	0.0
21227	0.0
21228	0.0
21229	0.0
21230	0.0
21231	0.00392156862745098
21232	0.00392156862745098
21233	0.0
21234	0.0
21235	0.0
21236	0.00784313725490196
21237	0.0
21238	0.0
21239	0.01568627450980392
21240	0.0
21241	0.0
21242	0.00784313725490196
21243	0.0
21244	0.0
21245	0.0
21246	0.00784313725490196
21247	0.00784313725490196
21248	0.00784313725490196
21249	0.0
21250	0.0
21251	0.0
21252	0.0
21253	0.0
21254	0.0
21255	0.0
21256	0.0
21257	0.0
21258	0.0
21259	0.0
21260	0.0
21261	0.00392156862745098
21262	0.00392156862745098
21263	0.00392156862745098
21264	0.0
21265	0.0
21266	0.0
21267	0.00392156862745098
21268	0.00392156862745098
21269	0.00392156862745098
21270	0.00392156862745098
21271	0.00392156862745098
21272	0.00392156862745098
21273	0.011764705882352941
21274	0.011764705882352941
21275	0.011764705882352941
21276	0.0
21277	0.0
21278	0.0
21279	0.0
21280	0.0
21281	0.0
21282	0.0
21283	0.0
21284	0.0
21285	0.0
21286	0.0
21287	0.0
21288	0.00392156862745098
21289	0.00392156862745098
21290	0.00392156862745098
21291	0.00392156862745098
21292	0.00392156862745098
21293	0.00392156862745098
21294	0.0
21295	0.0
21296	0.0
21297	0.0
21298	0.0
21299	0.0
21300	0.00392156862745098
21301	0.00392156862745098
21302	0.00392156862745098
21303	0.0
21304	0.0
21305	0.0
21306	0.0
21307	0.0
21308	0.0
21309	0.0
21310	0.0
21311	0.0
21312	0.0
21313	0.0
21314	0.0
21315	0.0
21316	0.0
21317	0.0
21318	0.0
21319	0.0
21320	0.0
21321	0.0
21322	0.0
21323	0.0
21324	0.0
21325	0.0
21326	0.0
21327	0.0
21328	0.0
21329	0.0
21330	0.0
21331	0.0
21332	0.0
21333	0.0
21334	0.0
21335	0.0
21336	0.0
21337	0.0
21338	0.0
21339	0.0
21340	0.0
21341	0.0
21342	0.00392156862745098
21343	0.00392156862745098
21344	0.00392156862745098
21345	0.00784313725490196
21346	0.00784313725490196
21347	0.00784313725490196
21348	0.00392156862745098
21349	0.00392156862745098
21350	0.00392156862745098
21351	0.0
21352	0.0
21353	0.0
21354	0.00392156862745098
21355	0.00392156862745098
21356	0.00392156862745098
21357	0.0
21358	0.0
21359	0.0
21360	0.0
21361	0.0
21362	0.0
21363	0.0
21364	0.0
21365	0.0
21366	0.0
21367	0.0
21368	0.0
21369	0.0
21370	0.0
21371	0.0
21372	0.0
21373	0.0
21374	0.0
21375	0.0
21376	0.0
21377	0.0
21378	0.0
21379	0.0
21380	0.0
21381	0.0
21382	0.0
21383	0.0
21384	0.00392156862745098
21385	0.00392156862745098
21386	0.00392156862745098
21387	0.00392156862745098
21388	0.00392156862745098
21389	0.00392156862745098
21390	0.00784313725490196
21391	0.00784313725490196
21392	0.00784313725490196
21393	0.01568627450980392
21394	0.00784313725490196
21395	0.00392156862745098
21396	0.00784313725490196
21397	0.00392156862745098
21398	0.00392156862745098
21399	0.00784313725490196
21400	0.00784313725490196
21401	0.00784313725490196
21402	0.00784313725490196
21403	0.00784313725490196
21404	0.00784313725490196
21405	0.00392156862745098
21406	0.00392156862745098
21407	0.00392156862745098
21408	0.00392156862745098
21409	0.00392156862745098
21410	0.00392156862745098
21411	0.00392156862745098
21412	0.00392156862745098
21413	0.00392156862745098
21414	0.00784313725490196
21415	0.00784313725490196
21416	0.00784313725490196
21417	0.00392156862745098
21418	0.00392156862745098
21419	0.00392156862745098
21420	0.00784313725490196
21421	0.00784313725490196
21422	0.00784313725490196
21423	0.00392156862745098
21424	0.00392156862745098
21425	0.00392156862745098
21426	0.0
21427	0.0
21428	0.0
21429	0.0
21430	0.0
21431	0.0
21432	0.0
21433	0.0
21434	0.0
21435	0.00784313725490196
21436	0.00784313725490196
21437	0.00784313725490196
21438	0.0
21439	0.0
21440	0.0
21441	0.0
21442	0.0
21443	0.0
21444	0.00392156862745098
21445	0.00392156862745098
21446	0.00392156862745098
21447	0.0
21448	0.0
21449	0.0
21450	0.0
21451	0.0
21452	0.0
21453	0.0
21454	0.0
21455	0.0
21456	0.0
21457	0.0
21458	0.0
21459	0.0
21460	0.0
21461	0.0
21462	0.0
21463	0.0
21464	0.0
21465	0.0
21466	0.0
21467	0.0
21468	0.0
21469	0.0
21470	0.0
21471	0.0
21472	0.0
21473	0.0
21474	0.0
21475	0.0
21476	0.0
21477	0.00392156862745098
21478	0.00392156862745098
21479	0.00392156862745098
21480	0.0
21481	0.0
21482	0.0
21483	0.00784313725490196
21484	0.00784313725490196
21485	0.00784313725490196
21486	0.0
21487	0.0
21488	0.0
21489	0.0
21490	0.0
21491	0.0
21492	0.00392156862745098
21493	0.00392156862745098
21494	0.00392156862745098
21495	0.0
21496	0.0
21497	0.0
21498	0.0
21499	0.0
21500	0.0
21501	0.0
21502	0.0
21503	0.0
21504	0.0
21505	0.0
21506	0.0
21507	0.011764705882352941
21508	0.011764705882352941
21509	0.011764705882352941
21510	0.00784313725490196
21511	0.00784313725490196
21512	0.00784313725490196
21513	0.0
21514	0.0
21515	0.0
21516	0.0
21517	0.0
21518	0.0
21519	0.0
21520	0.0
21521	0.0
21522	0.0
21523	0.0
21524	0.0
21525	0.0
21526	0.0
21527	0.0
21528	0.0
21529	0.0
21530	0.0
21531	0.0
21532	0.0
21533	0.0
21534	0.0
21535	0.0
21536	0.0
21537	0.0
21538	0.0
21539	0.0
21540	0.0
21541	0.0
21542	0.0
21543	0.0
21544	0.0
21545	0.0
21546	0.0
21547	0.0
21548	0.0
21549	0.0
21550	0.0
21551	0.0
21552	0.0
21553	0.0
21554	0.0
21555	0.00392156862745098
21556	0.00392156862745098
21557	0.00392156862745098
21558	0.0
21559	0.0
21560	0.0
21561	0.0
21562	0.0
21563	0.0
21564	0.0
21565	0.0
21566	0.0
21567	0.00392156862745098
21568	0.00392156862745098
21569	0.00392156862745098
21570	0.00392156862745098
21571	0.00392156862745098
21572	0.00392156862745098
21573	0.0
21574	0.0
21575	0.0
21576	0.00392156862745098
21577	0.00392156862745098
21578	0.00392156862745098
21579	0.00392156862745098
21580	0.00392156862745098
21581	0.00392156862745098
21582	0.0
21583	0.0
21584	0.0
21585	0.00784313725490196
21586	0.00784313725490196
21587	0.00784313725490196
21588	0.0
21589	0.0
21590	0.0
21591	0.0
21592	0.0
21593	0.0
21594	0.0
21595	0.0
21596	0.0
21597	0.00392156862745098
21598	0.0
21599	0.00392156862745098
21600	0.011764705882352941
21601	0.00392156862745098
21602	0.01568627450980392
21603	0.011764705882352941
21604	0.00392156862745098
21605	0.0196078431372549
21606	0.00392156862745098
21607	0.00392156862745098
21608	0.00784313725490196
21609	0.0
21610	0.0
21611	0.0
21612	0.00392156862745098
21613	0.00392156862745098
21614	0.00392156862745098
21615	0.0
21616	0.0
21617	0.0
21618	0.0
21619	0.0
21620	0.00784313725490196
21621	0.00784313725490196
21622	0.00784313725490196
21623	0.011764705882352941
21624	0.00392156862745098
21625	0.00392156862745098
21626	0.00392156862745098
21627	0.0
21628	0.0
21629	0.0
21630	0.0
21631	0.0
21632	0.0
21633	0.0
21634	0.0
21635	0.0
21636	0.0
21637	0.0
21638	0.0
21639	0.0
21640	0.0
21641	0.0
21642	0.0
21643	0.0
21644	0.0
21645	0.00392156862745098
21646	0.00392156862745098
21647	0.00392156862745098
21648	0.00784313725490196
21649	0.00784313725490196
21650	0.00784313725490196
21651	0.00392156862745098
21652	0.00392156862745098
21653	0.00392156862745098
21654	0.00784313725490196
21655	0.00784313725490196
21656	0.00784313725490196
21657	0.00392156862745098
21658	0.00392156862745098
21659	0.00392156862745098
21660	0.00392156862745098
21661	0.00392156862745098
21662	0.00392156862745098
21663	0.00392156862745098
21664	0.00392156862745098
21665	0.00392156862745098
21666	0.00392156862745098
21667	0.00392156862745098
21668	0.00392156862745098
21669	0.00784313725490196
21670	0.00784313725490196
21671	0.00784313725490196
21672	0.00784313725490196
21673	0.00784313725490196
21674	0.00784313725490196
21675	0.0
21676	0.0
21677	0.0
21678	0.0
21679	0.0
21680	0.0
21681	0.00392156862745098
21682	0.00392156862745098
21683	0.00392156862745098
21684	0.00392156862745098
21685	0.00392156862745098
21686	0.00392156862745098
21687	0.0
21688	0.0
21689	0.0
21690	0.0
21691	0.0
21692	0.0
21693	0.0
21694	0.0
21695	0.0
21696	0.0
21697	0.0
21698	0.0
21699	0.0
21700	0.0
21701	0.0
21702	0.0
21703	0.0
21704	0.0
21705	0.0
21706	0.0
21707	0.0
21708	0.0
21709	0.0
21710	0.0
21711	0.0
21712	0.0
21713	0.0
21714	0.0
21715	0.0
21716	0.0
21717	0.0
21718	0.0
21719	0.0
21720	0.0
21721	0.0
21722	0.0
21723	0.00392156862745098
21724	0.00392156862745098
21725	0.00392156862745098
21726	0.0
21727	0.0
21728	0.0
21729	0.0
21730	0.0
21731	0.0
21732	0.00392156862745098
21733	0.00392156862745098
21734	0.00392156862745098
21735	0.0
21736	0.0
21737	0.0
21738	0.0
21739	0.0
21740	0.0
21741	0.0
21742	0.0
21743	0.0
21744	0.0
21745	0.0
21746	0.0
21747	0.00392156862745098
21748	0.00392156862745098
21749	0.00392156862745098
21750	0.00392156862745098
21751	0.00392156862745098
21752	0.00392156862745098
21753	0.0
21754	0.0
21755	0.0
21756	0.0
21757	0.0
21758	0.0
21759	0.0
21760	0.0
21761	0.0
21762	0.0
21763	0.0
21764	0.0
21765	0.0
21766	0.0
21767	0.0
21768	0.0
21769	0.0
21770	0.0
21771	0.0
21772	0.0
21773	0.0
21774	0.00784313725490196
21775	0.00784313725490196
21776	0.00784313725490196
21777	0.01568627450980392
21778	0.00784313725490196
21779	0.00392156862745098
21780	0.00784313725490196
21781	0.00392156862745098
21782	0.0
21783	0.0
21784	0.0
21785	0.0
21786	0.0
21787	0.0
21788	0.0
21789	0.00784313725490196
21790	0.00784313725490196
21791	0.00784313725490196
21792	0.00392156862745098
21793	0.00392156862745098
21794	0.00392156862745098
21795	0.0
21796	0.0
21797	0.0
21798	0.00392156862745098
21799	0.00392156862745098
21800	0.00392156862745098
21801	0.00784313725490196
21802	0.00784313725490196
21803	0.00784313725490196
21804	0.00784313725490196
21805	0.00784313725490196
21806	0.00784313725490196
21807	0.0
21808	0.0
21809	0.0
21810	0.0
21811	0.0
21812	0.0
21813	0.0
21814	0.0
21815	0.0
21816	0.0
21817	0.0
21818	0.0
21819	0.0
21820	0.0
21821	0.0
21822	0.0
21823	0.0
21824	0.0
21825	0.0
21826	0.0
21827	0.0
21828	0.0
21829	0.0
21830	0.0
21831	0.0
21832	0.0
21833	0.0
21834	0.0
21835	0.0
21836	0.0
21837	0.0
21838	0.0
21839	0.0
21840	0.0
21841	0.0
21842	0.0
21843	0.0
21844	0.0
21845	0.0
21846	0.0
21847	0.0
21848	0.0
21849	0.00784313725490196
21850	0.00784313725490196
21851	0.00784313725490196
21852	0.0
21853	0.0
21854	0.0
21855	0.0
21856	0.0
21857	0.0
21858	0.00392156862745098
21859	0.00392156862745098
21860	0.00392156862745098
21861	0.00392156862745098
21862	0.00392156862745098
21863	0.00392156862745098
21864	0.00392156862745098
21865	0.00392156862745098
21866	0.00392156862745098
21867	0.00392156862745098
21868	0.00392156862745098
21869	0.00392156862745098
21870	0.00392156862745098
21871	0.00392156862745098
21872	0.00392156862745098
21873	0.00392156862745098
21874	0.00392156862745098
21875	0.00392156862745098
21876	0.0
21877	0.0
21878	0.0
21879	0.00392156862745098
21880	0.00392156862745098
21881	0.00392156862745098
21882	0.0
21883	0.0
21884	0.0
21885	0.00784313725490196
21886	0.00784313725490196
21887	0.00784313725490196
21888	0.00392156862745098
21889	0.00392156862745098
21890	0.00392156862745098
21891	0.011764705882352941
21892	0.011764705882352941
21893	0.011764705882352941
21894	0.011764705882352941
21895	0.011764705882352941
21896	0.011764705882352941
21897	0.0
21898	0.0
21899	0.0
21900	0.0
21901	0.0
21902	0.0
21903	0.0
21904	0.0
21905	0.0
21906	0.0
21907	0.0
21908	0.0
21909	0.0
21910	0.0
21911	0.0
21912	0.0
21913	0.0
21914	0.0
21915	0.0
21916	0.0
21917	0.0
21918	0.0
21919	0.0
21920	0.0
21921	0.0
21922	0.0
21923	0.0
21924	0.0
21925	0.0
21926	0.0
21927	0.0
21928	0.0
21929	0.0
21930	0.0
21931	0.0
21932	0.0
21933	0.0
21934	0.0
21935	0.0
21936	0.0
21937	0.0
21938	0.0
21939	0.00392156862745098
21940	0.00392156862745098
21941	0.00392156862745098
21942	0.0
21943	0.0
21944	0.0
21945	0.0
21946	0.0
21947	0.0
21948	0.00392156862745098
21949	0.00392156862745098
21950	0.00392156862745098
21951	0.00392156862745098
21952	0.00392156862745098
21953	0.00392156862745098
21954	0.0
21955	0.0
21956	0.0
21957	0.0
21958	0.0
21959	0.0
21960	0.0
21961	0.0
21962	0.0
21963	0.0
21964	0.0
21965	0.0
21966	0.0
21967	0.0
21968	0.0
21969	0.00392156862745098
21970	0.00392156862745098
21971	0.00784313725490196
21972	0.0
21973	0.0
21974	0.0
21975	0.011764705882352941
21976	0.00784313725490196
21977	0.00784313725490196
21978	0.00784313725490196
21979	0.00784313725490196
21980	0.00784313725490196
21981	0.00784313725490196
21982	0.00392156862745098
21983	0.00392156862745098
21984	0.0
21985	0.00784313725490196
21986	0.00392156862745098
21987	0.01568627450980392
21988	0.00392156862745098
21989	0.01568627450980392
21990	0.00392156862745098
21991	0.00392156862745098
21992	0.0
21993	0.0
21994	0.0
21995	0.0
21996	0.00784313725490196
21997	0.00784313725490196
21998	0.00784313725490196
21999	0.00392156862745098
22000	0.00392156862745098
22001	0.00392156862745098
22002	0.0
22003	0.0
22004	0.0
22005	0.00784313725490196
22006	0.00784313725490196
22007	0.00784313725490196
22008	0.00392156862745098
22009	0.00392156862745098
22010	0.00392156862745098
22011	0.0
22012	0.0
22013	0.0
22014	0.00392156862745098
22015	0.00392156862745098
22016	0.00392156862745098
22017	0.00392156862745098
22018	0.00392156862745098
22019	0.00392156862745098
22020	0.0
22021	0.0
22022	0.0
22023	0.00392156862745098
22024	0.00392156862745098
22025	0.00392156862745098
22026	0.00392156862745098
22027	0.00392156862745098
22028	0.00392156862745098
22029	0.00392156862745098
22030	0.00392156862745098
22031	0.00392156862745098
22032	0.00392156862745098
22033	0.00392156862745098
22034	0.00392156862745098
22035	0.00392156862745098
22036	0.00392156862745098
22037	0.00392156862745098
22038	0.00392156862745098
22039	0.00392156862745098
22040	0.00392156862745098
22041	0.00392156862745098
22042	0.00392156862745098
22043	0.00392156862745098
22044	0.00392156862745098
22045	0.00392156862745098
22046	0.00392156862745098
22047	0.00392156862745098
22048	0.00392156862745098
22049	0.00392156862745098
22050	0.0
22051	0.0
22052	0.00392156862745098
22053	0.00392156862745098
22054	0.00784313725490196
22055	0.01568627450980392
22056	0.00392156862745098
22057	0.00392156862745098
22058	0.00784313725490196
22059	0.0
22060	0.0
22061	0.00784313725490196
22062	0.0
22063	0.0
22064	0.0
22065	0.0
22066	0.0
22067	0.0
22068	0.0
22069	0.0
22070	0.0
22071	0.0
22072	0.0
22073	0.0
22074	0.0
22075	0.0
22076	0.0
22077	0.0
22078	0.0
22079	0.0
22080	0.0
22081	0.0
22082	0.0
22083	0.0
22084	0.0
22085	0.0
22086	0.0
22087	0.0
22088	0.0
22089	0.0
22090	0.0
22091	0.0
22092	0.0
22093	0.0
22094	0.0
22095	0.0
22096	0.0
22097	0.0
22098	0.0
22099	0.0
22100	0.0
22101	0.0
22102	0.0
22103	0.0
22104	0.0
22105	0.0
22106	0.0
22107	0.00392156862745098
22108	0.00392156862745098
22109	0.00392156862745098
22110	0.0
22111	0.0
22112	0.0
22113	0.0
22114	0.0
22115	0.0
22116	0.0
22117	0.0
22118	0.0
22119	0.0
22120	0.0
22121	0.0
22122	0.0
22123	0.0
22124	0.0
22125	0.0
22126	0.0
22127	0.0
22128	0.0
22129	0.0
22130	0.0
22131	0.00392156862745098
22132	0.00392156862745098
22133	0.00392156862745098
22134	0.0
22135	0.0
22136	0.0
22137	0.0
22138	0.0
22139	0.0
22140	0.0
22141	0.0
22142	0.0
22143	0.00392156862745098
22144	0.00392156862745098
22145	0.00392156862745098
22146	0.00784313725490196
22147	0.00784313725490196
22148	0.00784313725490196
22149	0.0
22150	0.0
22151	0.0
22152	0.00392156862745098
22153	0.00392156862745098
22154	0.00392156862745098
22155	0.0
22156	0.0
22157	0.0
22158	0.0
22159	0.0
22160	0.0
22161	0.011764705882352941
22162	0.00784313725490196
22163	0.00392156862745098
22164	0.023529411764705882
22165	0.00392156862745098
22166	0.00392156862745098
22167	0.00392156862745098
22168	0.00392156862745098
22169	0.00392156862745098
22170	0.00392156862745098
22171	0.00784313725490196
22172	0.00784313725490196
22173	0.00784313725490196
22174	0.00784313725490196
22175	0.00784313725490196
22176	0.00392156862745098
22177	0.00392156862745098
22178	0.00784313725490196
22179	0.0
22180	0.0
22181	0.0
22182	0.0
22183	0.0
22184	0.0
22185	0.00392156862745098
22186	0.00392156862745098
22187	0.00392156862745098
22188	0.00784313725490196
22189	0.00784313725490196
22190	0.00784313725490196
22191	0.00392156862745098
22192	0.00392156862745098
22193	0.00392156862745098
22194	0.0
22195	0.0
22196	0.0
22197	0.0
22198	0.0
22199	0.0
22200	0.0
22201	0.0
22202	0.0
22203	0.0
22204	0.0
22205	0.0
22206	0.0
22207	0.0
22208	0.0
22209	0.0
22210	0.0
22211	0.0
22212	0.0
22213	0.0
22214	0.0
22215	0.0
22216	0.0
22217	0.0
22218	0.0
22219	0.0
22220	0.0
22221	0.0
22222	0.0
22223	0.0
22224	0.0
22225	0.0
22226	0.0
22227	0.0
22228	0.0
22229	0.0
22230	0.00392156862745098
22231	0.00392156862745098
22232	0.00392156862745098
22233	0.00392156862745098
22234	0.00392156862745098
22235	0.00392156862745098
22236	0.0
22237	0.0
22238	0.0
22239	0.0
22240	0.0
22241	0.0
22242	0.00392156862745098
22243	0.00392156862745098
22244	0.00392156862745098
22245	0.00392156862745098
22246	0.00392156862745098
22247	0.00392156862745098
22248	0.00392156862745098
22249	0.00392156862745098
22250	0.00392156862745098
22251	0.00784313725490196
22252	0.00784313725490196
22253	0.00784313725490196
22254	0.0
22255	0.0
22256	0.0
22257	0.0
22258	0.0
22259	0.0
22260	0.00392156862745098
22261	0.00392156862745098
22262	0.00392156862745098
22263	0.00392156862745098
22264	0.00392156862745098
22265	0.00392156862745098
22266	0.00392156862745098
22267	0.00392156862745098
22268	0.00392156862745098
22269	0.00392156862745098
22270	0.00392156862745098
22271	0.00392156862745098
22272	0.0
22273	0.0
22274	0.0
22275	0.00784313725490196
22276	0.00784313725490196
22277	0.00784313725490196
22278	0.00392156862745098
22279	0.00392156862745098
22280	0.00392156862745098
22281	0.0
22282	0.0
22283	0.0
22284	0.0
22285	0.0
22286	0.0
22287	0.0
22288	0.0
22289	0.0
22290	0.0
22291	0.0
22292	0.0
22293	0.0
22294	0.0
22295	0.0
22296	0.0
22297	0.0
22298	0.0
22299	0.0
22300	0.0
22301	0.0
22302	0.0
22303	0.0
22304	0.0
22305	0.0
22306	0.0
22307	0.0
22308	0.0
22309	0.0
22310	0.0
22311	0.0
22312	0.0
22313	0.0
22314	0.00392156862745098
22315	0.00392156862745098
22316	0.00392156862745098
22317	0.0
22318	0.0
22319	0.0
22320	0.0
22321	0.0
22322	0.0
22323	0.0
22324	0.0
22325	0.0
22326	0.0
22327	0.0
22328	0.0
22329	0.0
22330	0.0
22331	0.0
22332	0.00392156862745098
22333	0.00392156862745098
22334	0.00392156862745098
22335	0.0
22336	0.0
22337	0.0
22338	0.00784313725490196
22339	0.00784313725490196
22340	0.00784313725490196
22341	0.00392156862745098
22342	0.00392156862745098
22343	0.00392156862745098
22344	0.00392156862745098
22345	0.00392156862745098
22346	0.00392156862745098
22347	0.0
22348	0.0
22349	0.0
22350	0.00784313725490196
22351	0.00392156862745098
22352	0.00784313725490196
22353	0.00784313725490196
22354	0.011764705882352941
22355	0.01568627450980392
22356	0.00784313725490196
22357	0.00392156862745098
22358	0.01568627450980392
22359	0.01568627450980392
22360	0.00784313725490196
22361	0.0196078431372549
22362	0.01568627450980392
22363	0.00392156862745098
22364	0.0196078431372549
22365	0.01568627450980392
22366	0.00392156862745098
22367	0.00392156862745098
22368	0.00392156862745098
22369	0.00392156862745098
22370	0.0
22371	0.00392156862745098
22372	0.00784313725490196
22373	0.00784313725490196
22374	0.0
22375	0.0
22376	0.0
22377	0.0
22378	0.0
22379	0.0
22380	0.0
22381	0.0
22382	0.0
22383	0.0
22384	0.0
22385	0.0
22386	0.00392156862745098
22387	0.00392156862745098
22388	0.00392156862745098
22389	0.00392156862745098
22390	0.00392156862745098
22391	0.00392156862745098
22392	0.0
22393	0.0
22394	0.0
22395	0.00392156862745098
22396	0.00392156862745098
22397	0.00392156862745098
22398	0.0
22399	0.0
22400	0.0
22401	0.0
22402	0.0
22403	0.0
22404	0.0
22405	0.0
22406	0.0
22407	0.00392156862745098
22408	0.00392156862745098
22409	0.00392156862745098
22410	0.00392156862745098
22411	0.00392156862745098
22412	0.00392156862745098
22413	0.00392156862745098
22414	0.00392156862745098
22415	0.00392156862745098
22416	0.0
22417	0.0
22418	0.0
22419	0.00392156862745098
22420	0.0
22421	0.0
22422	0.00392156862745098
22423	0.0
22424	0.0
22425	0.0
22426	0.0
22427	0.0
22428	0.0
22429	0.0
22430	0.0
22431	0.0
22432	0.0
22433	0.0
22434	0.0
22435	0.0
22436	0.0
22437	0.00392156862745098
22438	0.00784313725490196
22439	0.00784313725490196
22440	0.00392156862745098
22441	0.00392156862745098
22442	0.00784313725490196
22443	0.00392156862745098
22444	0.00392156862745098
22445	0.00784313725490196
22446	0.00392156862745098
22447	0.00392156862745098
22448	0.00392156862745098
22449	0.0
22450	0.0
22451	0.0
22452	0.0
22453	0.0
22454	0.0
22455	0.00392156862745098
22456	0.00392156862745098
22457	0.00392156862745098
22458	0.0
22459	0.0
22460	0.0
22461	0.0
22462	0.0
22463	0.0
22464	0.00784313725490196
22465	0.00784313725490196
22466	0.00784313725490196
22467	0.00392156862745098
22468	0.00392156862745098
22469	0.00392156862745098
22470	0.0
22471	0.0
22472	0.0
22473	0.00784313725490196
22474	0.00784313725490196
22475	0.00784313725490196
22476	0.00784313725490196
22477	0.00784313725490196
22478	0.00784313725490196
22479	0.00784313725490196
22480	0.00784313725490196
22481	0.00784313725490196
22482	0.00392156862745098
22483	0.00392156862745098
22484	0.00392156862745098
22485	0.00392156862745098
22486	0.00392156862745098
22487	0.00392156862745098
22488	0.00392156862745098
22489	0.00392156862745098
22490	0.00392156862745098
22491	0.00392156862745098
22492	0.00392156862745098
22493	0.00392156862745098
22494	0.00784313725490196
22495	0.00784313725490196
22496	0.00784313725490196
22497	0.0
22498	0.0
22499	0.0
22500	0.0
22501	0.0
22502	0.0
22503	0.0
22504	0.0
22505	0.0
22506	0.0
22507	0.0
22508	0.0
22509	0.0
22510	0.0
22511	0.0
22512	0.0
22513	0.0
22514	0.0
22515	0.00392156862745098
22516	0.00392156862745098
22517	0.00392156862745098
22518	0.0
22519	0.0
22520	0.0
22521	0.00392156862745098
22522	0.00392156862745098
22523	0.00392156862745098
22524	0.00392156862745098
22525	0.00392156862745098
22526	0.00392156862745098
22527	0.00784313725490196
22528	0.00784313725490196
22529	0.00784313725490196
22530	0.00784313725490196
22531	0.00784313725490196
22532	0.00784313725490196
22533	0.0
22534	0.0
22535	0.0
22536	0.00392156862745098
22537	0.00392156862745098
22538	0.00392156862745098
22539	0.0
22540	0.0
22541	0.0
22542	0.0
22543	0.0
22544	0.0
22545	0.00392156862745098
22546	0.00784313725490196
22547	0.00784313725490196
22548	0.0
22549	0.0
22550	0.0
22551	0.0
22552	0.0
22553	0.0
22554	0.0
22555	0.0
22556	0.0
22557	0.0
22558	0.0
22559	0.0
22560	0.00392156862745098
22561	0.00392156862745098
22562	0.00784313725490196
22563	0.0
22564	0.0
22565	0.00784313725490196
22566	0.0
22567	0.0
22568	0.0
22569	0.00392156862745098
22570	0.00392156862745098
22571	0.00392156862745098
22572	0.0
22573	0.0
22574	0.0
22575	0.0
22576	0.0
22577	0.0
22578	0.00784313725490196
22579	0.00784313725490196
22580	0.00784313725490196
22581	0.00392156862745098
22582	0.00392156862745098
22583	0.00392156862745098
22584	0.0
22585	0.0
22586	0.0
22587	0.0
22588	0.0
22589	0.0
22590	0.0
22591	0.0
22592	0.0
22593	0.0
22594	0.0
22595	0.0
22596	0.0
22597	0.0
22598	0.0
22599	0.0
22600	0.0
22601	0.0
22602	0.0
22603	0.0
22604	0.0
22605	0.00392156862745098
22606	0.00392156862745098
22607	0.00392156862745098
22608	0.0
22609	0.0
22610	0.0
22611	0.0
22612	0.0
22613	0.0
22614	0.0
22615	0.0
22616	0.0
22617	0.0
22618	0.0
22619	0.0
22620	0.0
22621	0.0
22622	0.0
22623	0.00392156862745098
22624	0.00392156862745098
22625	0.00392156862745098
22626	0.00784313725490196
22627	0.00784313725490196
22628	0.00784313725490196
22629	0.00392156862745098
22630	0.00392156862745098
22631	0.00392156862745098
22632	0.0
22633	0.0
22634	0.0
22635	0.0
22636	0.0
22637	0.0
22638	0.0
22639	0.0
22640	0.0
22641	0.0
22642	0.0
22643	0.0
22644	0.0
22645	0.0
22646	0.0
22647	0.0
22648	0.0
22649	0.0
22650	0.00392156862745098
22651	0.00392156862745098
22652	0.00392156862745098
22653	0.00392156862745098
22654	0.00392156862745098
22655	0.00392156862745098
22656	0.0
22657	0.0
22658	0.0
22659	0.00392156862745098
22660	0.00392156862745098
22661	0.00392156862745098
22662	0.00392156862745098
22663	0.00392156862745098
22664	0.00392156862745098
22665	0.0
22666	0.0
22667	0.0
22668	0.0
22669	0.0
22670	0.0
22671	0.0
22672	0.0
22673	0.0
22674	0.0
22675	0.0
22676	0.0
22677	0.0
22678	0.0
22679	0.0
22680	0.0
22681	0.0
22682	0.0
22683	0.0
22684	0.0
22685	0.0
22686	0.0
22687	0.0
22688	0.0
22689	0.0
22690	0.0
22691	0.0
22692	0.0
22693	0.0
22694	0.0
22695	0.0
22696	0.0
22697	0.0
22698	0.0
22699	0.0
22700	0.0
22701	0.0
22702	0.0
22703	0.0
22704	0.0
22705	0.0
22706	0.0
22707	0.00392156862745098
22708	0.00392156862745098
22709	0.00392156862745098
22710	0.0
22711	0.0
22712	0.0
22713	0.0
22714	0.0
22715	0.0
22716	0.00392156862745098
22717	0.00392156862745098
22718	0.00392156862745098
22719	0.00392156862745098
22720	0.00392156862745098
22721	0.00392156862745098
22722	0.00392156862745098
22723	0.00392156862745098
22724	0.00392156862745098
22725	0.00392156862745098
22726	0.00392156862745098
22727	0.00392156862745098
22728	0.00392156862745098
22729	0.00392156862745098
22730	0.00392156862745098
22731	0.0
22732	0.0
22733	0.0
22734	0.011764705882352941
22735	0.011764705882352941
22736	0.011764705882352941
22737	0.011764705882352941
22738	0.011764705882352941
22739	0.0196078431372549
22740	0.00392156862745098
22741	0.011764705882352941
22742	0.01568627450980392
22743	0.00784313725490196
22744	0.00392156862745098
22745	0.023529411764705882
22746	0.00392156862745098
22747	0.00784313725490196
22748	0.0196078431372549
22749	0.00392156862745098
22750	0.00392156862745098
22751	0.01568627450980392
22752	0.0
22753	0.0
22754	0.0
22755	0.00392156862745098
22756	0.00392156862745098
22757	0.00392156862745098
22758	0.00392156862745098
22759	0.00392156862745098
22760	0.00392156862745098
22761	0.0
22762	0.0
22763	0.0
22764	0.0
22765	0.0
22766	0.0
22767	0.0
22768	0.0
22769	0.0
22770	0.00392156862745098
22771	0.00392156862745098
22772	0.00392156862745098
22773	0.00392156862745098
22774	0.00392156862745098
22775	0.00392156862745098
22776	0.00392156862745098
22777	0.00392156862745098
22778	0.00392156862745098
22779	0.00784313725490196
22780	0.00784313725490196
22781	0.00784313725490196
22782	0.0
22783	0.0
22784	0.0
22785	0.0
22786	0.0
22787	0.0
22788	0.00392156862745098
22789	0.00392156862745098
22790	0.00392156862745098
22791	0.00392156862745098
22792	0.00392156862745098
22793	0.00392156862745098
22794	0.00392156862745098
22795	0.00392156862745098
22796	0.00392156862745098
22797	0.00784313725490196
22798	0.00784313725490196
22799	0.00784313725490196
22800	0.00392156862745098
22801	0.00392156862745098
22802	0.00392156862745098
22803	0.00392156862745098
22804	0.0
22805	0.0
22806	0.01568627450980392
22807	0.00392156862745098
22808	0.00392156862745098
22809	0.00392156862745098
22810	0.00392156862745098
22811	0.00392156862745098
22812	0.0
22813	0.0
22814	0.0
22815	0.00392156862745098
22816	0.00392156862745098
22817	0.00392156862745098
22818	0.0
22819	0.0
22820	0.0
22821	0.011764705882352941
22822	0.00784313725490196
22823	0.00784313725490196
22824	0.00784313725490196
22825	0.00784313725490196
22826	0.00784313725490196
22827	0.0
22828	0.0
22829	0.0
22830	0.0
22831	0.0
22832	0.0
22833	0.0
22834	0.0
22835	0.0
22836	0.00784313725490196
22837	0.00784313725490196
22838	0.00784313725490196
22839	0.00392156862745098
22840	0.00392156862745098
22841	0.00392156862745098
22842	0.00392156862745098
22843	0.00392156862745098
22844	0.00392156862745098
22845	0.00392156862745098
22846	0.00392156862745098
22847	0.00392156862745098
22848	0.00784313725490196
22849	0.00784313725490196
22850	0.00784313725490196
22851	0.00392156862745098
22852	0.00392156862745098
22853	0.00392156862745098
22854	0.0
22855	0.0
22856	0.0
22857	0.00392156862745098
22858	0.00392156862745098
22859	0.00392156862745098
22860	0.00392156862745098
22861	0.00392156862745098
22862	0.00392156862745098
22863	0.0
22864	0.0
22865	0.0
22866	0.00392156862745098
22867	0.00392156862745098
22868	0.00392156862745098
22869	0.0
22870	0.0
22871	0.0
22872	0.00784313725490196
22873	0.00784313725490196
22874	0.00784313725490196
22875	0.00392156862745098
22876	0.00392156862745098
22877	0.00392156862745098
22878	0.00784313725490196
22879	0.00784313725490196
22880	0.00784313725490196
22881	0.00392156862745098
22882	0.00392156862745098
22883	0.00392156862745098
22884	0.0
22885	0.0
22886	0.0
22887	0.0
22888	0.0
22889	0.0
22890	0.0
22891	0.0
22892	0.0
22893	0.0
22894	0.0
22895	0.0
22896	0.0
22897	0.0
22898	0.0
22899	0.00392156862745098
22900	0.00392156862745098
22901	0.00392156862745098
22902	0.0
22903	0.0
22904	0.0
22905	0.0
22906	0.0
22907	0.0
22908	0.00784313725490196
22909	0.00784313725490196
22910	0.00784313725490196
22911	0.00784313725490196
22912	0.00784313725490196
22913	0.00784313725490196
22914	0.00392156862745098
22915	0.00392156862745098
22916	0.00392156862745098
22917	0.0
22918	0.0
22919	0.0
22920	0.00392156862745098
22921	0.00392156862745098
22922	0.00392156862745098
22923	0.0
22924	0.0
22925	0.0
22926	0.0
22927	0.0
22928	0.0
22929	0.00392156862745098
22930	0.00392156862745098
22931	0.00392156862745098
22932	0.00392156862745098
22933	0.00392156862745098
22934	0.00392156862745098
22935	0.00392156862745098
22936	0.00392156862745098
22937	0.00392156862745098
22938	0.00392156862745098
22939	0.00392156862745098
22940	0.00392156862745098
22941	0.0
22942	0.0
22943	0.00392156862745098
22944	0.00392156862745098
22945	0.00392156862745098
22946	0.00392156862745098
22947	0.0
22948	0.0
22949	0.00784313725490196
22950	0.0
22951	0.0
22952	0.0
22953	0.0
22954	0.0
22955	0.0
22956	0.0
22957	0.0
22958	0.0
22959	0.0
22960	0.0
22961	0.0
22962	0.00784313725490196
22963	0.00784313725490196
22964	0.00784313725490196
22965	0.0
22966	0.0
22967	0.0
22968	0.00392156862745098
22969	0.00392156862745098
22970	0.00392156862745098
22971	0.00392156862745098
22972	0.00392156862745098
22973	0.00392156862745098
22974	0.0
22975	0.0
22976	0.0
22977	0.0
22978	0.0
22979	0.0
22980	0.00392156862745098
22981	0.00392156862745098
22982	0.00392156862745098
22983	0.00392156862745098
22984	0.00392156862745098
22985	0.00392156862745098
22986	0.00392156862745098
22987	0.00392156862745098
22988	0.00392156862745098
22989	0.00392156862745098
22990	0.00392156862745098
22991	0.00392156862745098
22992	0.00392156862745098
22993	0.00392156862745098
22994	0.00392156862745098
22995	0.0
22996	0.0
22997	0.0
22998	0.00392156862745098
22999	0.00392156862745098
23000	0.00392156862745098
23001	0.00392156862745098
23002	0.00392156862745098
23003	0.00392156862745098
23004	0.00784313725490196
23005	0.00784313725490196
23006	0.00784313725490196
23007	0.00392156862745098
23008	0.00392156862745098
23009	0.00392156862745098
23010	0.00784313725490196
23011	0.00784313725490196
23012	0.00784313725490196
23013	0.00784313725490196
23014	0.00784313725490196
23015	0.00784313725490196
23016	0.0
23017	0.0
23018	0.0
23019	0.0
23020	0.0
23021	0.0
23022	0.0
23023	0.0
23024	0.0
23025	0.0
23026	0.0
23027	0.0
23028	0.0
23029	0.0
23030	0.0
23031	0.0
23032	0.0
23033	0.0
23034	0.0
23035	0.0
23036	0.0
23037	0.011764705882352941
23038	0.011764705882352941
23039	0.011764705882352941
23040	0.0
23041	0.0
23042	0.0
23043	0.00392156862745098
23044	0.00392156862745098
23045	0.00392156862745098
23046	0.00784313725490196
23047	0.00784313725490196
23048	0.00784313725490196
23049	0.0
23050	0.0
23051	0.0
23052	0.0
23053	0.0
23054	0.0
23055	0.0
23056	0.0
23057	0.0
23058	0.0
23059	0.0
23060	0.0
23061	0.0
23062	0.0
23063	0.0
23064	0.0
23065	0.0
23066	0.0
23067	0.0
23068	0.0
23069	0.0
23070	0.0
23071	0.0
23072	0.0
23073	0.0
23074	0.0
23075	0.0
23076	0.0
23077	0.0
23078	0.0
23079	0.0
23080	0.0
23081	0.0
23082	0.0
23083	0.0
23084	0.0
23085	0.00392156862745098
23086	0.00392156862745098
23087	0.00392156862745098
23088	0.011764705882352941
23089	0.011764705882352941
23090	0.011764705882352941
23091	0.00392156862745098
23092	0.00392156862745098
23093	0.00392156862745098
23094	0.00392156862745098
23095	0.00392156862745098
23096	0.00392156862745098
23097	0.0
23098	0.0
23099	0.0
23100	0.00392156862745098
23101	0.00392156862745098
23102	0.00392156862745098
23103	0.00392156862745098
23104	0.00392156862745098
23105	0.00392156862745098
23106	0.00392156862745098
23107	0.00392156862745098
23108	0.00392156862745098
23109	0.00392156862745098
23110	0.00392156862745098
23111	0.00392156862745098
23112	0.00392156862745098
23113	0.00392156862745098
23114	0.00392156862745098
23115	0.0
23116	0.0
23117	0.0
23118	0.0
23119	0.0
23120	0.0
23121	0.00392156862745098
23122	0.00392156862745098
23123	0.011764705882352941
23124	0.0
23125	0.00392156862745098
23126	0.03137254901960784
23127	0.00392156862745098
23128	0.00392156862745098
23129	0.01568627450980392
23130	0.01568627450980392
23131	0.00784313725490196
23132	0.00784313725490196
23133	0.01568627450980392
23134	0.00392156862745098
23135	0.00784313725490196
23136	0.0
23137	0.0
23138	0.00392156862745098
23139	0.00392156862745098
23140	0.00392156862745098
23141	0.00392156862745098
23142	0.00392156862745098
23143	0.00392156862745098
23144	0.00392156862745098
23145	0.00392156862745098
23146	0.00392156862745098
23147	0.00392156862745098
23148	0.0
23149	0.0
23150	0.00392156862745098
23151	0.0
23152	0.0
23153	0.0
23154	0.00784313725490196
23155	0.00784313725490196
23156	0.00784313725490196
23157	0.00392156862745098
23158	0.00392156862745098
23159	0.00392156862745098
23160	0.00784313725490196
23161	0.00784313725490196
23162	0.00784313725490196
23163	0.00392156862745098
23164	0.00392156862745098
23165	0.00392156862745098
23166	0.0
23167	0.0
23168	0.0
23169	0.0
23170	0.0
23171	0.0
23172	0.0
23173	0.0
23174	0.0
23175	0.0
23176	0.0
23177	0.0
23178	0.0
23179	0.0
23180	0.0
23181	0.00392156862745098
23182	0.00392156862745098
23183	0.00392156862745098
23184	0.00784313725490196
23185	0.00784313725490196
23186	0.00784313725490196
23187	0.0
23188	0.0
23189	0.0
23190	0.00392156862745098
23191	0.00392156862745098
23192	0.00392156862745098
23193	0.0
23194	0.0
23195	0.0
23196	0.0
23197	0.0
23198	0.0
23199	0.00392156862745098
23200	0.00392156862745098
23201	0.00392156862745098
23202	0.00392156862745098
23203	0.00392156862745098
23204	0.00392156862745098
23205	0.00392156862745098
23206	0.00392156862745098
23207	0.00392156862745098
23208	0.00392156862745098
23209	0.00392156862745098
23210	0.00392156862745098
23211	0.00784313725490196
23212	0.00784313725490196
23213	0.00784313725490196
23214	0.00392156862745098
23215	0.00392156862745098
23216	0.00392156862745098
23217	0.0
23218	0.0
23219	0.0
23220	0.0
23221	0.0
23222	0.0
23223	0.0
23224	0.0
23225	0.0
23226	0.00392156862745098
23227	0.00392156862745098
23228	0.00392156862745098
23229	0.00784313725490196
23230	0.00784313725490196
23231	0.00784313725490196
23232	0.0
23233	0.0
23234	0.0
23235	0.0
23236	0.0
23237	0.0
23238	0.00392156862745098
23239	0.00392156862745098
23240	0.00392156862745098
23241	0.0
23242	0.0
23243	0.0
23244	0.0
23245	0.0
23246	0.0
23247	0.0
23248	0.0
23249	0.0
23250	0.0
23251	0.0
23252	0.0
23253	0.0
23254	0.0
23255	0.0
23256	0.00392156862745098
23257	0.00392156862745098
23258	0.00392156862745098
23259	0.0
23260	0.0
23261	0.0
23262	0.0
23263	0.0
23264	0.0
23265	0.0
23266	0.0
23267	0.0
23268	0.0
23269	0.0
23270	0.0
23271	0.0
23272	0.0
23273	0.0
23274	0.0
23275	0.0
23276	0.0
23277	0.0
23278	0.0
23279	0.0
23280	0.0
23281	0.0
23282	0.0
23283	0.0
23284	0.0
23285	0.0
23286	0.0
23287	0.0
23288	0.0
23289	0.0
23290	0.0
23291	0.0
23292	0.00392156862745098
23293	0.00392156862745098
23294	0.00392156862745098
23295	0.00392156862745098
23296	0.00392156862745098
23297	0.00392156862745098
23298	0.00392156862745098
23299	0.00392156862745098
23300	0.00392156862745098
23301	0.0
23302	0.0
23303	0.0
23304	0.00392156862745098
23305	0.00392156862745098
23306	0.00392156862745098
23307	0.0
23308	0.0
23309	0.0
23310	0.0
23311	0.0
23312	0.0
23313	0.0
23314	0.0
23315	0.0
23316	0.00784313725490196
23317	0.00784313725490196
23318	0.00784313725490196
23319	0.00784313725490196
23320	0.00784313725490196
23321	0.00784313725490196
23322	0.00392156862745098
23323	0.00392156862745098
23324	0.00392156862745098
23325	0.00392156862745098
23326	0.00392156862745098
23327	0.01568627450980392
23328	0.00784313725490196
23329	0.00784313725490196
23330	0.011764705882352941
23331	0.00392156862745098
23332	0.00392156862745098
23333	0.0
23334	0.0
23335	0.0
23336	0.0
23337	0.0
23338	0.0
23339	0.0
23340	0.00784313725490196
23341	0.00784313725490196
23342	0.00784313725490196
23343	0.0
23344	0.0
23345	0.0
23346	0.0
23347	0.0
23348	0.0
23349	0.0
23350	0.0
23351	0.0
23352	0.00784313725490196
23353	0.00784313725490196
23354	0.00784313725490196
23355	0.00392156862745098
23356	0.00392156862745098
23357	0.00392156862745098
23358	0.0
23359	0.0
23360	0.0
23361	0.00392156862745098
23362	0.00392156862745098
23363	0.00392156862745098
23364	0.0
23365	0.0
23366	0.0
23367	0.0
23368	0.0
23369	0.0
23370	0.00392156862745098
23371	0.00392156862745098
23372	0.00392156862745098
23373	0.0
23374	0.0
23375	0.0
23376	0.0
23377	0.0
23378	0.0
23379	0.0
23380	0.0
23381	0.0
23382	0.00392156862745098
23383	0.00392156862745098
23384	0.00392156862745098
23385	0.0
23386	0.0
23387	0.0
23388	0.0
23389	0.0
23390	0.0
23391	0.00784313725490196
23392	0.00784313725490196
23393	0.00784313725490196
23394	0.00784313725490196
23395	0.00784313725490196
23396	0.00784313725490196
23397	0.00392156862745098
23398	0.00392156862745098
23399	0.00392156862745098
23400	0.00392156862745098
23401	0.00392156862745098
23402	0.00392156862745098
23403	0.0
23404	0.0
23405	0.0
23406	0.0
23407	0.0
23408	0.0
23409	0.0
23410	0.0
23411	0.0
23412	0.0
23413	0.0
23414	0.0
23415	0.0
23416	0.0
23417	0.0
23418	0.0
23419	0.0
23420	0.0
23421	0.0
23422	0.0
23423	0.0
23424	0.0
23425	0.0
23426	0.0
23427	0.00392156862745098
23428	0.00392156862745098
23429	0.00392156862745098
23430	0.00392156862745098
23431	0.00392156862745098
23432	0.00392156862745098
23433	0.0
23434	0.0
23435	0.0
23436	0.0
23437	0.0
23438	0.0
23439	0.0
23440	0.0
23441	0.0
23442	0.0
23443	0.0
23444	0.0
23445	0.0
23446	0.0
23447	0.0
23448	0.0
23449	0.0
23450	0.0
23451	0.0
23452	0.0
23453	0.0
23454	0.0
23455	0.0
23456	0.0
23457	0.0
23458	0.0
23459	0.0
23460	0.0
23461	0.0
23462	0.0
23463	0.0
23464	0.0
23465	0.0
23466	0.0
23467	0.0
23468	0.0
23469	0.00784313725490196
23470	0.00784313725490196
23471	0.00784313725490196
23472	0.00392156862745098
23473	0.00392156862745098
23474	0.00392156862745098
23475	0.0
23476	0.0
23477	0.0
23478	0.00392156862745098
23479	0.00392156862745098
23480	0.00392156862745098
23481	0.0
23482	0.0
23483	0.0
23484	0.00392156862745098
23485	0.00392156862745098
23486	0.00392156862745098
23487	0.00392156862745098
23488	0.00392156862745098
23489	0.00392156862745098
23490	0.0
23491	0.0
23492	0.0
23493	0.00784313725490196
23494	0.00784313725490196
23495	0.00784313725490196
23496	0.00392156862745098
23497	0.00392156862745098
23498	0.00392156862745098
23499	0.00392156862745098
23500	0.00392156862745098
23501	0.00392156862745098
23502	0.00392156862745098
23503	0.00392156862745098
23504	0.00392156862745098
23505	0.00392156862745098
23506	0.00392156862745098
23507	0.00392156862745098
23508	0.00392156862745098
23509	0.00392156862745098
23510	0.011764705882352941
23511	0.00392156862745098
23512	0.00784313725490196
23513	0.01568627450980392
23514	0.00392156862745098
23515	0.00784313725490196
23516	0.00784313725490196
23517	0.00784313725490196
23518	0.0
23519	0.0
23520	0.0
23521	0.0
23522	0.0
23523	0.0
23524	0.0
23525	0.0
23526	0.00784313725490196
23527	0.00784313725490196
23528	0.00784313725490196
23529	0.00392156862745098
23530	0.00392156862745098
23531	0.00392156862745098
23532	0.00392156862745098
23533	0.00392156862745098
23534	0.011764705882352941
23535	0.0
23536	0.00392156862745098
23537	0.011764705882352941
23538	0.00392156862745098
23539	0.00392156862745098
23540	0.00392156862745098
23541	0.00392156862745098
23542	0.00392156862745098
23543	0.00392156862745098
23544	0.0
23545	0.0
23546	0.0
23547	0.0
23548	0.0
23549	0.0
23550	0.0
23551	0.0
23552	0.0
23553	0.0
23554	0.0
23555	0.0
23556	0.00392156862745098
23557	0.00392156862745098
23558	0.00392156862745098
23559	0.00784313725490196
23560	0.00784313725490196
23561	0.00784313725490196
23562	0.00392156862745098
23563	0.00392156862745098
23564	0.00392156862745098
23565	0.00784313725490196
23566	0.00784313725490196
23567	0.00784313725490196
23568	0.00392156862745098
23569	0.00392156862745098
23570	0.00392156862745098
23571	0.00392156862745098
23572	0.00392156862745098
23573	0.00392156862745098
23574	0.00392156862745098
23575	0.0
23576	0.0
23577	0.0
23578	0.0
23579	0.0
23580	0.0
23581	0.0
23582	0.0
23583	0.00392156862745098
23584	0.00392156862745098
23585	0.00392156862745098
23586	0.0
23587	0.0
23588	0.0
23589	0.00784313725490196
23590	0.00784313725490196
23591	0.00784313725490196
23592	0.0
23593	0.0
23594	0.0
23595	0.0
23596	0.0
23597	0.0
23598	0.0
23599	0.0
23600	0.0
23601	0.0
23602	0.0
23603	0.0
23604	0.0
23605	0.0
23606	0.0
23607	0.0
23608	0.0
23609	0.0
23610	0.00392156862745098
23611	0.00392156862745098
23612	0.00392156862745098
23613	0.00392156862745098
23614	0.00392156862745098
23615	0.00392156862745098
23616	0.00392156862745098
23617	0.00392156862745098
23618	0.00392156862745098
23619	0.0
23620	0.0
23621	0.0
23622	0.0
23623	0.0
23624	0.0
23625	0.0
23626	0.0
23627	0.0
23628	0.0
23629	0.0
23630	0.0
23631	0.00392156862745098
23632	0.00392156862745098
23633	0.00392156862745098
23634	0.0
23635	0.0
23636	0.0
23637	0.0
23638	0.0
23639	0.0
23640	0.0
23641	0.0
23642	0.0
23643	0.00392156862745098
23644	0.00392156862745098
23645	0.00392156862745098
23646	0.0
23647	0.0
23648	0.0
23649	0.0
23650	0.0
23651	0.0
23652	0.00392156862745098
23653	0.00392156862745098
23654	0.00392156862745098
23655	0.0
23656	0.0
23657	0.0
23658	0.00392156862745098
23659	0.00392156862745098
23660	0.00392156862745098
23661	0.0
23662	0.0
23663	0.0
23664	0.0
23665	0.0
23666	0.0
23667	0.00392156862745098
23668	0.00392156862745098
23669	0.00392156862745098
23670	0.0
23671	0.0
23672	0.0
23673	0.0
23674	0.0
23675	0.0
23676	0.0
23677	0.0
23678	0.0
23679	0.0
23680	0.0
23681	0.0
23682	0.00392156862745098
23683	0.00392156862745098
23684	0.00392156862745098
23685	0.00392156862745098
23686	0.00392156862745098
23687	0.00392156862745098
23688	0.00784313725490196
23689	0.00784313725490196
23690	0.00784313725490196
23691	0.011764705882352941
23692	0.011764705882352941
23693	0.011764705882352941
23694	0.00392156862745098
23695	0.00392156862745098
23696	0.00392156862745098
23697	0.00392156862745098
23698	0.00392156862745098
23699	0.00392156862745098
23700	0.00392156862745098
23701	0.00392156862745098
23702	0.00392156862745098
23703	0.00784313725490196
23704	0.00784313725490196
23705	0.00784313725490196
23706	0.00784313725490196
23707	0.00784313725490196
23708	0.00784313725490196
23709	0.011764705882352941
23710	0.011764705882352941
23711	0.011764705882352941
23712	0.00784313725490196
23713	0.00784313725490196
23714	0.01568627450980392
23715	0.00392156862745098
23716	0.0
23717	0.0
23718	0.0
23719	0.0
23720	0.0
23721	0.0
23722	0.0
23723	0.0
23724	0.00392156862745098
23725	0.00392156862745098
23726	0.00392156862745098
23727	0.0
23728	0.0
23729	0.0
23730	0.0
23731	0.0
23732	0.0
23733	0.0
23734	0.0
23735	0.0
23736	0.00392156862745098
23737	0.00392156862745098
23738	0.00392156862745098
23739	0.00392156862745098
23740	0.00392156862745098
23741	0.00392156862745098
23742	0.00392156862745098
23743	0.00392156862745098
23744	0.00392156862745098
23745	0.00392156862745098
23746	0.00392156862745098
23747	0.00392156862745098
23748	0.0
23749	0.0
23750	0.0
23751	0.0
23752	0.0
23753	0.0
23754	0.0
23755	0.0
23756	0.0
23757	0.00784313725490196
23758	0.00784313725490196
23759	0.00784313725490196
23760	0.00784313725490196
23761	0.00784313725490196
23762	0.00784313725490196
23763	0.0
23764	0.0
23765	0.0
23766	0.0
23767	0.0
23768	0.0
23769	0.0
23770	0.0
23771	0.0
23772	0.0
23773	0.0
23774	0.0
23775	0.00392156862745098
23776	0.00392156862745098
23777	0.00392156862745098
23778	0.00392156862745098
23779	0.00392156862745098
23780	0.00392156862745098
23781	0.00392156862745098
23782	0.00392156862745098
23783	0.00392156862745098
23784	0.00392156862745098
23785	0.00392156862745098
23786	0.00392156862745098
23787	0.0
23788	0.0
23789	0.0
23790	0.011764705882352941
23791	0.011764705882352941
23792	0.011764705882352941
23793	0.00784313725490196
23794	0.00784313725490196
23795	0.00784313725490196
23796	0.0
23797	0.0
23798	0.0
23799	0.0
23800	0.0
23801	0.0
23802	0.0
23803	0.0
23804	0.0
23805	0.00392156862745098
23806	0.00392156862745098
23807	0.00392156862745098
23808	0.0
23809	0.0
23810	0.0
23811	0.0
23812	0.0
23813	0.0
23814	0.0
23815	0.0
23816	0.0
23817	0.0
23818	0.0
23819	0.0
23820	0.0
23821	0.0
23822	0.0
23823	0.0
23824	0.0
23825	0.0
23826	0.0
23827	0.0
23828	0.0
23829	0.0
23830	0.0
23831	0.0
23832	0.0
23833	0.0
23834	0.0
23835	0.0
23836	0.0
23837	0.0
23838	0.0
23839	0.0
23840	0.0
23841	0.0
23842	0.0
23843	0.0
23844	0.00392156862745098
23845	0.00392156862745098
23846	0.00392156862745098
23847	0.00392156862745098
23848	0.00392156862745098
23849	0.00392156862745098
23850	0.0
23851	0.0
23852	0.0
23853	0.00392156862745098
23854	0.00392156862745098
23855	0.00392156862745098
23856	0.0
23857	0.0
23858	0.0
23859	0.0
23860	0.0
23861	0.0
23862	0.0
23863	0.0
23864	0.0
23865	0.0
23866	0.0
23867	0.0
23868	0.0
23869	0.0
23870	0.0
23871	0.00392156862745098
23872	0.00392156862745098
23873	0.00392156862745098
23874	0.0
23875	0.0
23876	0.0
23877	0.00784313725490196
23878	0.00784313725490196
23879	0.00784313725490196
23880	0.0
23881	0.0
23882	0.0
23883	0.0
23884	0.0
23885	0.0
23886	0.0
23887	0.0
23888	0.0
23889	0.00392156862745098
23890	0.00392156862745098
23891	0.011764705882352941
23892	0.011764705882352941
23893	0.00392156862745098
23894	0.0196078431372549
23895	0.00392156862745098
23896	0.00392156862745098
23897	0.011764705882352941
23898	0.0
23899	0.0
23900	0.0
23901	0.0
23902	0.0
23903	0.0
23904	0.00784313725490196
23905	0.00392156862745098
23906	0.00392156862745098
23907	0.011764705882352941
23908	0.0
23909	0.0
23910	0.00784313725490196
23911	0.00392156862745098
23912	0.00392156862745098
23913	0.00392156862745098
23914	0.00392156862745098
23915	0.00392156862745098
23916	0.0
23917	0.0
23918	0.0
23919	0.0
23920	0.00392156862745098
23921	0.0
23922	0.00392156862745098
23923	0.00392156862745098
23924	0.00392156862745098
23925	0.00392156862745098
23926	0.00392156862745098
23927	0.00392156862745098
23928	0.0
23929	0.0
23930	0.0
23931	0.0
23932	0.0
23933	0.0
23934	0.00784313725490196
23935	0.00784313725490196
23936	0.00784313725490196
23937	0.0
23938	0.0
23939	0.0
23940	0.00392156862745098
23941	0.00392156862745098
23942	0.00392156862745098
23943	0.00392156862745098
23944	0.00392156862745098
23945	0.00392156862745098
23946	0.00392156862745098
23947	0.00392156862745098
23948	0.00392156862745098
23949	0.00392156862745098
23950	0.00392156862745098
23951	0.00392156862745098
23952	0.0
23953	0.0
23954	0.0
23955	0.0
23956	0.0
23957	0.0
23958	0.0
23959	0.0
23960	0.0
23961	0.0
23962	0.0
23963	0.0
23964	0.0
23965	0.0
23966	0.0
23967	0.0
23968	0.0
23969	0.0
23970	0.0
23971	0.0
23972	0.0
23973	0.00392156862745098
23974	0.00392156862745098
23975	0.00392156862745098
23976	0.00392156862745098
23977	0.00392156862745098
23978	0.00392156862745098
23979	0.0
23980	0.0
23981	0.0
23982	0.0
23983	0.0
23984	0.0
23985	0.0
23986	0.0
23987	0.0
23988	0.0
23989	0.0
23990	0.0
23991	0.00392156862745098
23992	0.00392156862745098
23993	0.00392156862745098
23994	0.011764705882352941
23995	0.011764705882352941
23996	0.011764705882352941
23997	0.00784313725490196
23998	0.00784313725490196
23999	0.00784313725490196
24000	0.0
24001	0.0
24002	0.0
24003	0.0
24004	0.0
24005	0.0
24006	0.0
24007	0.0
24008	0.0
24009	0.0
24010	0.0
24011	0.0
24012	0.0
24013	0.0
24014	0.0
24015	0.00392156862745098
24016	0.00392156862745098
24017	0.00392156862745098
24018	0.0
24019	0.0
24020	0.0
24021	0.0
24022	0.0
24023	0.0
24024	0.0
24025	0.0
24026	0.0
24027	0.00392156862745098
24028	0.00392156862745098
24029	0.00392156862745098
24030	0.00392156862745098
24031	0.00392156862745098
24032	0.00392156862745098
24033	0.00392156862745098
24034	0.00392156862745098
24035	0.00392156862745098
24036	0.0
24037	0.0
24038	0.0
24039	0.0
24040	0.0
24041	0.0
24042	0.00392156862745098
24043	0.00392156862745098
24044	0.00392156862745098
24045	0.0
24046	0.0
24047	0.0
24048	0.0
24049	0.0
24050	0.0
24051	0.00392156862745098
24052	0.00392156862745098
24053	0.00392156862745098
24054	0.0
24055	0.0
24056	0.0
24057	0.0
24058	0.0
24059	0.0
24060	0.00392156862745098
24061	0.00392156862745098
24062	0.00392156862745098
24063	0.00392156862745098
24064	0.00784313725490196
24065	0.00784313725490196
24066	0.00392156862745098
24067	0.00392156862745098
24068	0.00392156862745098
24069	0.00392156862745098
24070	0.00392156862745098
24071	0.00392156862745098
24072	0.00392156862745098
24073	0.00392156862745098
24074	0.00392156862745098
24075	0.00784313725490196
24076	0.00784313725490196
24077	0.00784313725490196
24078	0.011764705882352941
24079	0.011764705882352941
24080	0.011764705882352941
24081	0.0
24082	0.0
24083	0.0
24084	0.00392156862745098
24085	0.00392156862745098
24086	0.00392156862745098
24087	0.00392156862745098
24088	0.00392156862745098
24089	0.00392156862745098
24090	0.011764705882352941
24091	0.011764705882352941
24092	0.011764705882352941
24093	0.01568627450980392
24094	0.00784313725490196
24095	0.00784313725490196
24096	0.00392156862745098
24097	0.00784313725490196
24098	0.00392156862745098
24099	0.00392156862745098
24100	0.00392156862745098
24101	0.00392156862745098
24102	0.00392156862745098
24103	0.00392156862745098
24104	0.00392156862745098
24105	0.0
24106	0.0
24107	0.0
24108	0.0
24109	0.0
24110	0.0
24111	0.00392156862745098
24112	0.00392156862745098
24113	0.00392156862745098
24114	0.0
24115	0.0
24116	0.0
24117	0.0
24118	0.0
24119	0.0
24120	0.0
24121	0.0
24122	0.0
24123	0.0
24124	0.0
24125	0.0
24126	0.0
24127	0.0
24128	0.0
24129	0.0
24130	0.0
24131	0.0
24132	0.0
24133	0.0
24134	0.0
24135	0.0
24136	0.0
24137	0.0
24138	0.0
24139	0.0
24140	0.0
24141	0.00392156862745098
24142	0.00392156862745098
24143	0.00392156862745098
24144	0.00392156862745098
24145	0.00392156862745098
24146	0.00392156862745098
24147	0.0
24148	0.0
24149	0.0
24150	0.0
24151	0.0
24152	0.0
24153	0.0
24154	0.0
24155	0.0
24156	0.0
24157	0.0
24158	0.0
24159	0.0
24160	0.0
24161	0.0
24162	0.0
24163	0.0
24164	0.0
24165	0.0
24166	0.0
24167	0.0
24168	0.0
24169	0.0
24170	0.0
24171	0.0
24172	0.0
24173	0.0
24174	0.00784313725490196
24175	0.00784313725490196
24176	0.00784313725490196
24177	0.00392156862745098
24178	0.00392156862745098
24179	0.00392156862745098
24180	0.00392156862745098
24181	0.00392156862745098
24182	0.00392156862745098
24183	0.0
24184	0.0
24185	0.0
24186	0.0
24187	0.0
24188	0.0
24189	0.0
24190	0.0
24191	0.0
24192	0.00392156862745098
24193	0.00392156862745098
24194	0.00392156862745098
24195	0.00392156862745098
24196	0.00392156862745098
24197	0.00392156862745098
24198	0.0
24199	0.0
24200	0.0
24201	0.0
24202	0.0
24203	0.0
24204	0.0
24205	0.0
24206	0.0
24207	0.0
24208	0.0
24209	0.0
24210	0.00392156862745098
24211	0.00392156862745098
24212	0.00392156862745098
24213	0.0
24214	0.0
24215	0.0
24216	0.00392156862745098
24217	0.00392156862745098
24218	0.00392156862745098
24219	0.0
24220	0.0
24221	0.0
24222	0.0
24223	0.0
24224	0.0
24225	0.0
24226	0.0
24227	0.0
24228	0.0
24229	0.0
24230	0.0
24231	0.0
24232	0.0
24233	0.0
24234	0.0
24235	0.0
24236	0.0
24237	0.00392156862745098
24238	0.00392156862745098
24239	0.00392156862745098
24240	0.0
24241	0.0
24242	0.0
24243	0.0
24244	0.0
24245	0.0
24246	0.0
24247	0.0
24248	0.0
24249	0.0
24250	0.0
24251	0.0
24252	0.00392156862745098
24253	0.00392156862745098
24254	0.00392156862745098
24255	0.00392156862745098
24256	0.00392156862745098
24257	0.00392156862745098
24258	0.0
24259	0.0
24260	0.0
24261	0.00392156862745098
24262	0.00392156862745098
24263	0.00392156862745098
24264	0.0
24265	0.0
24266	0.0
24267	0.00392156862745098
24268	0.00392156862745098
24269	0.00392156862745098
24270	0.00392156862745098
24271	0.00392156862745098
24272	0.00392156862745098
24273	0.011764705882352941
24274	0.00784313725490196
24275	0.00784313725490196
24276	0.011764705882352941
24277	0.00784313725490196
24278	0.01568627450980392
24279	0.00784313725490196
24280	0.00392156862745098
24281	0.011764705882352941
24282	0.0
24283	0.0
24284	0.0
24285	0.0
24286	0.0
24287	0.0
24288	0.0
24289	0.0
24290	0.0
24291	0.011764705882352941
24292	0.00392156862745098
24293	0.00392156862745098
24294	0.00392156862745098
24295	0.0
24296	0.0
24297	0.00392156862745098
24298	0.00392156862745098
24299	0.00392156862745098
24300	0.0
24301	0.0
24302	0.0
24303	0.00392156862745098
24304	0.00392156862745098
24305	0.00392156862745098
24306	0.00784313725490196
24307	0.00784313725490196
24308	0.00784313725490196
24309	0.00392156862745098
24310	0.00392156862745098
24311	0.00392156862745098
24312	0.00392156862745098
24313	0.00392156862745098
24314	0.00392156862745098
24315	0.00392156862745098
24316	0.00392156862745098
24317	0.00392156862745098
24318	0.00392156862745098
24319	0.00392156862745098
24320	0.00392156862745098
24321	0.00392156862745098
24322	0.00392156862745098
24323	0.00392156862745098
24324	0.0
24325	0.0
24326	0.0
24327	0.00392156862745098
24328	0.00392156862745098
24329	0.00392156862745098
24330	0.0
24331	0.0
24332	0.0
24333	0.00392156862745098
24334	0.00392156862745098
24335	0.00392156862745098
24336	0.011764705882352941
24337	0.011764705882352941
24338	0.011764705882352941
24339	0.00392156862745098
24340	0.00392156862745098
24341	0.00392156862745098
24342	0.00392156862745098
24343	0.00392156862745098
24344	0.00392156862745098
24345	0.0
24346	0.0
24347	0.0
24348	0.0
24349	0.0
24350	0.0
24351	0.00784313725490196
24352	0.00784313725490196
24353	0.00784313725490196
24354	0.00784313725490196
24355	0.00784313725490196
24356	0.00784313725490196
24357	0.00784313725490196
24358	0.00784313725490196
24359	0.00784313725490196
24360	0.00392156862745098
24361	0.00392156862745098
24362	0.00392156862745098
24363	0.0
24364	0.0
24365	0.0
24366	0.00784313725490196
24367	0.00784313725490196
24368	0.00784313725490196
24369	0.00392156862745098
24370	0.00392156862745098
24371	0.00392156862745098
24372	0.00392156862745098
24373	0.00392156862745098
24374	0.00392156862745098
24375	0.00392156862745098
24376	0.00392156862745098
24377	0.00392156862745098
24378	0.011764705882352941
24379	0.011764705882352941
24380	0.011764705882352941
24381	0.00784313725490196
24382	0.00784313725490196
24383	0.00784313725490196
24384	0.00392156862745098
24385	0.00784313725490196
24386	0.00392156862745098
24387	0.00392156862745098
24388	0.00784313725490196
24389	0.00392156862745098
24390	0.00784313725490196
24391	0.00784313725490196
24392	0.00784313725490196
24393	0.00392156862745098
24394	0.00392156862745098
24395	0.00392156862745098
24396	0.0
24397	0.0
24398	0.0
24399	0.00392156862745098
24400	0.00392156862745098
24401	0.00392156862745098
24402	0.0
24403	0.0
24404	0.0
24405	0.0
24406	0.0
24407	0.0
24408	0.0
24409	0.0
24410	0.0
24411	0.0
24412	0.0
24413	0.0
24414	0.00392156862745098
24415	0.00392156862745098
24416	0.00392156862745098
24417	0.00392156862745098
24418	0.00392156862745098
24419	0.00392156862745098
24420	0.00392156862745098
24421	0.00392156862745098
24422	0.00392156862745098
24423	0.0
24424	0.0
24425	0.0
24426	0.0
24427	0.0
24428	0.0
24429	0.0
24430	0.0
24431	0.0
24432	0.00784313725490196
24433	0.00784313725490196
24434	0.00784313725490196
24435	0.00392156862745098
24436	0.00392156862745098
24437	0.00392156862745098
24438	0.0
24439	0.0
24440	0.0
24441	0.00392156862745098
24442	0.00392156862745098
24443	0.00392156862745098
24444	0.00392156862745098
24445	0.00392156862745098
24446	0.00392156862745098
24447	0.00392156862745098
24448	0.0
24449	0.0
24450	0.00784313725490196
24451	0.00392156862745098
24452	0.00392156862745098
24453	0.00784313725490196
24454	0.00784313725490196
24455	0.00784313725490196
24456	0.00784313725490196
24457	0.00784313725490196
24458	0.00784313725490196
24459	0.00784313725490196
24460	0.00784313725490196
24461	0.00784313725490196
24462	0.00392156862745098
24463	0.00392156862745098
24464	0.00392156862745098
24465	0.00784313725490196
24466	0.00784313725490196
24467	0.00784313725490196
24468	0.00784313725490196
24469	0.00784313725490196
24470	0.00784313725490196
24471	0.00392156862745098
24472	0.00392156862745098
24473	0.00392156862745098
24474	0.00392156862745098
24475	0.00392156862745098
24476	0.00392156862745098
24477	0.00784313725490196
24478	0.00392156862745098
24479	0.00392156862745098
24480	0.01568627450980392
24481	0.01568627450980392
24482	0.01568627450980392
24483	0.00784313725490196
24484	0.00784313725490196
24485	0.00784313725490196
24486	0.00392156862745098
24487	0.00392156862745098
24488	0.00392156862745098
24489	0.00392156862745098
24490	0.00392156862745098
24491	0.00392156862745098
24492	0.00392156862745098
24493	0.00392156862745098
24494	0.00392156862745098
24495	0.00784313725490196
24496	0.00784313725490196
24497	0.00784313725490196
24498	0.0
24499	0.0
24500	0.0
24501	0.0
24502	0.0
24503	0.0
24504	0.0
24505	0.0
24506	0.0
24507	0.0
24508	0.0
24509	0.0
24510	0.0
24511	0.0
24512	0.0
24513	0.0
24514	0.0
24515	0.0
24516	0.0
24517	0.0
24518	0.0
24519	0.0
24520	0.0
24521	0.0
24522	0.0
24523	0.0
24524	0.0
24525	0.0
24526	0.0
24527	0.0
24528	0.0
24529	0.0
24530	0.0
24531	0.0
24532	0.0
24533	0.0
24534	0.0
24535	0.0
24536	0.0
24537	0.0
24538	0.0
24539	0.0
24540	0.0
24541	0.0
24542	0.0
24543	0.0
24544	0.0
24545	0.0
24546	0.0
24547	0.0
24548	0.0
24549	0.0
24550	0.0
24551	0.0
24552	0.0
24553	0.0
24554	0.0
24555	0.0
24556	0.0
24557	0.0
24558	0.00392156862745098
24559	0.00392156862745098
24560	0.00392156862745098
24561	0.00392156862745098
24562	0.00392156862745098
24563	0.00392156862745098
24564	0.00392156862745098
24565	0.00392156862745098
24566	0.00392156862745098
24567	0.0
24568	0.0
24569	0.0
24570	0.0
24571	0.0
24572	0.0
24573	0.00392156862745098
24574	0.00392156862745098
24575	0.00392156862745098
24576	0.00392156862745098
24577	0.00392156862745098
24578	0.00392156862745098
24579	0.00392156862745098
24580	0.00392156862745098
24581	0.00392156862745098
24582	0.0
24583	0.0
24584	0.0
24585	0.0
24586	0.0
24587	0.0
24588	0.0
24589	0.0
24590	0.0
24591	0.0
24592	0.0
24593	0.0
24594	0.0
24595	0.0
24596	0.0
24597	0.0
24598	0.0
24599	0.0
24600	0.0
24601	0.0
24602	0.0
24603	0.00392156862745098
24604	0.00392156862745098
24605	0.00392156862745098
24606	0.0
24607	0.0
24608	0.0
24609	0.0
24610	0.0
24611	0.0
24612	0.0
24613	0.0
24614	0.0
24615	0.0
24616	0.0
24617	0.0
24618	0.0
24619	0.0
24620	0.0
24621	0.0
24622	0.0
24623	0.0
24624	0.0
24625	0.0
24626	0.0
24627	0.0
24628	0.0
24629	0.0
24630	0.0
24631	0.0
24632	0.0
24633	0.0
24634	0.0
24635	0.0
24636	0.00392156862745098
24637	0.00392156862745098
24638	0.00392156862745098
24639	0.00392156862745098
24640	0.00392156862745098
24641	0.00392156862745098
24642	0.00392156862745098
24643	0.00392156862745098
24644	0.00392156862745098
24645	0.00392156862745098
24646	0.00392156862745098
24647	0.00392156862745098
24648	0.00392156862745098
24649	0.00392156862745098
24650	0.00392156862745098
24651	0.00392156862745098
24652	0.00392156862745098
24653	0.00392156862745098
24654	0.00784313725490196
24655	0.00784313725490196
24656	0.00784313725490196
24657	0.00392156862745098
24658	0.00392156862745098
24659	0.00392156862745098
24660	0.011764705882352941
24661	0.011764705882352941
24662	0.00784313725490196
24663	0.011764705882352941
24664	0.00392156862745098
24665	0.01568627450980392
24666	0.00392156862745098
24667	0.0
24668	0.0
24669	0.0
24670	0.0
24671	0.0
24672	0.0
24673	0.0
24674	0.0
24675	0.00392156862745098
24676	0.00784313725490196
24677	0.00784313725490196
24678	0.0
24679	0.0
24680	0.0
24681	0.0
24682	0.0
24683	0.0
24684	0.0
24685	0.0
24686	0.0
24687	0.00392156862745098
24688	0.00392156862745098
24689	0.00392156862745098
24690	0.011764705882352941
24691	0.00784313725490196
24692	0.011764705882352941
24693	0.00784313725490196
24694	0.00784313725490196
24695	0.00784313725490196
24696	0.00784313725490196
24697	0.00784313725490196
24698	0.00784313725490196
24699	0.00392156862745098
24700	0.00392156862745098
24701	0.00392156862745098
24702	0.00784313725490196
24703	0.00784313725490196
24704	0.00784313725490196
24705	0.011764705882352941
24706	0.011764705882352941
24707	0.011764705882352941
24708	0.00392156862745098
24709	0.00392156862745098
24710	0.00392156862745098
24711	0.0
24712	0.0
24713	0.0
24714	0.0
24715	0.0
24716	0.0
24717	0.00392156862745098
24718	0.00392156862745098
24719	0.00392156862745098
24720	0.00392156862745098
24721	0.00392156862745098
24722	0.00392156862745098
24723	0.0
24724	0.0
24725	0.0
24726	0.00784313725490196
24727	0.00784313725490196
24728	0.00784313725490196
24729	0.0
24730	0.0
24731	0.0
24732	0.0
24733	0.0
24734	0.0
24735	0.00784313725490196
24736	0.00784313725490196
24737	0.00784313725490196
24738	0.00784313725490196
24739	0.00784313725490196
24740	0.00784313725490196
24741	0.011764705882352941
24742	0.011764705882352941
24743	0.011764705882352941
24744	0.00784313725490196
24745	0.00784313725490196
24746	0.00784313725490196
24747	0.00392156862745098
24748	0.00392156862745098
24749	0.00392156862745098
24750	0.0
24751	0.0
24752	0.0
24753	0.0
24754	0.0
24755	0.0
24756	0.00392156862745098
24757	0.00392156862745098
24758	0.00392156862745098
24759	0.011764705882352941
24760	0.011764705882352941
24761	0.01568627450980392
24762	0.00392156862745098
24763	0.00392156862745098
24764	0.00784313725490196
24765	0.00392156862745098
24766	0.00392156862745098
24767	0.00784313725490196
24768	0.011764705882352941
24769	0.011764705882352941
24770	0.011764705882352941
24771	0.011764705882352941
24772	0.011764705882352941
24773	0.011764705882352941
24774	0.011764705882352941
24775	0.011764705882352941
24776	0.011764705882352941
24777	0.00784313725490196
24778	0.00784313725490196
24779	0.00784313725490196
24780	0.0
24781	0.0
24782	0.0
24783	0.00392156862745098
24784	0.00392156862745098
24785	0.00392156862745098
24786	0.0
24787	0.0
24788	0.0
24789	0.0
24790	0.0
24791	0.0
24792	0.0
24793	0.0
24794	0.0
24795	0.0
24796	0.0
24797	0.0
24798	0.00392156862745098
24799	0.00392156862745098
24800	0.00392156862745098
24801	0.0
24802	0.0
24803	0.0
24804	0.00392156862745098
24805	0.00392156862745098
24806	0.0
24807	0.00392156862745098
24808	0.00392156862745098
24809	0.0
24810	0.00392156862745098
24811	0.00392156862745098
24812	0.0
24813	0.00392156862745098
24814	0.00392156862745098
24815	0.00392156862745098
24816	0.00392156862745098
24817	0.00392156862745098
24818	0.00392156862745098
24819	0.0
24820	0.0
24821	0.0
24822	0.0
24823	0.0
24824	0.0
24825	0.00392156862745098
24826	0.00392156862745098
24827	0.00392156862745098
24828	0.0
24829	0.0
24830	0.0
24831	0.0
24832	0.0
24833	0.0
24834	0.011764705882352941
24835	0.011764705882352941
24836	0.011764705882352941
24837	0.00784313725490196
24838	0.00392156862745098
24839	0.011764705882352941
24840	0.00392156862745098
24841	0.00392156862745098
24842	0.00392156862745098
24843	0.00784313725490196
24844	0.00392156862745098
24845	0.00784313725490196
24846	0.00392156862745098
24847	0.0
24848	0.00392156862745098
24849	0.011764705882352941
24850	0.011764705882352941
24851	0.011764705882352941
24852	0.011764705882352941
24853	0.011764705882352941
24854	0.011764705882352941
24855	0.00392156862745098
24856	0.00392156862745098
24857	0.00392156862745098
24858	0.0
24859	0.0
24860	0.0
24861	0.00392156862745098
24862	0.00392156862745098
24863	0.00392156862745098
24864	0.00784313725490196
24865	0.00784313725490196
24866	0.00784313725490196
24867	0.00392156862745098
24868	0.00392156862745098
24869	0.00392156862745098
24870	0.00784313725490196
24871	0.00784313725490196
24872	0.00784313725490196
24873	0.00784313725490196
24874	0.00784313725490196
24875	0.00784313725490196
24876	0.00392156862745098
24877	0.00392156862745098
24878	0.00392156862745098
24879	0.00392156862745098
24880	0.00392156862745098
24881	0.00392156862745098
24882	0.0
24883	0.0
24884	0.0
24885	0.0
24886	0.0
24887	0.0
24888	0.0
24889	0.0
24890	0.0
24891	0.0
24892	0.0
24893	0.0
24894	0.0
24895	0.0
24896	0.0
24897	0.00392156862745098
24898	0.00392156862745098
24899	0.00392156862745098
24900	0.0
24901	0.0
24902	0.0
24903	0.0
24904	0.0
24905	0.0
24906	0.0
24907	0.0
24908	0.0
24909	0.0
24910	0.0
24911	0.0
24912	0.0
24913	0.0
24914	0.0
24915	0.0
24916	0.0
24917	0.0
24918	0.0
24919	0.0
24920	0.0
24921	0.0
24922	0.0
24923	0.0
24924	0.0
24925	0.0
24926	0.0
24927	0.0
24928	0.0
24929	0.0
24930	0.0
24931	0.0
24932	0.0
24933	0.0
24934	0.0
24935	0.0
24936	0.0
24937	0.0
24938	0.0
24939	0.0
24940	0.0
24941	0.0
24942	0.0
24943	0.0
24944	0.0
24945	0.0
24946	0.0
24947	0.0
24948	0.0
24949	0.0
24950	0.0
24951	0.0
24952	0.0
24953	0.0
24954	0.0
24955	0.0
24956	0.0
24957	0.0
24958	0.0
24959	0.0
24960	0.0
24961	0.00392156862745098
24962	0.00392156862745098
24963	0.00392156862745098
24964	0.00784313725490196
24965	0.00784313725490196
24966	0.0
24967	0.0
24968	0.0
24969	0.0
24970	0.0
24971	0.0
24972	0.0
24973	0.0
24974	0.0
24975	0.0
24976	0.0
24977	0.0
24978	0.0
24979	0.0
24980	0.0
24981	0.00392156862745098
24982	0.00392156862745098
24983	0.00392156862745098
24984	0.0
24985	0.0
24986	0.0
24987	0.0
24988	0.0
24989	0.0
24990	0.0
24991	0.0
24992	0.0
24993	0.0
24994	0.0
24995	0.0
24996	0.0
24997	0.0
24998	0.0
24999	0.0
25000	0.0
25001	0.0
25002	0.0
25003	0.0
25004	0.0
25005	0.0
25006	0.0
25007	0.0
25008	0.0
25009	0.0
25010	0.0
25011	0.0
25012	0.0
25013	0.0
25014	0.0
25015	0.0
25016	0.0
25017	0.0
25018	0.0
25019	0.0
25020	0.00784313725490196
25021	0.00784313725490196
25022	0.00784313725490196
25023	0.00392156862745098
25024	0.00392156862745098
25025	0.00392156862745098
25026	0.00392156862745098
25027	0.00392156862745098
25028	0.00392156862745098
25029	0.00392156862745098
25030	0.00392156862745098
25031	0.00392156862745098
25032	0.0
25033	0.0
25034	0.0
25035	0.0
25036	0.0
25037	0.0
25038	0.00784313725490196
25039	0.00784313725490196
25040	0.00784313725490196
25041	0.00392156862745098
25042	0.00392156862745098
25043	0.00392156862745098
25044	0.0
25045	0.0
25046	0.0
25047	0.00784313725490196
25048	0.0
25049	0.00392156862745098
25050	0.01568627450980392
25051	0.00392156862745098
25052	0.00784313725490196
25053	0.00784313725490196
25054	0.00784313725490196
25055	0.0
25056	0.00392156862745098
25057	0.00392156862745098
25058	0.00392156862745098
25059	0.00392156862745098
25060	0.00392156862745098
25061	0.00392156862745098
25062	0.00392156862745098
25063	0.00392156862745098
25064	0.00392156862745098
25065	0.00392156862745098
25066	0.00392156862745098
25067	0.00392156862745098
25068	0.00784313725490196
25069	0.00784313725490196
25070	0.00784313725490196
25071	0.00392156862745098
25072	0.00392156862745098
25073	0.00392156862745098
25074	0.00392156862745098
25075	0.00392156862745098
25076	0.00392156862745098
25077	0.00392156862745098
25078	0.00392156862745098
25079	0.00392156862745098
25080	0.00392156862745098
25081	0.00392156862745098
25082	0.00392156862745098
25083	0.00392156862745098
25084	0.00392156862745098
25085	0.00392156862745098
25086	0.00392156862745098
25087	0.00392156862745098
25088	0.00392156862745098
25089	0.00784313725490196
25090	0.00784313725490196
25091	0.00784313725490196
25092	0.011764705882352941
25093	0.011764705882352941
25094	0.011764705882352941
25095	0.00392156862745098
25096	0.00392156862745098
25097	0.00392156862745098
25098	0.00392156862745098
25099	0.00392156862745098
25100	0.00392156862745098
25101	0.00392156862745098
25102	0.00392156862745098
25103	0.00392156862745098
25104	0.00784313725490196
25105	0.00784313725490196
25106	0.00784313725490196
25107	0.0
25108	0.0
25109	0.0
25110	0.00784313725490196
25111	0.00784313725490196
25112	0.00784313725490196
25113	0.00784313725490196
25114	0.00784313725490196
25115	0.00784313725490196
25116	0.0
25117	0.0
25118	0.0
25119	0.00392156862745098
25120	0.00392156862745098
25121	0.00392156862745098
25122	0.00392156862745098
25123	0.00392156862745098
25124	0.00392156862745098
25125	0.00392156862745098
25126	0.00392156862745098
25127	0.0196078431372549
25128	0.00784313725490196
25129	0.00784313725490196
25130	0.011764705882352941
25131	0.011764705882352941
25132	0.011764705882352941
25133	0.023529411764705882
25134	0.00784313725490196
25135	0.01568627450980392
25136	0.01568627450980392
25137	0.01568627450980392
25138	0.00784313725490196
25139	0.011764705882352941
25140	0.027450980392156862
25141	0.00392156862745098
25142	0.011764705882352941
25143	0.023529411764705882
25144	0.011764705882352941
25145	0.027450980392156862
25146	0.023529411764705882
25147	0.00392156862745098
25148	0.0392156862745098
25149	0.011764705882352941
25150	0.011764705882352941
25151	0.03137254901960784
25152	0.00784313725490196
25153	0.011764705882352941
25154	0.0196078431372549
25155	0.011764705882352941
25156	0.01568627450980392
25157	0.01568627450980392
25158	0.00784313725490196
25159	0.00784313725490196
25160	0.00784313725490196
25161	0.00392156862745098
25162	0.00392156862745098
25163	0.00392156862745098
25164	0.0
25165	0.0
25166	0.0
25167	0.00784313725490196
25168	0.00784313725490196
25169	0.00392156862745098
25170	0.00784313725490196
25171	0.00392156862745098
25172	0.0
25173	0.00392156862745098
25174	0.00392156862745098
25175	0.00392156862745098
25176	0.00784313725490196
25177	0.00784313725490196
25178	0.00784313725490196
25179	0.00392156862745098
25180	0.00392156862745098
25181	0.00392156862745098
25182	0.00392156862745098
25183	0.00392156862745098
25184	0.00392156862745098
25185	0.0
25186	0.0
25187	0.0
25188	0.00392156862745098
25189	0.00392156862745098
25190	0.0
25191	0.00392156862745098
25192	0.00392156862745098
25193	0.00392156862745098
25194	0.0
25195	0.00392156862745098
25196	0.0
25197	0.0
25198	0.0
25199	0.0
25200	0.00784313725490196
25201	0.00784313725490196
25202	0.00784313725490196
25203	0.00392156862745098
25204	0.00392156862745098
25205	0.00392156862745098
25206	0.011764705882352941
25207	0.011764705882352941
25208	0.011764705882352941
25209	0.00784313725490196
25210	0.00784313725490196
25211	0.00784313725490196
25212	0.00392156862745098
25213	0.00392156862745098
25214	0.00392156862745098
25215	0.00392156862745098
25216	0.00392156862745098
25217	0.00392156862745098
25218	0.00784313725490196
25219	0.00784313725490196
25220	0.00392156862745098
25221	0.0196078431372549
25222	0.01568627450980392
25223	0.027450980392156862
25224	0.027450980392156862
25225	0.011764705882352941
25226	0.023529411764705882
25227	0.03137254901960784
25228	0.01568627450980392
25229	0.03137254901960784
25230	0.011764705882352941
25231	0.011764705882352941
25232	0.027450980392156862
25233	0.00784313725490196
25234	0.00392156862745098
25235	0.01568627450980392
25236	0.01568627450980392
25237	0.01568627450980392
25238	0.01568627450980392
25239	0.00392156862745098
25240	0.00392156862745098
25241	0.00392156862745098
25242	0.00392156862745098
25243	0.00392156862745098
25244	0.00392156862745098
25245	0.00392156862745098
25246	0.00392156862745098
25247	0.00392156862745098
25248	0.00784313725490196
25249	0.00784313725490196
25250	0.00784313725490196
25251	0.00392156862745098
25252	0.00392156862745098
25253	0.00392156862745098
25254	0.00392156862745098
25255	0.00392156862745098
25256	0.00392156862745098
25257	0.00392156862745098
25258	0.00392156862745098
25259	0.00392156862745098
25260	0.0
25261	0.0
25262	0.0
25263	0.0
25264	0.0
25265	0.0
25266	0.0
25267	0.0
25268	0.0
25269	0.0
25270	0.0
25271	0.0
25272	0.0
25273	0.0
25274	0.0
25275	0.0
25276	0.0
25277	0.0
25278	0.0
25279	0.0
25280	0.0
25281	0.0
25282	0.0
25283	0.0
25284	0.0
25285	0.0
25286	0.0
25287	0.00392156862745098
25288	0.00392156862745098
25289	0.00392156862745098
25290	0.00784313725490196
25291	0.00784313725490196
25292	0.00784313725490196
25293	0.00392156862745098
25294	0.00392156862745098
25295	0.00392156862745098
25296	0.0
25297	0.0
25298	0.0
25299	0.0
25300	0.00392156862745098
25301	0.00784313725490196
25302	0.0
25303	0.011764705882352941
25304	0.01568627450980392
25305	0.00392156862745098
25306	0.00392156862745098
25307	0.00392156862745098
25308	0.0
25309	0.0
25310	0.0
25311	0.00392156862745098
25312	0.00392156862745098
25313	0.00392156862745098
25314	0.0
25315	0.0
25316	0.0
25317	0.0
25318	0.0
25319	0.0
25320	0.0
25321	0.0
25322	0.0
25323	0.0
25324	0.0
25325	0.0
25326	0.00392156862745098
25327	0.00392156862745098
25328	0.00392156862745098
25329	0.00392156862745098
25330	0.00392156862745098
25331	0.00392156862745098
25332	0.0
25333	0.0
25334	0.0
25335	0.0
25336	0.00392156862745098
25337	0.01568627450980392
25338	0.0
25339	0.0
25340	0.00392156862745098
25341	0.00392156862745098
25342	0.00392156862745098
25343	0.00392156862745098
25344	0.0
25345	0.0
25346	0.0
25347	0.00392156862745098
25348	0.00392156862745098
25349	0.00392156862745098
25350	0.0
25351	0.0
25352	0.0
25353	0.0
25354	0.0
25355	0.0
25356	0.0
25357	0.0
25358	0.0
25359	0.0
25360	0.0
25361	0.0
25362	0.0
25363	0.0
25364	0.0
25365	0.00784313725490196
25366	0.00784313725490196
25367	0.00784313725490196
25368	0.0
25369	0.0
25370	0.0
25371	0.0
25372	0.0
25373	0.0
25374	0.0
25375	0.0
25376	0.0
25377	0.0
25378	0.0
25379	0.0
25380	0.0
25381	0.0
25382	0.0
25383	0.0
25384	0.0
25385	0.0
25386	0.0
25387	0.0
25388	0.0
25389	0.0
25390	0.0
25391	0.0
25392	0.0
25393	0.0
25394	0.0
25395	0.0
25396	0.0
25397	0.0
25398	0.0
25399	0.0
25400	0.0
25401	0.0
25402	0.0
25403	0.0
25404	0.00784313725490196
25405	0.00784313725490196
25406	0.00784313725490196
25407	0.00784313725490196
25408	0.00784313725490196
25409	0.00784313725490196
25410	0.0
25411	0.0
25412	0.0
25413	0.00392156862745098
25414	0.00392156862745098
25415	0.00392156862745098
25416	0.00392156862745098
25417	0.00392156862745098
25418	0.00392156862745098
25419	0.0
25420	0.0
25421	0.0
25422	0.00392156862745098
25423	0.00392156862745098
25424	0.00392156862745098
25425	0.00392156862745098
25426	0.00392156862745098
25427	0.00392156862745098
25428	0.0
25429	0.0
25430	0.0
25431	0.00392156862745098
25432	0.00392156862745098
25433	0.0
25434	0.00784313725490196
25435	0.00392156862745098
25436	0.00392156862745098
25437	0.0
25438	0.00392156862745098
25439	0.00392156862745098
25440	0.00784313725490196
25441	0.00784313725490196
25442	0.00784313725490196
25443	0.00784313725490196
25444	0.00784313725490196
25445	0.00784313725490196
25446	0.00392156862745098
25447	0.00392156862745098
25448	0.00784313725490196
25449	0.00392156862745098
25450	0.00392156862745098
25451	0.00392156862745098
25452	0.00392156862745098
25453	0.00392156862745098
25454	0.00392156862745098
25455	0.00392156862745098
25456	0.00392156862745098
25457	0.00392156862745098
25458	0.0
25459	0.0
25460	0.0
25461	0.0
25462	0.0
25463	0.0
25464	0.00392156862745098
25465	0.00392156862745098
25466	0.00392156862745098
25467	0.0
25468	0.0
25469	0.0
25470	0.0
25471	0.0
25472	0.0
25473	0.0
25474	0.0
25475	0.0
25476	0.00392156862745098
25477	0.00392156862745098
25478	0.00392156862745098
25479	0.00392156862745098
25480	0.00392156862745098
25481	0.00392156862745098
25482	0.00392156862745098
25483	0.00392156862745098
25484	0.00392156862745098
25485	0.00392156862745098
25486	0.00392156862745098
25487	0.00392156862745098
25488	0.0
25489	0.0
25490	0.0
25491	0.0
25492	0.0
25493	0.0
25494	0.00392156862745098
25495	0.00392156862745098
25496	0.00392156862745098
25497	0.00392156862745098
25498	0.00392156862745098
25499	0.00392156862745098
25500	0.00784313725490196
25501	0.00784313725490196
25502	0.00784313725490196
25503	0.00784313725490196
25504	0.00784313725490196
25505	0.00784313725490196
25506	0.00392156862745098
25507	0.00392156862745098
25508	0.00392156862745098
25509	0.00392156862745098
25510	0.00392156862745098
25511	0.00784313725490196
25512	0.00784313725490196
25513	0.00784313725490196
25514	0.00392156862745098
25515	0.00784313725490196
25516	0.00392156862745098
25517	0.00784313725490196
25518	0.00392156862745098
25519	0.00784313725490196
25520	0.01568627450980392
25521	0.011764705882352941
25522	0.00784313725490196
25523	0.01568627450980392
25524	0.01568627450980392
25525	0.00392156862745098
25526	0.0196078431372549
25527	0.011764705882352941
25528	0.00784313725490196
25529	0.023529411764705882
25530	0.03137254901960784
25531	0.011764705882352941
25532	0.03137254901960784
25533	0.023529411764705882
25534	0.0196078431372549
25535	0.03529411764705882
25536	0.00392156862745098
25537	0.00392156862745098
25538	0.0196078431372549
25539	0.00784313725490196
25540	0.011764705882352941
25541	0.01568627450980392
25542	0.00392156862745098
25543	0.00392156862745098
25544	0.00392156862745098
25545	0.0
25546	0.0
25547	0.0
25548	0.0
25549	0.0
25550	0.0
25551	0.00784313725490196
25552	0.00784313725490196
25553	0.00784313725490196
25554	0.00784313725490196
25555	0.00784313725490196
25556	0.00784313725490196
25557	0.00392156862745098
25558	0.00392156862745098
25559	0.00392156862745098
25560	0.00392156862745098
25561	0.00392156862745098
25562	0.00392156862745098
25563	0.0
25564	0.0
25565	0.0
25566	0.00392156862745098
25567	0.00392156862745098
25568	0.00392156862745098
25569	0.00784313725490196
25570	0.00784313725490196
25571	0.00784313725490196
25572	0.00392156862745098
25573	0.00392156862745098
25574	0.00392156862745098
25575	0.00392156862745098
25576	0.00392156862745098
25577	0.00392156862745098
25578	0.00392156862745098
25579	0.00392156862745098
25580	0.00392156862745098
25581	0.0
25582	0.0
25583	0.0
25584	0.00392156862745098
25585	0.00392156862745098
25586	0.00392156862745098
25587	0.00392156862745098
25588	0.00392156862745098
25589	0.00392156862745098
25590	0.00784313725490196
25591	0.00784313725490196
25592	0.00784313725490196
25593	0.0
25594	0.0
25595	0.0
25596	0.0
25597	0.0
25598	0.0
25599	0.00392156862745098
25600	0.00392156862745098
25601	0.00392156862745098
25602	0.00392156862745098
25603	0.00392156862745098
25604	0.00392156862745098
25605	0.011764705882352941
25606	0.01568627450980392
25607	0.01568627450980392
25608	0.03137254901960784
25609	0.01568627450980392
25610	0.03529411764705882
25611	0.027450980392156862
25612	0.01568627450980392
25613	0.03529411764705882
25614	0.011764705882352941
25615	0.011764705882352941
25616	0.03529411764705882
25617	0.00784313725490196
25618	0.00784313725490196
25619	0.01568627450980392
25620	0.00784313725490196
25621	0.00392156862745098
25622	0.00392156862745098
25623	0.00392156862745098
25624	0.00392156862745098
25625	0.00392156862745098
25626	0.0
25627	0.0
25628	0.0
25629	0.00784313725490196
25630	0.00784313725490196
25631	0.00784313725490196
25632	0.00784313725490196
25633	0.00784313725490196
25634	0.00784313725490196
25635	0.00784313725490196
25636	0.011764705882352941
25637	0.011764705882352941
25638	0.00784313725490196
25639	0.00784313725490196
25640	0.00784313725490196
25641	0.011764705882352941
25642	0.011764705882352941
25643	0.011764705882352941
25644	0.0
25645	0.0
25646	0.0
25647	0.00392156862745098
25648	0.00392156862745098
25649	0.00392156862745098
25650	0.0
25651	0.0
25652	0.0
25653	0.0
25654	0.0
25655	0.0
25656	0.0
25657	0.0
25658	0.0
25659	0.00392156862745098
25660	0.00392156862745098
25661	0.00392156862745098
25662	0.00784313725490196
25663	0.00784313725490196
25664	0.00784313725490196
25665	0.00392156862745098
25666	0.00392156862745098
25667	0.00392156862745098
25668	0.0
25669	0.0
25670	0.0
25671	0.00392156862745098
25672	0.00392156862745098
25673	0.00392156862745098
25674	0.00392156862745098
25675	0.00392156862745098
25676	0.00784313725490196
25677	0.00392156862745098
25678	0.00392156862745098
25679	0.00392156862745098
25680	0.0
25681	0.0
25682	0.0
25683	0.0
25684	0.0
25685	0.00392156862745098
25686	0.0
25687	0.00784313725490196
25688	0.01568627450980392
25689	0.0
25690	0.0
25691	0.0
25692	0.0
25693	0.0
25694	0.0
25695	0.00392156862745098
25696	0.00392156862745098
25697	0.00392156862745098
25698	0.0
25699	0.0
25700	0.0
25701	0.0
25702	0.0
25703	0.0
25704	0.0
25705	0.0
25706	0.0
25707	0.00784313725490196
25708	0.00784313725490196
25709	0.00784313725490196
25710	0.00784313725490196
25711	0.00784313725490196
25712	0.00784313725490196
25713	0.00784313725490196
25714	0.00784313725490196
25715	0.00784313725490196
25716	0.0
25717	0.0
25718	0.0
25719	0.0
25720	0.0
25721	0.00784313725490196
25722	0.0
25723	0.0
25724	0.00784313725490196
25725	0.00784313725490196
25726	0.00784313725490196
25727	0.00784313725490196
25728	0.0
25729	0.0
25730	0.0
25731	0.0
25732	0.0
25733	0.0
25734	0.0
25735	0.0
25736	0.0
25737	0.0
25738	0.0
25739	0.0
25740	0.0
25741	0.0
25742	0.0
25743	0.0
25744	0.0
25745	0.0
25746	0.0
25747	0.0
25748	0.0
25749	0.0
25750	0.0
25751	0.0
25752	0.0
25753	0.0
25754	0.0
25755	0.0
25756	0.0
25757	0.0
25758	0.0
25759	0.0
25760	0.0
25761	0.00392156862745098
25762	0.00392156862745098
25763	0.00392156862745098
25764	0.0
25765	0.0
25766	0.0
25767	0.0
25768	0.0
25769	0.0
25770	0.0
25771	0.0
25772	0.0
25773	0.0
25774	0.0
25775	0.0
25776	0.0
25777	0.0
25778	0.0
25779	0.0
25780	0.0
25781	0.0
25782	0.0
25783	0.0
25784	0.0
25785	0.0
25786	0.0
25787	0.0
25788	0.00392156862745098
25789	0.00392156862745098
25790	0.00392156862745098
25791	0.00392156862745098
25792	0.00392156862745098
25793	0.00392156862745098
25794	0.00392156862745098
25795	0.00392156862745098
25796	0.00392156862745098
25797	0.00392156862745098
25798	0.00392156862745098
25799	0.00392156862745098
25800	0.00392156862745098
25801	0.00392156862745098
25802	0.00392156862745098
25803	0.0
25804	0.0
25805	0.0
25806	0.00392156862745098
25807	0.00392156862745098
25808	0.00392156862745098
25809	0.0
25810	0.0
25811	0.0
25812	0.0
25813	0.0
25814	0.0
25815	0.00392156862745098
25816	0.00392156862745098
25817	0.0
25818	0.00392156862745098
25819	0.0
25820	0.0
25821	0.00392156862745098
25822	0.00392156862745098
25823	0.00392156862745098
25824	0.0
25825	0.0
25826	0.0
25827	0.0
25828	0.0
25829	0.00392156862745098
25830	0.00392156862745098
25831	0.00392156862745098
25832	0.0196078431372549
25833	0.0
25834	0.0
25835	0.00784313725490196
25836	0.0
25837	0.0
25838	0.0
25839	0.0
25840	0.0
25841	0.0
25842	0.0
25843	0.0
25844	0.0
25845	0.0
25846	0.0
25847	0.0
25848	0.0
25849	0.0
25850	0.0
25851	0.0
25852	0.0
25853	0.0
25854	0.00392156862745098
25855	0.00392156862745098
25856	0.00392156862745098
25857	0.00392156862745098
25858	0.00392156862745098
25859	0.00392156862745098
25860	0.0
25861	0.0
25862	0.0
25863	0.00392156862745098
25864	0.00392156862745098
25865	0.00392156862745098
25866	0.0
25867	0.0
25868	0.0
25869	0.0
25870	0.0
25871	0.0
25872	0.0
25873	0.0
25874	0.0
25875	0.0
25876	0.0
25877	0.0
25878	0.0
25879	0.0
25880	0.0
25881	0.00784313725490196
25882	0.00784313725490196
25883	0.00784313725490196
25884	0.00392156862745098
25885	0.00392156862745098
25886	0.00392156862745098
25887	0.01568627450980392
25888	0.01568627450980392
25889	0.011764705882352941
25890	0.00392156862745098
25891	0.00392156862745098
25892	0.00392156862745098
25893	0.00392156862745098
25894	0.0
25895	0.00784313725490196
25896	0.0
25897	0.0
25898	0.01568627450980392
25899	0.00784313725490196
25900	0.00392156862745098
25901	0.011764705882352941
25902	0.011764705882352941
25903	0.00784313725490196
25904	0.011764705882352941
25905	0.01568627450980392
25906	0.01568627450980392
25907	0.011764705882352941
25908	0.03529411764705882
25909	0.01568627450980392
25910	0.011764705882352941
25911	0.027450980392156862
25912	0.011764705882352941
25913	0.023529411764705882
25914	0.0196078431372549
25915	0.01568627450980392
25916	0.058823529411764705
25917	0.03529411764705882
25918	0.011764705882352941
25919	0.058823529411764705
25920	0.00392156862745098
25921	0.0
25922	0.023529411764705882
25923	0.0
25924	0.00392156862745098
25925	0.011764705882352941
25926	0.00784313725490196
25927	0.00784313725490196
25928	0.00784313725490196
25929	0.00392156862745098
25930	0.00392156862745098
25931	0.00392156862745098
25932	0.0
25933	0.0
25934	0.0
25935	0.00392156862745098
25936	0.00392156862745098
25937	0.00784313725490196
25938	0.0
25939	0.00392156862745098
25940	0.027450980392156862
25941	0.0
25942	0.0
25943	0.03137254901960784
25944	0.00392156862745098
25945	0.00392156862745098
25946	0.011764705882352941
25947	0.00784313725490196
25948	0.00392156862745098
25949	0.00784313725490196
25950	0.00392156862745098
25951	0.00784313725490196
25952	0.00784313725490196
25953	0.00392156862745098
25954	0.00392156862745098
25955	0.00392156862745098
25956	0.0
25957	0.0
25958	0.0
25959	0.0
25960	0.0
25961	0.0
25962	0.0
25963	0.0
25964	0.0
25965	0.0
25966	0.0
25967	0.0
25968	0.0
25969	0.0
25970	0.0
25971	0.00784313725490196
25972	0.00784313725490196
25973	0.00784313725490196
25974	0.011764705882352941
25975	0.011764705882352941
25976	0.011764705882352941
25977	0.0
25978	0.0
25979	0.0
25980	0.0
25981	0.0
25982	0.0
25983	0.0
25984	0.0
25985	0.0
25986	0.0
25987	0.0
25988	0.0
25989	0.0196078431372549
25990	0.00784313725490196
25991	0.0196078431372549
25992	0.03529411764705882
25993	0.011764705882352941
25994	0.023529411764705882
25995	0.0392156862745098
25996	0.0196078431372549
25997	0.03137254901960784
25998	0.03529411764705882
25999	0.011764705882352941
26000	0.047058823529411764
26001	0.00784313725490196
26002	0.011764705882352941
26003	0.023529411764705882
26004	0.00392156862745098
26005	0.00784313725490196
26006	0.00392156862745098
26007	0.00392156862745098
26008	0.00392156862745098
26009	0.00392156862745098
26010	0.0
26011	0.0
26012	0.0
26013	0.0
26014	0.0
26015	0.0
26016	0.00392156862745098
26017	0.00392156862745098
26018	0.00392156862745098
26019	0.00784313725490196
26020	0.00784313725490196
26021	0.00784313725490196
26022	0.00784313725490196
26023	0.00784313725490196
26024	0.00784313725490196
26025	0.00784313725490196
26026	0.00784313725490196
26027	0.00784313725490196
26028	0.00392156862745098
26029	0.00392156862745098
26030	0.00392156862745098
26031	0.011764705882352941
26032	0.011764705882352941
26033	0.011764705882352941
26034	0.0
26035	0.0
26036	0.0
26037	0.0
26038	0.0
26039	0.0
26040	0.0
26041	0.0
26042	0.0
26043	0.00392156862745098
26044	0.00392156862745098
26045	0.00392156862745098
26046	0.00392156862745098
26047	0.00392156862745098
26048	0.00392156862745098
26049	0.0
26050	0.0
26051	0.0
26052	0.0
26053	0.0
26054	0.0
26055	0.0
26056	0.0
26057	0.0
26058	0.0
26059	0.0
26060	0.00392156862745098
26061	0.0
26062	0.0
26063	0.0
26064	0.0
26065	0.0
26066	0.0
26067	0.0
26068	0.0
26069	0.0
26070	0.0
26071	0.00392156862745098
26072	0.00784313725490196
26073	0.0
26074	0.0
26075	0.0
26076	0.0
26077	0.0
26078	0.0
26079	0.0
26080	0.0
26081	0.0
26082	0.0
26083	0.0
26084	0.0
26085	0.0
26086	0.0
26087	0.0
26088	0.00392156862745098
26089	0.00392156862745098
26090	0.00392156862745098
26091	0.00392156862745098
26092	0.00392156862745098
26093	0.00392156862745098
26094	0.0
26095	0.0
26096	0.0
26097	0.0
26098	0.0
26099	0.0
26100	0.00392156862745098
26101	0.00392156862745098
26102	0.00392156862745098
26103	0.00392156862745098
26104	0.0
26105	0.00784313725490196
26106	0.0
26107	0.0
26108	0.00784313725490196
26109	0.00392156862745098
26110	0.00392156862745098
26111	0.00392156862745098
26112	0.0
26113	0.0
26114	0.0
26115	0.00392156862745098
26116	0.00392156862745098
26117	0.00392156862745098
26118	0.00392156862745098
26119	0.00392156862745098
26120	0.00392156862745098
26121	0.0
26122	0.0
26123	0.0
26124	0.0
26125	0.0
26126	0.0
26127	0.00392156862745098
26128	0.00392156862745098
26129	0.00392156862745098
26130	0.0
26131	0.0
26132	0.0
26133	0.0
26134	0.0
26135	0.0
26136	0.0
26137	0.0
26138	0.0
26139	0.0
26140	0.0
26141	0.0
26142	0.0
26143	0.0
26144	0.0
26145	0.00392156862745098
26146	0.00392156862745098
26147	0.00392156862745098
26148	0.0
26149	0.0
26150	0.0
26151	0.0
26152	0.0
26153	0.0
26154	0.0
26155	0.0
26156	0.0
26157	0.0
26158	0.0
26159	0.0
26160	0.0
26161	0.0
26162	0.0
26163	0.0
26164	0.0
26165	0.0
26166	0.0
26167	0.0
26168	0.0
26169	0.0
26170	0.0
26171	0.0
26172	0.0
26173	0.0
26174	0.0
26175	0.0
26176	0.0
26177	0.0
26178	0.0
26179	0.0
26180	0.0
26181	0.00392156862745098
26182	0.00392156862745098
26183	0.00392156862745098
26184	0.00784313725490196
26185	0.00784313725490196
26186	0.00784313725490196
26187	0.00392156862745098
26188	0.00392156862745098
26189	0.00392156862745098
26190	0.0
26191	0.0
26192	0.0
26193	0.00392156862745098
26194	0.00392156862745098
26195	0.00392156862745098
26196	0.0
26197	0.0
26198	0.0
26199	0.00392156862745098
26200	0.00392156862745098
26201	0.0
26202	0.00392156862745098
26203	0.0
26204	0.0
26205	0.00392156862745098
26206	0.00392156862745098
26207	0.00392156862745098
26208	0.00392156862745098
26209	0.00392156862745098
26210	0.00392156862745098
26211	0.00392156862745098
26212	0.00392156862745098
26213	0.00392156862745098
26214	0.00784313725490196
26215	0.00784313725490196
26216	0.011764705882352941
26217	0.011764705882352941
26218	0.00784313725490196
26219	0.023529411764705882
26220	0.0
26221	0.0
26222	0.00392156862745098
26223	0.0
26224	0.0
26225	0.0
26226	0.0
26227	0.0
26228	0.0
26229	0.0
26230	0.0
26231	0.0
26232	0.00392156862745098
26233	0.00392156862745098
26234	0.00392156862745098
26235	0.00392156862745098
26236	0.00392156862745098
26237	0.00392156862745098
26238	0.00784313725490196
26239	0.00784313725490196
26240	0.00784313725490196
26241	0.00392156862745098
26242	0.00392156862745098
26243	0.00392156862745098
26244	0.00392156862745098
26245	0.00392156862745098
26246	0.00392156862745098
26247	0.0
26248	0.0
26249	0.0
26250	0.0
26251	0.0
26252	0.0
26253	0.00392156862745098
26254	0.00392156862745098
26255	0.00392156862745098
26256	0.00392156862745098
26257	0.00392156862745098
26258	0.00392156862745098
26259	0.0
26260	0.0
26261	0.0
26262	0.0
26263	0.0
26264	0.0
26265	0.00784313725490196
26266	0.00784313725490196
26267	0.00784313725490196
26268	0.0
26269	0.0
26270	0.0
26271	0.00392156862745098
26272	0.00392156862745098
26273	0.00784313725490196
26274	0.00392156862745098
26275	0.00392156862745098
26276	0.011764705882352941
26277	0.011764705882352941
26278	0.00784313725490196
26279	0.03529411764705882
26280	0.0196078431372549
26281	0.00784313725490196
26282	0.050980392156862744
26283	0.01568627450980392
26284	0.011764705882352941
26285	0.023529411764705882
26286	0.01568627450980392
26287	0.00784313725490196
26288	0.01568627450980392
26289	0.03529411764705882
26290	0.023529411764705882
26291	0.043137254901960784
26292	0.03529411764705882
26293	0.0196078431372549
26294	0.07450980392156863
26295	0.027450980392156862
26296	0.00392156862745098
26297	0.054901960784313725
26298	0.023529411764705882
26299	0.011764705882352941
26300	0.058823529411764705
26301	0.027450980392156862
26302	0.011764705882352941
26303	0.0392156862745098
26304	0.0
26305	0.0
26306	0.00392156862745098
26307	0.0
26308	0.0
26309	0.00392156862745098
26310	0.00392156862745098
26311	0.00392156862745098
26312	0.0
26313	0.00784313725490196
26314	0.00784313725490196
26315	0.00784313725490196
26316	0.0
26317	0.0
26318	0.0
26319	0.00392156862745098
26320	0.00784313725490196
26321	0.00392156862745098
26322	0.00392156862745098
26323	0.011764705882352941
26324	0.00392156862745098
26325	0.00392156862745098
26326	0.00392156862745098
26327	0.00392156862745098
26328	0.00392156862745098
26329	0.00784313725490196
26330	0.00784313725490196
26331	0.0196078431372549
26332	0.011764705882352941
26333	0.00784313725490196
26334	0.00392156862745098
26335	0.0
26336	0.00392156862745098
26337	0.00392156862745098
26338	0.00392156862745098
26339	0.00392156862745098
26340	0.0
26341	0.0
26342	0.0
26343	0.00392156862745098
26344	0.00392156862745098
26345	0.00392156862745098
26346	0.00392156862745098
26347	0.00392156862745098
26348	0.00392156862745098
26349	0.0
26350	0.0
26351	0.0
26352	0.00392156862745098
26353	0.00392156862745098
26354	0.00392156862745098
26355	0.00392156862745098
26356	0.00392156862745098
26357	0.00392156862745098
26358	0.00784313725490196
26359	0.00784313725490196
26360	0.00784313725490196
26361	0.00392156862745098
26362	0.00392156862745098
26363	0.00392156862745098
26364	0.0
26365	0.0
26366	0.0
26367	0.00392156862745098
26368	0.00392156862745098
26369	0.00392156862745098
26370	0.0
26371	0.0
26372	0.00392156862745098
26373	0.011764705882352941
26374	0.00392156862745098
26375	0.023529411764705882
26376	0.023529411764705882
26377	0.01568627450980392
26378	0.03529411764705882
26379	0.043137254901960784
26380	0.023529411764705882
26381	0.027450980392156862
26382	0.047058823529411764
26383	0.027450980392156862
26384	0.03529411764705882
26385	0.03137254901960784
26386	0.0196078431372549
26387	0.023529411764705882
26388	0.0196078431372549
26389	0.011764705882352941
26390	0.00784313725490196
26391	0.011764705882352941
26392	0.011764705882352941
26393	0.00784313725490196
26394	0.00392156862745098
26395	0.00392156862745098
26396	0.00392156862745098
26397	0.0
26398	0.0
26399	0.0
26400	0.00392156862745098
26401	0.00392156862745098
26402	0.00392156862745098
26403	0.011764705882352941
26404	0.011764705882352941
26405	0.011764705882352941
26406	0.00392156862745098
26407	0.00392156862745098
26408	0.00392156862745098
26409	0.00392156862745098
26410	0.00392156862745098
26411	0.00392156862745098
26412	0.0
26413	0.0
26414	0.0
26415	0.00392156862745098
26416	0.00392156862745098
26417	0.00392156862745098
26418	0.0
26419	0.0
26420	0.0
26421	0.0
26422	0.0
26423	0.0
26424	0.0
26425	0.0
26426	0.0
26427	0.0
26428	0.0
26429	0.0
26430	0.00392156862745098
26431	0.00392156862745098
26432	0.00392156862745098
26433	0.0
26434	0.0
26435	0.0
26436	0.0
26437	0.0
26438	0.0
26439	0.0
26440	0.0
26441	0.0
26442	0.0
26443	0.0
26444	0.0
26445	0.0
26446	0.0
26447	0.0
26448	0.0
26449	0.0
26450	0.0
26451	0.0
26452	0.0
26453	0.0
26454	0.0
26455	0.0
26456	0.0
26457	0.0
26458	0.0
26459	0.0
26460	0.0
26461	0.0
26462	0.0
26463	0.0
26464	0.0
26465	0.0
26466	0.0
26467	0.0
26468	0.0
26469	0.0
26470	0.0
26471	0.0
26472	0.00392156862745098
26473	0.00392156862745098
26474	0.00392156862745098
26475	0.0
26476	0.0
26477	0.0
26478	0.0
26479	0.0
26480	0.0
26481	0.0
26482	0.0
26483	0.0
26484	0.00392156862745098
26485	0.00392156862745098
26486	0.00392156862745098
26487	0.00392156862745098
26488	0.011764705882352941
26489	0.0196078431372549
26490	0.0
26491	0.00392156862745098
26492	0.00392156862745098
26493	0.00392156862745098
26494	0.00392156862745098
26495	0.00392156862745098
26496	0.0
26497	0.0
26498	0.0
26499	0.00784313725490196
26500	0.00784313725490196
26501	0.00784313725490196
26502	0.00784313725490196
26503	0.00784313725490196
26504	0.00784313725490196
26505	0.0
26506	0.0
26507	0.0
26508	0.0
26509	0.0
26510	0.0
26511	0.0
26512	0.0
26513	0.0
26514	0.0
26515	0.0
26516	0.0
26517	0.0
26518	0.0
26519	0.0
26520	0.0
26521	0.0
26522	0.0
26523	0.0
26524	0.0
26525	0.0
26526	0.0
26527	0.0
26528	0.0
26529	0.0
26530	0.0
26531	0.0
26532	0.00392156862745098
26533	0.00392156862745098
26534	0.00392156862745098
26535	0.0
26536	0.0
26537	0.0
26538	0.0
26539	0.0
26540	0.0
26541	0.00392156862745098
26542	0.00392156862745098
26543	0.00392156862745098
26544	0.00392156862745098
26545	0.00392156862745098
26546	0.00392156862745098
26547	0.00784313725490196
26548	0.00784313725490196
26549	0.00784313725490196
26550	0.0
26551	0.0
26552	0.0
26553	0.00392156862745098
26554	0.00392156862745098
26555	0.00392156862745098
26556	0.00784313725490196
26557	0.00784313725490196
26558	0.00784313725490196
26559	0.00392156862745098
26560	0.00392156862745098
26561	0.00392156862745098
26562	0.00392156862745098
26563	0.00392156862745098
26564	0.00392156862745098
26565	0.00392156862745098
26566	0.00392156862745098
26567	0.00392156862745098
26568	0.0
26569	0.0
26570	0.0
26571	0.0
26572	0.0
26573	0.0
26574	0.00392156862745098
26575	0.00392156862745098
26576	0.00392156862745098
26577	0.00392156862745098
26578	0.00392156862745098
26579	0.00392156862745098
26580	0.0
26581	0.0
26582	0.0
26583	0.00784313725490196
26584	0.00784313725490196
26585	0.00784313725490196
26586	0.00392156862745098
26587	0.00392156862745098
26588	0.00392156862745098
26589	0.0
26590	0.0
26591	0.0
26592	0.011764705882352941
26593	0.011764705882352941
26594	0.011764705882352941
26595	0.00784313725490196
26596	0.00784313725490196
26597	0.00784313725490196
26598	0.0
26599	0.0
26600	0.0
26601	0.00784313725490196
26602	0.00784313725490196
26603	0.00784313725490196
26604	0.0
26605	0.0
26606	0.0
26607	0.0
26608	0.0
26609	0.0
26610	0.0
26611	0.0
26612	0.0
26613	0.0
26614	0.0
26615	0.0
26616	0.01568627450980392
26617	0.00392156862745098
26618	0.00392156862745098
26619	0.0196078431372549
26620	0.00392156862745098
26621	0.00784313725490196
26622	0.00392156862745098
26623	0.00392156862745098
26624	0.00392156862745098
26625	0.011764705882352941
26626	0.011764705882352941
26627	0.011764705882352941
26628	0.00784313725490196
26629	0.00784313725490196
26630	0.00784313725490196
26631	0.00392156862745098
26632	0.00392156862745098
26633	0.00392156862745098
26634	0.00392156862745098
26635	0.00392156862745098
26636	0.00392156862745098
26637	0.00392156862745098
26638	0.00392156862745098
26639	0.00392156862745098
26640	0.00784313725490196
26641	0.00784313725490196
26642	0.00784313725490196
26643	0.00784313725490196
26644	0.011764705882352941
26645	0.011764705882352941
26646	0.0
26647	0.0
26648	0.0
26649	0.0
26650	0.0
26651	0.0
26652	0.0
26653	0.0
26654	0.0
26655	0.0
26656	0.0
26657	0.03137254901960784
26658	0.00784313725490196
26659	0.00784313725490196
26660	0.03137254901960784
26661	0.0196078431372549
26662	0.011764705882352941
26663	0.050980392156862744
26664	0.03137254901960784
26665	0.011764705882352941
26666	0.043137254901960784
26667	0.023529411764705882
26668	0.011764705882352941
26669	0.027450980392156862
26670	0.054901960784313725
26671	0.03529411764705882
26672	0.0196078431372549
26673	0.03529411764705882
26674	0.01568627450980392
26675	0.043137254901960784
26676	0.011764705882352941
26677	0.00392156862745098
26678	0.07058823529411765
26679	0.01568627450980392
26680	0.00784313725490196
26681	0.054901960784313725
26682	0.0196078431372549
26683	0.00784313725490196
26684	0.03529411764705882
26685	0.011764705882352941
26686	0.011764705882352941
26687	0.0196078431372549
26688	0.00784313725490196
26689	0.00784313725490196
26690	0.00784313725490196
26691	0.0
26692	0.0
26693	0.0
26694	0.0
26695	0.0
26696	0.0
26697	0.0
26698	0.0
26699	0.0
26700	0.0
26701	0.0
26702	0.0
26703	0.0
26704	0.0
26705	0.0
26706	0.0
26707	0.0
26708	0.0
26709	0.00784313725490196
26710	0.00784313725490196
26711	0.00392156862745098
26712	0.0
26713	0.00392156862745098
26714	0.00392156862745098
26715	0.0
26716	0.00392156862745098
26717	0.011764705882352941
26718	0.00392156862745098
26719	0.00392156862745098
26720	0.00392156862745098
26721	0.00784313725490196
26722	0.00784313725490196
26723	0.00784313725490196
26724	0.00392156862745098
26725	0.00392156862745098
26726	0.00392156862745098
26727	0.00392156862745098
26728	0.00392156862745098
26729	0.00392156862745098
26730	0.00784313725490196
26731	0.00784313725490196
26732	0.00784313725490196
26733	0.00392156862745098
26734	0.00392156862745098
26735	0.00392156862745098
26736	0.0
26737	0.0
26738	0.0
26739	0.0
26740	0.0
26741	0.0
26742	0.0
26743	0.00392156862745098
26744	0.00392156862745098
26745	0.00784313725490196
26746	0.011764705882352941
26747	0.011764705882352941
26748	0.00784313725490196
26749	0.00392156862745098
26750	0.00392156862745098
26751	0.00392156862745098
26752	0.00392156862745098
26753	0.00392156862745098
26754	0.0
26755	0.0
26756	0.0
26757	0.00392156862745098
26758	0.00392156862745098
26759	0.011764705882352941
26760	0.00784313725490196
26761	0.01568627450980392
26762	0.0196078431372549
26763	0.01568627450980392
26764	0.01568627450980392
26765	0.027450980392156862
26766	0.01568627450980392
26767	0.01568627450980392
26768	0.01568627450980392
26769	0.050980392156862744
26770	0.03529411764705882
26771	0.01568627450980392
26772	0.0392156862745098
26773	0.01568627450980392
26774	0.00784313725490196
26775	0.0196078431372549
26776	0.00392156862745098
26777	0.00784313725490196
26778	0.00784313725490196
26779	0.00784313725490196
26780	0.00784313725490196
26781	0.0
26782	0.0
26783	0.0
26784	0.00784313725490196
26785	0.00784313725490196
26786	0.00784313725490196
26787	0.00784313725490196
26788	0.00784313725490196
26789	0.00784313725490196
26790	0.00392156862745098
26791	0.00392156862745098
26792	0.00392156862745098
26793	0.0
26794	0.0
26795	0.0
26796	0.0
26797	0.0
26798	0.0
26799	0.00392156862745098
26800	0.00392156862745098
26801	0.00392156862745098
26802	0.0
26803	0.0
26804	0.0
26805	0.0
26806	0.0
26807	0.0
26808	0.0
26809	0.0
26810	0.0
26811	0.0
26812	0.0
26813	0.0
26814	0.0
26815	0.0
26816	0.0
26817	0.0
26818	0.0
26819	0.0
26820	0.0
26821	0.0
26822	0.0
26823	0.0
26824	0.0
26825	0.0
26826	0.0
26827	0.0
26828	0.0
26829	0.0
26830	0.0
26831	0.0
26832	0.0
26833	0.0
26834	0.0
26835	0.0
26836	0.0
26837	0.0
26838	0.0
26839	0.0
26840	0.0
26841	0.0
26842	0.0
26843	0.0
26844	0.0
26845	0.0
26846	0.0
26847	0.0
26848	0.0
26849	0.0
26850	0.00392156862745098
26851	0.00392156862745098
26852	0.00392156862745098
26853	0.00392156862745098
26854	0.00392156862745098
26855	0.00392156862745098
26856	0.0
26857	0.0
26858	0.0
26859	0.0
26860	0.0
26861	0.0
26862	0.0
26863	0.0
26864	0.0
26865	0.00392156862745098
26866	0.00392156862745098
26867	0.00392156862745098
26868	0.0
26869	0.0
26870	0.0
26871	0.0
26872	0.0
26873	0.0
26874	0.0
26875	0.0
26876	0.0
26877	0.00392156862745098
26878	0.00392156862745098
26879	0.00392156862745098
26880	0.00392156862745098
26881	0.00392156862745098
26882	0.00392156862745098
26883	0.00784313725490196
26884	0.00784313725490196
26885	0.00784313725490196
26886	0.00784313725490196
26887	0.00784313725490196
26888	0.00784313725490196
26889	0.00392156862745098
26890	0.00392156862745098
26891	0.00392156862745098
26892	0.0
26893	0.0
26894	0.0
26895	0.0
26896	0.0
26897	0.0
26898	0.0
26899	0.0
26900	0.0
26901	0.0
26902	0.0
26903	0.0
26904	0.0
26905	0.0
26906	0.0
26907	0.0
26908	0.0
26909	0.0
26910	0.0
26911	0.0
26912	0.0
26913	0.00392156862745098
26914	0.00392156862745098
26915	0.00392156862745098
26916	0.0
26917	0.0
26918	0.0
26919	0.0
26920	0.0
26921	0.0
26922	0.00392156862745098
26923	0.00392156862745098
26924	0.00392156862745098
26925	0.00392156862745098
26926	0.00392156862745098
26927	0.00392156862745098
26928	0.00784313725490196
26929	0.00784313725490196
26930	0.00784313725490196
26931	0.00784313725490196
26932	0.00784313725490196
26933	0.00784313725490196
26934	0.00392156862745098
26935	0.00392156862745098
26936	0.00392156862745098
26937	0.00392156862745098
26938	0.00392156862745098
26939	0.00392156862745098
26940	0.011764705882352941
26941	0.011764705882352941
26942	0.011764705882352941
26943	0.00784313725490196
26944	0.00784313725490196
26945	0.00784313725490196
26946	0.00392156862745098
26947	0.00392156862745098
26948	0.00392156862745098
26949	0.00784313725490196
26950	0.00784313725490196
26951	0.00784313725490196
26952	0.00392156862745098
26953	0.00392156862745098
26954	0.00392156862745098
26955	0.0
26956	0.0
26957	0.0
26958	0.0
26959	0.0
26960	0.0
26961	0.00392156862745098
26962	0.00392156862745098
26963	0.00392156862745098
26964	0.0
26965	0.0
26966	0.0
26967	0.00784313725490196
26968	0.00784313725490196
26969	0.00784313725490196
26970	0.00392156862745098
26971	0.00392156862745098
26972	0.00392156862745098
26973	0.00392156862745098
26974	0.00392156862745098
26975	0.00392156862745098
26976	0.00784313725490196
26977	0.00784313725490196
26978	0.00784313725490196
26979	0.00392156862745098
26980	0.00392156862745098
26981	0.00392156862745098
26982	0.00784313725490196
26983	0.00784313725490196
26984	0.00784313725490196
26985	0.00784313725490196
26986	0.00784313725490196
26987	0.00784313725490196
26988	0.0
26989	0.0
26990	0.0
26991	0.0
26992	0.0
26993	0.0
26994	0.0
26995	0.0
26996	0.0
26997	0.0
26998	0.0
26999	0.0
27000	0.00784313725490196
27001	0.00392156862745098
27002	0.00784313725490196
27003	0.00784313725490196
27004	0.0
27005	0.00392156862745098
27006	0.0
27007	0.0
27008	0.0
27009	0.0
27010	0.0
27011	0.0
27012	0.0
27013	0.0
27014	0.0
27015	0.00392156862745098
27016	0.00392156862745098
27017	0.00392156862745098
27018	0.0
27019	0.0
27020	0.0
27021	0.00392156862745098
27022	0.00392156862745098
27023	0.00392156862745098
27024	0.00784313725490196
27025	0.00784313725490196
27026	0.00784313725490196
27027	0.00784313725490196
27028	0.00784313725490196
27029	0.00784313725490196
27030	0.00392156862745098
27031	0.00392156862745098
27032	0.00392156862745098
27033	0.00392156862745098
27034	0.00392156862745098
27035	0.00392156862745098
27036	0.00392156862745098
27037	0.00392156862745098
27038	0.00784313725490196
27039	0.00392156862745098
27040	0.00784313725490196
27041	0.03137254901960784
27042	0.00392156862745098
27043	0.00784313725490196
27044	0.058823529411764705
27045	0.00784313725490196
27046	0.00784313725490196
27047	0.027450980392156862
27048	0.011764705882352941
27049	0.011764705882352941
27050	0.03529411764705882
27051	0.03137254901960784
27052	0.027450980392156862
27053	0.03137254901960784
27054	0.03529411764705882
27055	0.0196078431372549
27056	0.00784313725490196
27057	0.0196078431372549
27058	0.00392156862745098
27059	0.023529411764705882
27060	0.00784313725490196
27061	0.011764705882352941
27062	0.0196078431372549
27063	0.00784313725490196
27064	0.00392156862745098
27065	0.0196078431372549
27066	0.03137254901960784
27067	0.01568627450980392
27068	0.027450980392156862
27069	0.01568627450980392
27070	0.011764705882352941
27071	0.03529411764705882
27072	0.011764705882352941
27073	0.011764705882352941
27074	0.011764705882352941
27075	0.00392156862745098
27076	0.00392156862745098
27077	0.00392156862745098
27078	0.0
27079	0.0
27080	0.0
27081	0.00392156862745098
27082	0.00392156862745098
27083	0.00392156862745098
27084	0.0
27085	0.0
27086	0.0
27087	0.0
27088	0.0
27089	0.0
27090	0.0
27091	0.0
27092	0.0
27093	0.00784313725490196
27094	0.00784313725490196
27095	0.00784313725490196
27096	0.00392156862745098
27097	0.00392156862745098
27098	0.00784313725490196
27099	0.0
27100	0.0
27101	0.00392156862745098
27102	0.00784313725490196
27103	0.00784313725490196
27104	0.00784313725490196
27105	0.00392156862745098
27106	0.00392156862745098
27107	0.00392156862745098
27108	0.00392156862745098
27109	0.00392156862745098
27110	0.00392156862745098
27111	0.00784313725490196
27112	0.00784313725490196
27113	0.00784313725490196
27114	0.00784313725490196
27115	0.00784313725490196
27116	0.00784313725490196
27117	0.00392156862745098
27118	0.00392156862745098
27119	0.00392156862745098
27120	0.0
27121	0.0
27122	0.0
27123	0.0
27124	0.0
27125	0.0
27126	0.00392156862745098
27127	0.00392156862745098
27128	0.00392156862745098
27129	0.0
27130	0.0
27131	0.0
27132	0.0
27133	0.0
27134	0.0
27135	0.0
27136	0.0
27137	0.0
27138	0.00392156862745098
27139	0.00392156862745098
27140	0.00392156862745098
27141	0.01568627450980392
27142	0.011764705882352941
27143	0.00784313725490196
27144	0.011764705882352941
27145	0.011764705882352941
27146	0.027450980392156862
27147	0.0196078431372549
27148	0.00784313725490196
27149	0.0196078431372549
27150	0.027450980392156862
27151	0.01568627450980392
27152	0.01568627450980392
27153	0.043137254901960784
27154	0.03137254901960784
27155	0.01568627450980392
27156	0.023529411764705882
27157	0.011764705882352941
27158	0.00784313725490196
27159	0.01568627450980392
27160	0.011764705882352941
27161	0.011764705882352941
27162	0.00784313725490196
27163	0.00784313725490196
27164	0.00784313725490196
27165	0.00392156862745098
27166	0.00392156862745098
27167	0.00392156862745098
27168	0.00392156862745098
27169	0.00392156862745098
27170	0.00392156862745098
27171	0.00392156862745098
27172	0.00392156862745098
27173	0.00392156862745098
27174	0.00392156862745098
27175	0.00392156862745098
27176	0.00392156862745098
27177	0.0
27178	0.0
27179	0.0
27180	0.0
27181	0.0
27182	0.0
27183	0.00392156862745098
27184	0.00392156862745098
27185	0.00392156862745098
27186	0.0
27187	0.0
27188	0.0
27189	0.0
27190	0.0
27191	0.0
27192	0.0
27193	0.0
27194	0.0
27195	0.00392156862745098
27196	0.00392156862745098
27197	0.00392156862745098
27198	0.0
27199	0.0
27200	0.0
27201	0.0
27202	0.0
27203	0.0
27204	0.0
27205	0.0
27206	0.0
27207	0.00392156862745098
27208	0.00392156862745098
27209	0.00392156862745098
27210	0.0
27211	0.0
27212	0.0
27213	0.0
27214	0.0
27215	0.0
27216	0.0
27217	0.0
27218	0.0
27219	0.0
27220	0.0
27221	0.0
27222	0.0
27223	0.0
27224	0.0
27225	0.0
27226	0.0
27227	0.0
27228	0.0
27229	0.0
27230	0.0
27231	0.0
27232	0.0
27233	0.0
27234	0.0
27235	0.0
27236	0.0
27237	0.0
27238	0.0
27239	0.0
27240	0.0
27241	0.0
27242	0.0
27243	0.0
27244	0.0
27245	0.0
27246	0.0
27247	0.0
27248	0.0
27249	0.00392156862745098
27250	0.00392156862745098
27251	0.00392156862745098
27252	0.00392156862745098
27253	0.00392156862745098
27254	0.00392156862745098
27255	0.00392156862745098
27256	0.00392156862745098
27257	0.00392156862745098
27258	0.00392156862745098
27259	0.00392156862745098
27260	0.00392156862745098
27261	0.00392156862745098
27262	0.00392156862745098
27263	0.00392156862745098
27264	0.00784313725490196
27265	0.00784313725490196
27266	0.00784313725490196
27267	0.00784313725490196
27268	0.00784313725490196
27269	0.00784313725490196
27270	0.00392156862745098
27271	0.00392156862745098
27272	0.00392156862745098
27273	0.00392156862745098
27274	0.00392156862745098
27275	0.00392156862745098
27276	0.0
27277	0.0
27278	0.0
27279	0.0
27280	0.0
27281	0.0
27282	0.0
27283	0.0
27284	0.0
27285	0.0
27286	0.0
27287	0.0
27288	0.0
27289	0.0
27290	0.0
27291	0.0
27292	0.0
27293	0.0
27294	0.0
27295	0.0
27296	0.0
27297	0.00392156862745098
27298	0.00392156862745098
27299	0.00392156862745098
27300	0.0
27301	0.0
27302	0.0
27303	0.00392156862745098
27304	0.00392156862745098
27305	0.00392156862745098
27306	0.00784313725490196
27307	0.00784313725490196
27308	0.00784313725490196
27309	0.00392156862745098
27310	0.00392156862745098
27311	0.00392156862745098
27312	0.00392156862745098
27313	0.00392156862745098
27314	0.00392156862745098
27315	0.00784313725490196
27316	0.00784313725490196
27317	0.00784313725490196
27318	0.00392156862745098
27319	0.00392156862745098
27320	0.00392156862745098
27321	0.0
27322	0.0
27323	0.0
27324	0.00392156862745098
27325	0.00392156862745098
27326	0.00392156862745098
27327	0.011764705882352941
27328	0.011764705882352941
27329	0.011764705882352941
27330	0.0
27331	0.0
27332	0.0
27333	0.00392156862745098
27334	0.00392156862745098
27335	0.00392156862745098
27336	0.00392156862745098
27337	0.00392156862745098
27338	0.00392156862745098
27339	0.00392156862745098
27340	0.00392156862745098
27341	0.00392156862745098
27342	0.00784313725490196
27343	0.00784313725490196
27344	0.00784313725490196
27345	0.00392156862745098
27346	0.00392156862745098
27347	0.00392156862745098
27348	0.00392156862745098
27349	0.00392156862745098
27350	0.00392156862745098
27351	0.0
27352	0.0
27353	0.0
27354	0.0
27355	0.0
27356	0.0
27357	0.00784313725490196
27358	0.00784313725490196
27359	0.00784313725490196
27360	0.00392156862745098
27361	0.00392156862745098
27362	0.00392156862745098
27363	0.0
27364	0.0
27365	0.0
27366	0.00784313725490196
27367	0.00784313725490196
27368	0.00784313725490196
27369	0.0
27370	0.0
27371	0.0
27372	0.00392156862745098
27373	0.00392156862745098
27374	0.00392156862745098
27375	0.0
27376	0.0
27377	0.0
27378	0.0
27379	0.0
27380	0.0
27381	0.0
27382	0.0
27383	0.0
27384	0.00784313725490196
27385	0.00392156862745098
27386	0.00392156862745098
27387	0.023529411764705882
27388	0.00392156862745098
27389	0.00784313725490196
27390	0.00392156862745098
27391	0.00392156862745098
27392	0.00392156862745098
27393	0.0
27394	0.0
27395	0.0
27396	0.0
27397	0.0
27398	0.0
27399	0.0
27400	0.0
27401	0.0
27402	0.00392156862745098
27403	0.00392156862745098
27404	0.00392156862745098
27405	0.0
27406	0.0
27407	0.0
27408	0.00784313725490196
27409	0.00784313725490196
27410	0.00784313725490196
27411	0.00784313725490196
27412	0.00784313725490196
27413	0.00784313725490196
27414	0.00784313725490196
27415	0.00784313725490196
27416	0.00784313725490196
27417	0.00392156862745098
27418	0.00392156862745098
27419	0.00392156862745098
27420	0.00784313725490196
27421	0.011764705882352941
27422	0.00784313725490196
27423	0.00784313725490196
27424	0.00784313725490196
27425	0.03529411764705882
27426	0.00392156862745098
27427	0.00784313725490196
27428	0.050980392156862744
27429	0.01568627450980392
27430	0.011764705882352941
27431	0.0392156862745098
27432	0.0196078431372549
27433	0.0196078431372549
27434	0.058823529411764705
27435	0.03529411764705882
27436	0.0196078431372549
27437	0.03529411764705882
27438	0.027450980392156862
27439	0.011764705882352941
27440	0.00784313725490196
27441	0.011764705882352941
27442	0.00784313725490196
27443	0.023529411764705882
27444	0.0196078431372549
27445	0.00784313725490196
27446	0.027450980392156862
27447	0.023529411764705882
27448	0.0
27449	0.023529411764705882
27450	0.0196078431372549
27451	0.00392156862745098
27452	0.03137254901960784
27453	0.01568627450980392
27454	0.00784313725490196
27455	0.047058823529411764
27456	0.00392156862745098
27457	0.00392156862745098
27458	0.00784313725490196
27459	0.00392156862745098
27460	0.00392156862745098
27461	0.00392156862745098
27462	0.0
27463	0.0
27464	0.0
27465	0.00784313725490196
27466	0.00784313725490196
27467	0.00784313725490196
27468	0.00784313725490196
27469	0.00784313725490196
27470	0.00784313725490196
27471	0.00392156862745098
27472	0.00392156862745098
27473	0.00392156862745098
27474	0.0
27475	0.0
27476	0.0
27477	0.00392156862745098
27478	0.00392156862745098
27479	0.00392156862745098
27480	0.00392156862745098
27481	0.00392156862745098
27482	0.00392156862745098
27483	0.00392156862745098
27484	0.00784313725490196
27485	0.011764705882352941
27486	0.011764705882352941
27487	0.011764705882352941
27488	0.01568627450980392
27489	0.0
27490	0.0
27491	0.0
27492	0.0
27493	0.0
27494	0.0
27495	0.0
27496	0.0
27497	0.0
27498	0.00392156862745098
27499	0.00392156862745098
27500	0.00392156862745098
27501	0.0
27502	0.0
27503	0.0
27504	0.0
27505	0.0
27506	0.0
27507	0.0
27508	0.0
27509	0.0
27510	0.00392156862745098
27511	0.00392156862745098
27512	0.00392156862745098
27513	0.00392156862745098
27514	0.00392156862745098
27515	0.00392156862745098
27516	0.0
27517	0.0
27518	0.00784313725490196
27519	0.0
27520	0.0
27521	0.00784313725490196
27522	0.00784313725490196
27523	0.011764705882352941
27524	0.00784313725490196
27525	0.01568627450980392
27526	0.00784313725490196
27527	0.0196078431372549
27528	0.011764705882352941
27529	0.00784313725490196
27530	0.01568627450980392
27531	0.0196078431372549
27532	0.011764705882352941
27533	0.011764705882352941
27534	0.027450980392156862
27535	0.01568627450980392
27536	0.011764705882352941
27537	0.03529411764705882
27538	0.023529411764705882
27539	0.00784313725490196
27540	0.03529411764705882
27541	0.01568627450980392
27542	0.00784313725490196
27543	0.01568627450980392
27544	0.011764705882352941
27545	0.011764705882352941
27546	0.00392156862745098
27547	0.00392156862745098
27548	0.00392156862745098
27549	0.00784313725490196
27550	0.00784313725490196
27551	0.00784313725490196
27552	0.0
27553	0.0
27554	0.0
27555	0.00784313725490196
27556	0.00784313725490196
27557	0.00784313725490196
27558	0.00392156862745098
27559	0.00392156862745098
27560	0.00392156862745098
27561	0.0
27562	0.0
27563	0.0
27564	0.0
27565	0.0
27566	0.0
27567	0.0
27568	0.0
27569	0.0
27570	0.0
27571	0.0
27572	0.0
27573	0.0
27574	0.0
27575	0.0
27576	0.0
27577	0.0
27578	0.0
27579	0.0
27580	0.0
27581	0.0
27582	0.0
27583	0.0
27584	0.0
27585	0.0
27586	0.0
27587	0.0
27588	0.0
27589	0.0
27590	0.0
27591	0.0
27592	0.0
27593	0.0
27594	0.0
27595	0.0
27596	0.0
27597	0.0
27598	0.0
27599	0.0
27600	0.0
27601	0.0
27602	0.0
27603	0.0
27604	0.0
27605	0.0
27606	0.0
27607	0.0
27608	0.0
27609	0.00392156862745098
27610	0.00392156862745098
27611	0.00392156862745098
27612	0.0
27613	0.0
27614	0.0
27615	0.0
27616	0.0
27617	0.0
27618	0.0
27619	0.0
27620	0.0
27621	0.0
27622	0.0
27623	0.0
27624	0.0
27625	0.0
27626	0.0
27627	0.0
27628	0.0
27629	0.0
27630	0.0
27631	0.0
27632	0.0
27633	0.00392156862745098
27634	0.00392156862745098
27635	0.00392156862745098
27636	0.011764705882352941
27637	0.011764705882352941
27638	0.011764705882352941
27639	0.00784313725490196
27640	0.00784313725490196
27641	0.00784313725490196
27642	0.0
27643	0.0
27644	0.0
27645	0.0
27646	0.0
27647	0.0
27648	0.00392156862745098
27649	0.00392156862745098
27650	0.00392156862745098
27651	0.00392156862745098
27652	0.00392156862745098
27653	0.00392156862745098
27654	0.0
27655	0.0
27656	0.0
27657	0.00392156862745098
27658	0.00392156862745098
27659	0.00392156862745098
27660	0.00392156862745098
27661	0.00392156862745098
27662	0.00392156862745098
27663	0.00392156862745098
27664	0.00392156862745098
27665	0.00392156862745098
27666	0.00392156862745098
27667	0.00392156862745098
27668	0.00392156862745098
27669	0.00392156862745098
27670	0.00392156862745098
27671	0.00392156862745098
27672	0.0
27673	0.0
27674	0.0
27675	0.0
27676	0.0
27677	0.0
27678	0.00392156862745098
27679	0.00392156862745098
27680	0.00392156862745098
27681	0.00392156862745098
27682	0.00392156862745098
27683	0.00392156862745098
27684	0.0
27685	0.0
27686	0.0
27687	0.0
27688	0.0
27689	0.0
27690	0.0
27691	0.0
27692	0.0
27693	0.00392156862745098
27694	0.00392156862745098
27695	0.00392156862745098
27696	0.00392156862745098
27697	0.00392156862745098
27698	0.00392156862745098
27699	0.00392156862745098
27700	0.00392156862745098
27701	0.00392156862745098
27702	0.00392156862745098
27703	0.00392156862745098
27704	0.00392156862745098
27705	0.00392156862745098
27706	0.00392156862745098
27707	0.00392156862745098
27708	0.00392156862745098
27709	0.00392156862745098
27710	0.00392156862745098
27711	0.00784313725490196
27712	0.00784313725490196
27713	0.00784313725490196
27714	0.00392156862745098
27715	0.00392156862745098
27716	0.00392156862745098
27717	0.00392156862745098
27718	0.00392156862745098
27719	0.00392156862745098
27720	0.00392156862745098
27721	0.00392156862745098
27722	0.00392156862745098
27723	0.00392156862745098
27724	0.00392156862745098
27725	0.00392156862745098
27726	0.00784313725490196
27727	0.00784313725490196
27728	0.00784313725490196
27729	0.00784313725490196
27730	0.00784313725490196
27731	0.00784313725490196
27732	0.00392156862745098
27733	0.00392156862745098
27734	0.00392156862745098
27735	0.0
27736	0.0
27737	0.0
27738	0.00392156862745098
27739	0.00392156862745098
27740	0.00392156862745098
27741	0.00392156862745098
27742	0.00392156862745098
27743	0.00392156862745098
27744	0.00392156862745098
27745	0.00392156862745098
27746	0.00392156862745098
27747	0.00784313725490196
27748	0.00784313725490196
27749	0.00784313725490196
27750	0.00392156862745098
27751	0.00392156862745098
27752	0.00392156862745098
27753	0.00392156862745098
27754	0.00392156862745098
27755	0.00392156862745098
27756	0.00784313725490196
27757	0.00784313725490196
27758	0.00784313725490196
27759	0.00392156862745098
27760	0.00392156862745098
27761	0.00392156862745098
27762	0.00392156862745098
27763	0.00392156862745098
27764	0.00392156862745098
27765	0.00784313725490196
27766	0.00784313725490196
27767	0.00784313725490196
27768	0.00392156862745098
27769	0.00392156862745098
27770	0.00392156862745098
27771	0.00784313725490196
27772	0.00392156862745098
27773	0.00392156862745098
27774	0.00392156862745098
27775	0.00392156862745098
27776	0.00392156862745098
27777	0.00392156862745098
27778	0.00392156862745098
27779	0.00392156862745098
27780	0.0
27781	0.0
27782	0.0
27783	0.00784313725490196
27784	0.00784313725490196
27785	0.00784313725490196
27786	0.00392156862745098
27787	0.00392156862745098
27788	0.00392156862745098
27789	0.0
27790	0.0
27791	0.0
27792	0.0
27793	0.0
27794	0.0
27795	0.00392156862745098
27796	0.00392156862745098
27797	0.00392156862745098
27798	0.00784313725490196
27799	0.00784313725490196
27800	0.00784313725490196
27801	0.00392156862745098
27802	0.00392156862745098
27803	0.00392156862745098
27804	0.00392156862745098
27805	0.00784313725490196
27806	0.00392156862745098
27807	0.011764705882352941
27808	0.011764705882352941
27809	0.01568627450980392
27810	0.00392156862745098
27811	0.00784313725490196
27812	0.011764705882352941
27813	0.00784313725490196
27814	0.00392156862745098
27815	0.0196078431372549
27816	0.011764705882352941
27817	0.00784313725490196
27818	0.01568627450980392
27819	0.011764705882352941
27820	0.00392156862745098
27821	0.0196078431372549
27822	0.00784313725490196
27823	0.00784313725490196
27824	0.00784313725490196
27825	0.00784313725490196
27826	0.011764705882352941
27827	0.00784313725490196
27828	0.011764705882352941
27829	0.011764705882352941
27830	0.01568627450980392
27831	0.00392156862745098
27832	0.00392156862745098
27833	0.011764705882352941
27834	0.00392156862745098
27835	0.00392156862745098
27836	0.01568627450980392
27837	0.00784313725490196
27838	0.00784313725490196
27839	0.00784313725490196
27840	0.011764705882352941
27841	0.00784313725490196
27842	0.00784313725490196
27843	0.00784313725490196
27844	0.00392156862745098
27845	0.00784313725490196
27846	0.011764705882352941
27847	0.011764705882352941
27848	0.00784313725490196
27849	0.00392156862745098
27850	0.00392156862745098
27851	0.00392156862745098
27852	0.00784313725490196
27853	0.00784313725490196
27854	0.00784313725490196
27855	0.0
27856	0.0
27857	0.0
27858	0.0
27859	0.0
27860	0.0
27861	0.00392156862745098
27862	0.00392156862745098
27863	0.00392156862745098
27864	0.0
27865	0.0
27866	0.00784313725490196
27867	0.00392156862745098
27868	0.00392156862745098
27869	0.01568627450980392
27870	0.0
27871	0.00392156862745098
27872	0.01568627450980392
27873	0.0
27874	0.0
27875	0.0
27876	0.0
27877	0.0
27878	0.0
27879	0.0
27880	0.0
27881	0.0
27882	0.0
27883	0.0
27884	0.0
27885	0.0
27886	0.0
27887	0.0
27888	0.0
27889	0.0
27890	0.0
27891	0.0
27892	0.00392156862745098
27893	0.01568627450980392
27894	0.0
27895	0.00392156862745098
27896	0.011764705882352941
27897	0.00392156862745098
27898	0.00392156862745098
27899	0.00784313725490196
27900	0.0
27901	0.00392156862745098
27902	0.00392156862745098
27903	0.0
27904	0.00392156862745098
27905	0.00392156862745098
27906	0.00784313725490196
27907	0.00392156862745098
27908	0.011764705882352941
27909	0.027450980392156862
27910	0.011764705882352941
27911	0.0196078431372549
27912	0.027450980392156862
27913	0.01568627450980392
27914	0.027450980392156862
27915	0.011764705882352941
27916	0.00392156862745098
27917	0.00392156862745098
27918	0.011764705882352941
27919	0.00784313725490196
27920	0.00392156862745098
27921	0.01568627450980392
27922	0.011764705882352941
27923	0.011764705882352941
27924	0.011764705882352941
27925	0.00784313725490196
27926	0.00392156862745098
27927	0.00392156862745098
27928	0.00784313725490196
27929	0.00784313725490196
27930	0.00392156862745098
27931	0.00784313725490196
27932	0.00784313725490196
27933	0.0
27934	0.0
27935	0.00392156862745098
27936	0.00392156862745098
27937	0.00392156862745098
27938	0.00392156862745098
27939	0.00392156862745098
27940	0.00392156862745098
27941	0.00392156862745098
27942	0.0
27943	0.0
27944	0.0
27945	0.0
27946	0.0
27947	0.0
27948	0.0
27949	0.0
27950	0.0
27951	0.0
27952	0.0
27953	0.0
27954	0.0
27955	0.0
27956	0.0
27957	0.00392156862745098
27958	0.00392156862745098
27959	0.00392156862745098
27960	0.00392156862745098
27961	0.00392156862745098
27962	0.00392156862745098
27963	0.0
27964	0.0
27965	0.0
27966	0.0
27967	0.0
27968	0.0
27969	0.0
27970	0.0
27971	0.0
27972	0.0
27973	0.0
27974	0.0
27975	0.0
27976	0.0
27977	0.0
27978	0.0
27979	0.0
27980	0.0
27981	0.0
27982	0.0
27983	0.0
27984	0.0
27985	0.0
27986	0.0
27987	0.0
27988	0.0
27989	0.0
27990	0.0
27991	0.0
27992	0.0
27993	0.0
27994	0.0
27995	0.0
27996	0.0
27997	0.0
27998	0.0
27999	0.0
28000	0.0
28001	0.0
28002	0.0
28003	0.0
28004	0.0
28005	0.0
28006	0.0
28007	0.0
28008	0.0
28009	0.0
28010	0.0
28011	0.0
28012	0.0
28013	0.0
28014	0.0
28015	0.0
28016	0.0
28017	0.0
28018	0.0
28019	0.0
28020	0.00784313725490196
28021	0.00784313725490196
28022	0.00784313725490196
28023	0.00784313725490196
28024	0.00392156862745098
28025	0.00392156862745098
28026	0.00784313725490196
28027	0.00784313725490196
28028	0.00784313725490196
28029	0.00392156862745098
28030	0.00392156862745098
28031	0.00392156862745098
28032	0.0
28033	0.0
28034	0.0
28035	0.0
28036	0.0
28037	0.0
28038	0.00784313725490196
28039	0.00784313725490196
28040	0.00784313725490196
28041	0.00392156862745098
28042	0.00392156862745098
28043	0.00392156862745098
28044	0.0
28045	0.0
28046	0.0
28047	0.0
28048	0.0
28049	0.0
28050	0.0
28051	0.0
28052	0.0
28053	0.00392156862745098
28054	0.00392156862745098
28055	0.00392156862745098
28056	0.0
28057	0.0
28058	0.0
28059	0.00392156862745098
28060	0.00392156862745098
28061	0.00392156862745098
28062	0.00784313725490196
28063	0.00784313725490196
28064	0.00784313725490196
28065	0.00784313725490196
28066	0.00784313725490196
28067	0.00784313725490196
28068	0.0
28069	0.0
28070	0.0
28071	0.0
28072	0.0
28073	0.0
28074	0.00392156862745098
28075	0.00392156862745098
28076	0.00392156862745098
28077	0.0
28078	0.0
28079	0.0
28080	0.0
28081	0.0
28082	0.0
28083	0.00392156862745098
28084	0.00392156862745098
28085	0.00392156862745098
28086	0.0
28087	0.0
28088	0.0
28089	0.00392156862745098
28090	0.00392156862745098
28091	0.00392156862745098
28092	0.00392156862745098
28093	0.00392156862745098
28094	0.00392156862745098
28095	0.00392156862745098
28096	0.00392156862745098
28097	0.00392156862745098
28098	0.00392156862745098
28099	0.00392156862745098
28100	0.00392156862745098
28101	0.00392156862745098
28102	0.00392156862745098
28103	0.00392156862745098
28104	0.0
28105	0.0
28106	0.0
28107	0.0
28108	0.0
28109	0.0
28110	0.00392156862745098
28111	0.00392156862745098
28112	0.00392156862745098
28113	0.00784313725490196
28114	0.00784313725490196
28115	0.00784313725490196
28116	0.00784313725490196
28117	0.00784313725490196
28118	0.00784313725490196
28119	0.00392156862745098
28120	0.00392156862745098
28121	0.00392156862745098
28122	0.00784313725490196
28123	0.00784313725490196
28124	0.00784313725490196
28125	0.0
28126	0.0
28127	0.0
28128	0.0
28129	0.0
28130	0.0
28131	0.00392156862745098
28132	0.00392156862745098
28133	0.00392156862745098
28134	0.00784313725490196
28135	0.00784313725490196
28136	0.00784313725490196
28137	0.00784313725490196
28138	0.00784313725490196
28139	0.00784313725490196
28140	0.00392156862745098
28141	0.00392156862745098
28142	0.00392156862745098
28143	0.0
28144	0.0
28145	0.0
28146	0.00392156862745098
28147	0.00392156862745098
28148	0.00392156862745098
28149	0.00392156862745098
28150	0.00392156862745098
28151	0.00392156862745098
28152	0.0
28153	0.0
28154	0.0
28155	0.00392156862745098
28156	0.00392156862745098
28157	0.00392156862745098
28158	0.0
28159	0.0
28160	0.0
28161	0.00392156862745098
28162	0.00392156862745098
28163	0.00392156862745098
28164	0.0
28165	0.0
28166	0.0
28167	0.011764705882352941
28168	0.011764705882352941
28169	0.011764705882352941
28170	0.00784313725490196
28171	0.00784313725490196
28172	0.00784313725490196
28173	0.0
28174	0.0
28175	0.0
28176	0.0
28177	0.0
28178	0.0
28179	0.00784313725490196
28180	0.00784313725490196
28181	0.00784313725490196
28182	0.011764705882352941
28183	0.011764705882352941
28184	0.011764705882352941
28185	0.011764705882352941
28186	0.011764705882352941
28187	0.011764705882352941
28188	0.00392156862745098
28189	0.00392156862745098
28190	0.00392156862745098
28191	0.00784313725490196
28192	0.00784313725490196
28193	0.00784313725490196
28194	0.0
28195	0.0
28196	0.0
28197	0.0
28198	0.0
28199	0.0
28200	0.0
28201	0.0
28202	0.0
28203	0.00392156862745098
28204	0.00392156862745098
28205	0.00392156862745098
28206	0.00392156862745098
28207	0.00392156862745098
28208	0.00392156862745098
28209	0.0
28210	0.0
28211	0.0
28212	0.0
28213	0.0
28214	0.0
28215	0.011764705882352941
28216	0.011764705882352941
28217	0.00784313725490196
28218	0.00784313725490196
28219	0.00784313725490196
28220	0.00392156862745098
28221	0.00784313725490196
28222	0.00784313725490196
28223	0.00784313725490196
28224	0.01568627450980392
28225	0.00784313725490196
28226	0.00784313725490196
28227	0.0196078431372549
28228	0.00784313725490196
28229	0.00784313725490196
28230	0.00784313725490196
28231	0.00784313725490196
28232	0.00784313725490196
28233	0.0
28234	0.0
28235	0.00392156862745098
28236	0.00392156862745098
28237	0.00392156862745098
28238	0.00392156862745098
28239	0.00784313725490196
28240	0.00784313725490196
28241	0.00784313725490196
28242	0.00392156862745098
28243	0.00392156862745098
28244	0.00392156862745098
28245	0.0
28246	0.0
28247	0.0
28248	0.0
28249	0.0
28250	0.011764705882352941
28251	0.0
28252	0.0
28253	0.0196078431372549
28254	0.00392156862745098
28255	0.00392156862745098
28256	0.00784313725490196
28257	0.0
28258	0.0
28259	0.0
28260	0.0
28261	0.0
28262	0.0
28263	0.0
28264	0.0
28265	0.0
28266	0.0
28267	0.0
28268	0.0
28269	0.0
28270	0.0
28271	0.0
28272	0.0
28273	0.00392156862745098
28274	0.00392156862745098
28275	0.0
28276	0.00392156862745098
28277	0.00784313725490196
28278	0.00392156862745098
28279	0.00392156862745098
28280	0.01568627450980392
28281	0.0
28282	0.0
28283	0.00392156862745098
28284	0.00392156862745098
28285	0.00392156862745098
28286	0.00392156862745098
28287	0.00392156862745098
28288	0.00392156862745098
28289	0.011764705882352941
28290	0.00392156862745098
28291	0.00392156862745098
28292	0.011764705882352941
28293	0.01568627450980392
28294	0.00392156862745098
28295	0.00784313725490196
28296	0.03137254901960784
28297	0.0196078431372549
28298	0.01568627450980392
28299	0.00784313725490196
28300	0.00784313725490196
28301	0.00784313725490196
28302	0.00392156862745098
28303	0.00392156862745098
28304	0.00392156862745098
28305	0.00784313725490196
28306	0.00784313725490196
28307	0.00784313725490196
28308	0.00392156862745098
28309	0.00392156862745098
28310	0.00392156862745098
28311	0.00392156862745098
28312	0.00392156862745098
28313	0.00392156862745098
28314	0.0
28315	0.00392156862745098
28316	0.01568627450980392
28317	0.0
28318	0.00392156862745098
28319	0.011764705882352941
28320	0.0
28321	0.0
28322	0.0
28323	0.0
28324	0.0
28325	0.0
28326	0.0
28327	0.0
28328	0.0
28329	0.0
28330	0.0
28331	0.0
28332	0.0
28333	0.0
28334	0.0
28335	0.0
28336	0.0
28337	0.0
28338	0.0
28339	0.0
28340	0.0
28341	0.00392156862745098
28342	0.00392156862745098
28343	0.00392156862745098
28344	0.0
28345	0.0
28346	0.0
28347	0.0
28348	0.0
28349	0.0
28350	0.0
28351	0.0
28352	0.0
28353	0.0
28354	0.0
28355	0.0
28356	0.0
28357	0.0
28358	0.0
28359	0.0
28360	0.0
28361	0.0
28362	0.0
28363	0.0
28364	0.0
28365	0.0
28366	0.0
28367	0.0
28368	0.0
28369	0.0
28370	0.0
28371	0.0
28372	0.0
28373	0.0
28374	0.0
28375	0.0
28376	0.0
28377	0.0
28378	0.0
28379	0.0
28380	0.0
28381	0.0
28382	0.0
28383	0.0
28384	0.0
28385	0.0
28386	0.0
28387	0.0
28388	0.0
28389	0.0
28390	0.0
28391	0.0
28392	0.0
28393	0.0
28394	0.0
28395	0.0
28396	0.0
28397	0.0
28398	0.0
28399	0.0
28400	0.0
28401	0.0
28402	0.0
28403	0.0
28404	0.00392156862745098
28405	0.00392156862745098
28406	0.00392156862745098
28407	0.00784313725490196
28408	0.00784313725490196
28409	0.00784313725490196
28410	0.00392156862745098
28411	0.00784313725490196
28412	0.00392156862745098
28413	0.00392156862745098
28414	0.00392156862745098
28415	0.00392156862745098
28416	0.0
28417	0.0
28418	0.0
28419	0.0
28420	0.0
28421	0.0
28422	0.00784313725490196
28423	0.00784313725490196
28424	0.00784313725490196
28425	0.00392156862745098
28426	0.00392156862745098
28427	0.00392156862745098
28428	0.0
28429	0.0
28430	0.0
28431	0.0
28432	0.0
28433	0.0
28434	0.0
28435	0.0
28436	0.0
28437	0.0
28438	0.0
28439	0.0
28440	0.0
28441	0.0
28442	0.0
28443	0.0
28444	0.0
28445	0.0
28446	0.0
28447	0.0
28448	0.0
28449	0.0
28450	0.0
28451	0.0
28452	0.0
28453	0.0
28454	0.0
28455	0.0
28456	0.0
28457	0.0
28458	0.0
28459	0.0
28460	0.0
28461	0.0
28462	0.0
28463	0.0
28464	0.0
28465	0.0
28466	0.0
28467	0.0
28468	0.0
28469	0.0
28470	0.0
28471	0.0
28472	0.0
28473	0.0
28474	0.0
28475	0.0
28476	0.00392156862745098
28477	0.00392156862745098
28478	0.00392156862745098
28479	0.0
28480	0.0
28481	0.0
28482	0.0
28483	0.0
28484	0.0
28485	0.0
28486	0.0
28487	0.0
28488	0.0
28489	0.0
28490	0.0
28491	0.0
28492	0.0
28493	0.0
28494	0.0
28495	0.0
28496	0.0
28497	0.00392156862745098
28498	0.00392156862745098
28499	0.00392156862745098
28500	0.00784313725490196
28501	0.00784313725490196
28502	0.00784313725490196
28503	0.0
28504	0.0
28505	0.0
28506	0.0
28507	0.0
28508	0.0
28509	0.0
28510	0.0
28511	0.0
28512	0.00392156862745098
28513	0.00392156862745098
28514	0.00392156862745098
28515	0.00784313725490196
28516	0.00784313725490196
28517	0.00784313725490196
28518	0.0
28519	0.0
28520	0.0
28521	0.0
28522	0.0
28523	0.0
28524	0.00392156862745098
28525	0.00392156862745098
28526	0.00392156862745098
28527	0.00392156862745098
28528	0.00392156862745098
28529	0.00392156862745098
28530	0.0
28531	0.0
28532	0.0
28533	0.00784313725490196
28534	0.00784313725490196
28535	0.00784313725490196
28536	0.00784313725490196
28537	0.00784313725490196
28538	0.00784313725490196
28539	0.00784313725490196
28540	0.00784313725490196
28541	0.00784313725490196
28542	0.00392156862745098
28543	0.00392156862745098
28544	0.00392156862745098
28545	0.00392156862745098
28546	0.00392156862745098
28547	0.00392156862745098
28548	0.00392156862745098
28549	0.00392156862745098
28550	0.00392156862745098
28551	0.0
28552	0.0
28553	0.0
28554	0.00392156862745098
28555	0.00392156862745098
28556	0.00392156862745098
28557	0.00392156862745098
28558	0.00392156862745098
28559	0.00392156862745098
28560	0.0
28561	0.0
28562	0.0
28563	0.00784313725490196
28564	0.00784313725490196
28565	0.00784313725490196
28566	0.00392156862745098
28567	0.00392156862745098
28568	0.00392156862745098
28569	0.00392156862745098
28570	0.00392156862745098
28571	0.00392156862745098
28572	0.0
28573	0.0
28574	0.0
28575	0.0
28576	0.0
28577	0.0
28578	0.00392156862745098
28579	0.00392156862745098
28580	0.00392156862745098
28581	0.00392156862745098
28582	0.00392156862745098
28583	0.00392156862745098
28584	0.00392156862745098
28585	0.00392156862745098
28586	0.00392156862745098
28587	0.00392156862745098
28588	0.00392156862745098
28589	0.00392156862745098
28590	0.00392156862745098
28591	0.00392156862745098
28592	0.00392156862745098
28593	0.0
28594	0.0
28595	0.0
28596	0.0
28597	0.0
28598	0.0
28599	0.00392156862745098
28600	0.00392156862745098
28601	0.00392156862745098
28602	0.0
28603	0.0
28604	0.0
28605	0.00784313725490196
28606	0.00784313725490196
28607	0.00784313725490196
28608	0.011764705882352941
28609	0.011764705882352941
28610	0.011764705882352941
28611	0.01568627450980392
28612	0.00392156862745098
28613	0.00392156862745098
28614	0.011764705882352941
28615	0.00784313725490196
28616	0.00784313725490196
28617	0.00784313725490196
28618	0.00784313725490196
28619	0.00784313725490196
28620	0.00392156862745098
28621	0.00392156862745098
28622	0.00392156862745098
28623	0.00784313725490196
28624	0.00784313725490196
28625	0.00784313725490196
28626	0.0
28627	0.0
28628	0.0
28629	0.0
28630	0.0
28631	0.0
28632	0.0
28633	0.0
28634	0.0
28635	0.00392156862745098
28636	0.00392156862745098
28637	0.00392156862745098
28638	0.0
28639	0.0
28640	0.00392156862745098
28641	0.0
28642	0.0
28643	0.0
28644	0.00392156862745098
28645	0.00392156862745098
28646	0.00392156862745098
28647	0.00392156862745098
28648	0.00392156862745098
28649	0.00392156862745098
28650	0.00392156862745098
28651	0.00392156862745098
28652	0.00392156862745098
28653	0.00392156862745098
28654	0.00392156862745098
28655	0.00392156862745098
28656	0.00392156862745098
28657	0.00392156862745098
28658	0.00784313725490196
28659	0.00392156862745098
28660	0.00392156862745098
28661	0.00392156862745098
28662	0.00392156862745098
28663	0.00392156862745098
28664	0.00784313725490196
28665	0.00784313725490196
28666	0.00784313725490196
28667	0.00784313725490196
28668	0.00784313725490196
28669	0.00784313725490196
28670	0.00784313725490196
28671	0.00784313725490196
28672	0.011764705882352941
28673	0.01568627450980392
28674	0.00784313725490196
28675	0.00784313725490196
28676	0.00784313725490196
28677	0.011764705882352941
28678	0.00784313725490196
28679	0.01568627450980392
28680	0.03137254901960784
28681	0.00784313725490196
28682	0.023529411764705882
28683	0.011764705882352941
28684	0.00392156862745098
28685	0.00392156862745098
28686	0.0
28687	0.0
28688	0.0
28689	0.00392156862745098
28690	0.00392156862745098
28691	0.00392156862745098
28692	0.00392156862745098
28693	0.00392156862745098
28694	0.00392156862745098
28695	0.00784313725490196
28696	0.00784313725490196
28697	0.00392156862745098
28698	0.00392156862745098
28699	0.00392156862745098
28700	0.00392156862745098
28701	0.00392156862745098
28702	0.00392156862745098
28703	0.00784313725490196
28704	0.00392156862745098
28705	0.00392156862745098
28706	0.00392156862745098
28707	0.0
28708	0.0
28709	0.0
28710	0.00392156862745098
28711	0.00392156862745098
28712	0.00392156862745098
28713	0.0
28714	0.0
28715	0.0
28716	0.0
28717	0.0
28718	0.0
28719	0.0
28720	0.0
28721	0.0
28722	0.0
28723	0.0
28724	0.0
28725	0.0
28726	0.0
28727	0.0
28728	0.0
28729	0.0
28730	0.0
28731	0.00392156862745098
28732	0.00392156862745098
28733	0.00392156862745098
28734	0.0
28735	0.0
28736	0.0
28737	0.00392156862745098
28738	0.00392156862745098
28739	0.00392156862745098
28740	0.0
28741	0.0
28742	0.0
28743	0.0
28744	0.0
28745	0.0
28746	0.00392156862745098
28747	0.00392156862745098
28748	0.00392156862745098
28749	0.0
28750	0.0
28751	0.0
28752	0.0
28753	0.0
28754	0.0
28755	0.0
28756	0.0
28757	0.0
28758	0.0
28759	0.0
28760	0.0
28761	0.0
28762	0.0
28763	0.0
28764	0.0
28765	0.0
28766	0.0
28767	0.0
28768	0.0
28769	0.0
28770	0.0
28771	0.0
28772	0.0
28773	0.0
28774	0.0
28775	0.0
28776	0.0
28777	0.0
28778	0.0
28779	0.00392156862745098
28780	0.00392156862745098
28781	0.00392156862745098
28782	0.0
28783	0.0
28784	0.0
28785	0.00392156862745098
28786	0.00392156862745098
28787	0.00392156862745098
28788	0.00784313725490196
28789	0.00784313725490196
28790	0.011764705882352941
28791	0.00784313725490196
28792	0.00784313725490196
28793	0.00784313725490196
28794	0.0
28795	0.00392156862745098
28796	0.0
28797	0.00392156862745098
28798	0.00392156862745098
28799	0.00392156862745098
28800	0.0
28801	0.0
28802	0.0
28803	0.0
28804	0.0
28805	0.0
28806	0.00392156862745098
28807	0.00392156862745098
28808	0.00392156862745098
28809	0.0
28810	0.0
28811	0.0
28812	0.0
28813	0.0
28814	0.0
28815	0.0
28816	0.0
28817	0.0
28818	0.0
28819	0.0
28820	0.0
28821	0.0
28822	0.0
28823	0.0
28824	0.0
28825	0.0
28826	0.0
28827	0.0
28828	0.0
28829	0.0
28830	0.0
28831	0.0
28832	0.0
28833	0.0
28834	0.0
28835	0.0
28836	0.0
28837	0.0
28838	0.0
28839	0.0
28840	0.0
28841	0.0
28842	0.0
28843	0.0
28844	0.0
28845	0.0
28846	0.0
28847	0.0
28848	0.0
28849	0.0
28850	0.0
28851	0.0
28852	0.0
28853	0.0
28854	0.0
28855	0.0
28856	0.0
28857	0.0
28858	0.0
28859	0.0
28860	0.0
28861	0.0
28862	0.0
28863	0.00392156862745098
28864	0.00392156862745098
28865	0.00392156862745098
28866	0.0
28867	0.0
28868	0.0
28869	0.0
28870	0.0
28871	0.0
28872	0.0
28873	0.0
28874	0.0
28875	0.0
28876	0.0
28877	0.0
28878	0.0
28879	0.0
28880	0.0
28881	0.0
28882	0.0
28883	0.0
28884	0.0
28885	0.0
28886	0.0
28887	0.0
28888	0.0
28889	0.0
28890	0.0
28891	0.0
28892	0.0
28893	0.0
28894	0.0
28895	0.0
28896	0.0
28897	0.0
28898	0.0
28899	0.00784313725490196
28900	0.00784313725490196
28901	0.00784313725490196
28902	0.0
28903	0.0
28904	0.0
28905	0.0
28906	0.0
28907	0.0
28908	0.00392156862745098
28909	0.00392156862745098
28910	0.00392156862745098
28911	0.0
28912	0.0
28913	0.0
28914	0.0
28915	0.0
28916	0.0
28917	0.00392156862745098
28918	0.00392156862745098
28919	0.00392156862745098
28920	0.00784313725490196
28921	0.00784313725490196
28922	0.00784313725490196
28923	0.0
28924	0.0
28925	0.0
28926	0.00392156862745098
28927	0.00392156862745098
28928	0.00392156862745098
28929	0.00392156862745098
28930	0.00392156862745098
28931	0.00392156862745098
28932	0.0
28933	0.0
28934	0.0
28935	0.0
28936	0.0
28937	0.0
28938	0.00392156862745098
28939	0.00392156862745098
28940	0.00392156862745098
28941	0.00392156862745098
28942	0.00392156862745098
28943	0.00392156862745098
28944	0.0
28945	0.0
28946	0.0
28947	0.00392156862745098
28948	0.00392156862745098
28949	0.00392156862745098
28950	0.00392156862745098
28951	0.00392156862745098
28952	0.00392156862745098
28953	0.00784313725490196
28954	0.00784313725490196
28955	0.00784313725490196
28956	0.0
28957	0.0
28958	0.0
28959	0.0
28960	0.0
28961	0.0
28962	0.00392156862745098
28963	0.00392156862745098
28964	0.00392156862745098
28965	0.00784313725490196
28966	0.00784313725490196
28967	0.00784313725490196
28968	0.0
28969	0.0
28970	0.0
28971	0.0
28972	0.0
28973	0.0
28974	0.00392156862745098
28975	0.00392156862745098
28976	0.00392156862745098
28977	0.00392156862745098
28978	0.00392156862745098
28979	0.00392156862745098
28980	0.0
28981	0.0
28982	0.0
28983	0.0
28984	0.0
28985	0.0
28986	0.0
28987	0.0
28988	0.0
28989	0.00784313725490196
28990	0.00392156862745098
28991	0.00784313725490196
28992	0.01568627450980392
28993	0.011764705882352941
28994	0.01568627450980392
28995	0.01568627450980392
28996	0.011764705882352941
28997	0.0196078431372549
28998	0.00784313725490196
28999	0.00784313725490196
29000	0.011764705882352941
29001	0.00392156862745098
29002	0.00392156862745098
29003	0.00392156862745098
29004	0.00392156862745098
29005	0.00392156862745098
29006	0.00392156862745098
29007	0.00392156862745098
29008	0.00392156862745098
29009	0.00392156862745098
29010	0.0
29011	0.0
29012	0.0
29013	0.0
29014	0.0
29015	0.0
29016	0.0
29017	0.0
29018	0.0
29019	0.00392156862745098
29020	0.00392156862745098
29021	0.00392156862745098
29022	0.00392156862745098
29023	0.00392156862745098
29024	0.00392156862745098
29025	0.0
29026	0.0
29027	0.0
29028	0.0
29029	0.0
29030	0.0
29031	0.00784313725490196
29032	0.00784313725490196
29033	0.00784313725490196
29034	0.00784313725490196
29035	0.00784313725490196
29036	0.00784313725490196
29037	0.00784313725490196
29038	0.00784313725490196
29039	0.00784313725490196
29040	0.0
29041	0.0
29042	0.0
29043	0.00392156862745098
29044	0.00392156862745098
29045	0.00392156862745098
29046	0.00784313725490196
29047	0.00784313725490196
29048	0.00784313725490196
29049	0.00784313725490196
29050	0.00784313725490196
29051	0.00784313725490196
29052	0.00784313725490196
29053	0.00784313725490196
29054	0.00784313725490196
29055	0.00392156862745098
29056	0.00392156862745098
29057	0.00784313725490196
29058	0.00784313725490196
29059	0.00784313725490196
29060	0.0196078431372549
29061	0.0392156862745098
29062	0.027450980392156862
29063	0.023529411764705882
29064	0.0392156862745098
29065	0.01568627450980392
29066	0.023529411764705882
29067	0.00784313725490196
29068	0.00392156862745098
29069	0.00784313725490196
29070	0.0
29071	0.0
29072	0.0
29073	0.00392156862745098
29074	0.00392156862745098
29075	0.00392156862745098
29076	0.00392156862745098
29077	0.00392156862745098
29078	0.00392156862745098
29079	0.00392156862745098
29080	0.00392156862745098
29081	0.011764705882352941
29082	0.00784313725490196
29083	0.00784313725490196
29084	0.011764705882352941
29085	0.00392156862745098
29086	0.00392156862745098
29087	0.00784313725490196
29088	0.0
29089	0.0
29090	0.0
29091	0.00784313725490196
29092	0.00784313725490196
29093	0.00784313725490196
29094	0.00784313725490196
29095	0.00784313725490196
29096	0.00784313725490196
29097	0.0
29098	0.0
29099	0.0
29100	0.0
29101	0.0
29102	0.0
29103	0.0
29104	0.0
29105	0.0
29106	0.0
29107	0.0
29108	0.0
29109	0.0
29110	0.0
29111	0.0
29112	0.0
29113	0.0
29114	0.0
29115	0.0
29116	0.0
29117	0.0
29118	0.0
29119	0.0
29120	0.0
29121	0.00784313725490196
29122	0.00784313725490196
29123	0.00784313725490196
29124	0.00784313725490196
29125	0.00784313725490196
29126	0.00784313725490196
29127	0.0
29128	0.0
29129	0.0
29130	0.0
29131	0.0
29132	0.0
29133	0.0
29134	0.0
29135	0.0
29136	0.0
29137	0.0
29138	0.0
29139	0.0
29140	0.0
29141	0.0
29142	0.0
29143	0.0
29144	0.0
29145	0.0
29146	0.0
29147	0.0
29148	0.0
29149	0.0
29150	0.0
29151	0.0
29152	0.0
29153	0.0
29154	0.0
29155	0.0
29156	0.0
29157	0.0
29158	0.0
29159	0.0
29160	0.00784313725490196
29161	0.00784313725490196
29162	0.00784313725490196
29163	0.0
29164	0.0
29165	0.0
29166	0.0
29167	0.0
29168	0.0
29169	0.00784313725490196
29170	0.00784313725490196
29171	0.00784313725490196
29172	0.00392156862745098
29173	0.00392156862745098
29174	0.00784313725490196
29175	0.0
29176	0.0
29177	0.0
29178	0.00784313725490196
29179	0.00784313725490196
29180	0.00784313725490196
29181	0.00392156862745098
29182	0.00392156862745098
29183	0.00392156862745098
29184	0.0
29185	0.0
29186	0.0
29187	0.0
29188	0.0
29189	0.0
29190	0.0
29191	0.0
29192	0.0
29193	0.0
29194	0.0
29195	0.0
29196	0.0
29197	0.0
29198	0.0
29199	0.0
29200	0.0
29201	0.0
29202	0.0
29203	0.0
29204	0.0
29205	0.0
29206	0.0
29207	0.0
29208	0.0
29209	0.0
29210	0.0
29211	0.0
29212	0.0
29213	0.0
29214	0.0
29215	0.0
29216	0.0
29217	0.0
29218	0.0
29219	0.0
29220	0.0
29221	0.0
29222	0.0
29223	0.0
29224	0.0
29225	0.0
29226	0.0
29227	0.0
29228	0.0
29229	0.0
29230	0.0
29231	0.0
29232	0.0
29233	0.0
29234	0.0
29235	0.0
29236	0.0
29237	0.0
29238	0.0
29239	0.0
29240	0.0
29241	0.0
29242	0.0
29243	0.0
29244	0.0
29245	0.0
29246	0.0
29247	0.0
29248	0.0
29249	0.0
29250	0.0
29251	0.0
29252	0.0
29253	0.00392156862745098
29254	0.00392156862745098
29255	0.00392156862745098
29256	0.00392156862745098
29257	0.00392156862745098
29258	0.00392156862745098
29259	0.00392156862745098
29260	0.00392156862745098
29261	0.00392156862745098
29262	0.00392156862745098
29263	0.00392156862745098
29264	0.00392156862745098
29265	0.00392156862745098
29266	0.00392156862745098
29267	0.00392156862745098
29268	0.00392156862745098
29269	0.00392156862745098
29270	0.00392156862745098
29271	0.0
29272	0.0
29273	0.0
29274	0.00784313725490196
29275	0.00784313725490196
29276	0.00784313725490196
29277	0.0
29278	0.0
29279	0.0
29280	0.0
29281	0.0
29282	0.0
29283	0.0
29284	0.0
29285	0.0
29286	0.00392156862745098
29287	0.00392156862745098
29288	0.00392156862745098
29289	0.0
29290	0.0
29291	0.0
29292	0.0
29293	0.0
29294	0.0
29295	0.0
29296	0.0
29297	0.0
29298	0.0
29299	0.0
29300	0.0
29301	0.00392156862745098
29302	0.00392156862745098
29303	0.00392156862745098
29304	0.00392156862745098
29305	0.00392156862745098
29306	0.00392156862745098
29307	0.0
29308	0.0
29309	0.0
29310	0.0
29311	0.0
29312	0.0
29313	0.0
29314	0.0
29315	0.0
29316	0.00392156862745098
29317	0.00392156862745098
29318	0.00392156862745098
29319	0.0
29320	0.0
29321	0.0
29322	0.00392156862745098
29323	0.00392156862745098
29324	0.00392156862745098
29325	0.0
29326	0.0
29327	0.0
29328	0.0
29329	0.0
29330	0.0
29331	0.00392156862745098
29332	0.00392156862745098
29333	0.00392156862745098
29334	0.00392156862745098
29335	0.00392156862745098
29336	0.00392156862745098
29337	0.0
29338	0.0
29339	0.0
29340	0.00784313725490196
29341	0.00784313725490196
29342	0.00784313725490196
29343	0.0
29344	0.0
29345	0.0
29346	0.00392156862745098
29347	0.00392156862745098
29348	0.00392156862745098
29349	0.0
29350	0.0
29351	0.0
29352	0.0
29353	0.0
29354	0.0
29355	0.0
29356	0.0
29357	0.0
29358	0.0
29359	0.0
29360	0.0
29361	0.00392156862745098
29362	0.00392156862745098
29363	0.00392156862745098
29364	0.00392156862745098
29365	0.00392156862745098
29366	0.00392156862745098
29367	0.0
29368	0.0
29369	0.0
29370	0.00392156862745098
29371	0.00392156862745098
29372	0.0
29373	0.01568627450980392
29374	0.00392156862745098
29375	0.00784313725490196
29376	0.0196078431372549
29377	0.00392156862745098
29378	0.027450980392156862
29379	0.023529411764705882
29380	0.0196078431372549
29381	0.06274509803921569
29382	0.03137254901960784
29383	0.0196078431372549
29384	0.043137254901960784
29385	0.011764705882352941
29386	0.011764705882352941
29387	0.027450980392156862
29388	0.00784313725490196
29389	0.00784313725490196
29390	0.00784313725490196
29391	0.0
29392	0.0
29393	0.0
29394	0.00392156862745098
29395	0.00392156862745098
29396	0.00392156862745098
29397	0.0
29398	0.0
29399	0.0
29400	0.0
29401	0.0
29402	0.0
29403	0.0
29404	0.0
29405	0.0
29406	0.0
29407	0.0
29408	0.0
29409	0.0
29410	0.0
29411	0.0
29412	0.0
29413	0.0
29414	0.0
29415	0.00392156862745098
29416	0.00392156862745098
29417	0.00392156862745098
29418	0.00392156862745098
29419	0.00392156862745098
29420	0.00392156862745098
29421	0.0
29422	0.0
29423	0.0
29424	0.0
29425	0.0
29426	0.0
29427	0.0
29428	0.0
29429	0.0
29430	0.00392156862745098
29431	0.00392156862745098
29432	0.00392156862745098
29433	0.00392156862745098
29434	0.00392156862745098
29435	0.00392156862745098
29436	0.011764705882352941
29437	0.01568627450980392
29438	0.01568627450980392
29439	0.00392156862745098
29440	0.00784313725490196
29441	0.03529411764705882
29442	0.00392156862745098
29443	0.00392156862745098
29444	0.047058823529411764
29445	0.03137254901960784
29446	0.027450980392156862
29447	0.08235294117647059
29448	0.047058823529411764
29449	0.027450980392156862
29450	0.058823529411764705
29451	0.011764705882352941
29452	0.00392156862745098
29453	0.011764705882352941
29454	0.0
29455	0.0
29456	0.0
29457	0.0
29458	0.0
29459	0.0
29460	0.00784313725490196
29461	0.00784313725490196
29462	0.00784313725490196
29463	0.00784313725490196
29464	0.00784313725490196
29465	0.00784313725490196
29466	0.00392156862745098
29467	0.00392156862745098
29468	0.00392156862745098
29469	0.0
29470	0.0
29471	0.0
29472	0.0
29473	0.0
29474	0.0
29475	0.00784313725490196
29476	0.00784313725490196
29477	0.00784313725490196
29478	0.00392156862745098
29479	0.00392156862745098
29480	0.00392156862745098
29481	0.0
29482	0.0
29483	0.0
29484	0.00392156862745098
29485	0.00392156862745098
29486	0.00392156862745098
29487	0.0
29488	0.0
29489	0.0
29490	0.0
29491	0.0
29492	0.0
29493	0.00392156862745098
29494	0.00392156862745098
29495	0.00392156862745098
29496	0.00392156862745098
29497	0.00392156862745098
29498	0.00392156862745098
29499	0.00392156862745098
29500	0.00392156862745098
29501	0.00392156862745098
29502	0.0
29503	0.0
29504	0.0
29505	0.0
29506	0.0
29507	0.0
29508	0.00392156862745098
29509	0.00392156862745098
29510	0.00392156862745098
29511	0.0
29512	0.0
29513	0.0
29514	0.0
29515	0.0
29516	0.0
29517	0.0
29518	0.0
29519	0.0
29520	0.0
29521	0.0
29522	0.0
29523	0.0
29524	0.0
29525	0.0
29526	0.0
29527	0.0
29528	0.0
29529	0.00392156862745098
29530	0.00392156862745098
29531	0.00392156862745098
29532	0.0
29533	0.0
29534	0.0
29535	0.0
29536	0.0
29537	0.0
29538	0.0
29539	0.0
29540	0.0
29541	0.0
29542	0.0
29543	0.0
29544	0.0
29545	0.0
29546	0.0
29547	0.0
29548	0.0
29549	0.0
29550	0.0
29551	0.0
29552	0.0
29553	0.0
29554	0.0
29555	0.0
29556	0.0
29557	0.0
29558	0.0
29559	0.0
29560	0.0
29561	0.0
29562	0.00392156862745098
29563	0.00392156862745098
29564	0.00392156862745098
29565	0.00392156862745098
29566	0.00392156862745098
29567	0.00392156862745098
29568	0.0
29569	0.0
29570	0.0
29571	0.0
29572	0.0
29573	0.0
29574	0.0
29575	0.0
29576	0.0
29577	0.0
29578	0.0
29579	0.0
29580	0.0
29581	0.0
29582	0.0
29583	0.0
29584	0.0
29585	0.0
29586	0.0
29587	0.0
29588	0.0
29589	0.0
29590	0.0
29591	0.0
29592	0.0
29593	0.0
29594	0.0
29595	0.0
29596	0.0
29597	0.0
29598	0.0
29599	0.0
29600	0.0
29601	0.0
29602	0.0
29603	0.0
29604	0.0
29605	0.0
29606	0.0
29607	0.0
29608	0.0
29609	0.0
29610	0.0
29611	0.0
29612	0.0
29613	0.0
29614	0.0
29615	0.0
29616	0.0
29617	0.0
29618	0.0
29619	0.0
29620	0.0
29621	0.0
29622	0.0
29623	0.0
29624	0.0
29625	0.0
29626	0.0
29627	0.0
29628	0.0
29629	0.0
29630	0.0
29631	0.0
29632	0.0
29633	0.0
29634	0.0
29635	0.0
29636	0.0
29637	0.00392156862745098
29638	0.00392156862745098
29639	0.00392156862745098
29640	0.00784313725490196
29641	0.00784313725490196
29642	0.00784313725490196
29643	0.00784313725490196
29644	0.00784313725490196
29645	0.00784313725490196
29646	0.00784313725490196
29647	0.00784313725490196
29648	0.00784313725490196
29649	0.00784313725490196
29650	0.00784313725490196
29651	0.00784313725490196
29652	0.0
29653	0.0
29654	0.0
29655	0.0
29656	0.0
29657	0.0
29658	0.00392156862745098
29659	0.00392156862745098
29660	0.00392156862745098
29661	0.00392156862745098
29662	0.00392156862745098
29663	0.00392156862745098
29664	0.0
29665	0.0
29666	0.0
29667	0.0
29668	0.0
29669	0.0
29670	0.00392156862745098
29671	0.00392156862745098
29672	0.00392156862745098
29673	0.0
29674	0.0
29675	0.0
29676	0.0
29677	0.0
29678	0.0
29679	0.0
29680	0.0
29681	0.0
29682	0.0
29683	0.0
29684	0.0
29685	0.00392156862745098
29686	0.00392156862745098
29687	0.00392156862745098
29688	0.00392156862745098
29689	0.00392156862745098
29690	0.00392156862745098
29691	0.0
29692	0.0
29693	0.0
29694	0.00392156862745098
29695	0.00392156862745098
29696	0.00392156862745098
29697	0.00392156862745098
29698	0.00392156862745098
29699	0.00392156862745098
29700	0.00392156862745098
29701	0.00392156862745098
29702	0.00392156862745098
29703	0.00392156862745098
29704	0.00392156862745098
29705	0.00392156862745098
29706	0.00392156862745098
29707	0.00392156862745098
29708	0.00392156862745098
29709	0.0
29710	0.0
29711	0.0
29712	0.0
29713	0.0
29714	0.0
29715	0.00784313725490196
29716	0.00784313725490196
29717	0.00784313725490196
29718	0.00392156862745098
29719	0.00392156862745098
29720	0.00392156862745098
29721	0.0
29722	0.0
29723	0.0
29724	0.00392156862745098
29725	0.00392156862745098
29726	0.00392156862745098
29727	0.0
29728	0.0
29729	0.0
29730	0.00392156862745098
29731	0.00392156862745098
29732	0.00392156862745098
29733	0.0
29734	0.0
29735	0.0
29736	0.0
29737	0.0
29738	0.0
29739	0.0
29740	0.0
29741	0.0
29742	0.00392156862745098
29743	0.00392156862745098
29744	0.00392156862745098
29745	0.00392156862745098
29746	0.00392156862745098
29747	0.00392156862745098
29748	0.00784313725490196
29749	0.00784313725490196
29750	0.00784313725490196
29751	0.0
29752	0.0
29753	0.0
29754	0.00392156862745098
29755	0.00392156862745098
29756	0.0
29757	0.00392156862745098
29758	0.00392156862745098
29759	0.01568627450980392
29760	0.00784313725490196
29761	0.00392156862745098
29762	0.03529411764705882
29763	0.0196078431372549
29764	0.01568627450980392
29765	0.058823529411764705
29766	0.03529411764705882
29767	0.027450980392156862
29768	0.0392156862745098
29769	0.027450980392156862
29770	0.011764705882352941
29771	0.03137254901960784
29772	0.00392156862745098
29773	0.00392156862745098
29774	0.00392156862745098
29775	0.00392156862745098
29776	0.00392156862745098
29777	0.00392156862745098
29778	0.00392156862745098
29779	0.00392156862745098
29780	0.00392156862745098
29781	0.0
29782	0.0
29783	0.0
29784	0.0
29785	0.0
29786	0.0
29787	0.0
29788	0.0
29789	0.0
29790	0.0
29791	0.0
29792	0.0
29793	0.0
29794	0.0
29795	0.0
29796	0.0
29797	0.0
29798	0.0
29799	0.0
29800	0.00392156862745098
29801	0.00392156862745098
29802	0.0
29803	0.0
29804	0.0
29805	0.0
29806	0.0
29807	0.0
29808	0.0
29809	0.0
29810	0.0
29811	0.0
29812	0.0
29813	0.0
29814	0.0
29815	0.0
29816	0.0
29817	0.00392156862745098
29818	0.00784313725490196
29819	0.00392156862745098
29820	0.01568627450980392
29821	0.01568627450980392
29822	0.011764705882352941
29823	0.00784313725490196
29824	0.011764705882352941
29825	0.03137254901960784
29826	0.011764705882352941
29827	0.00784313725490196
29828	0.027450980392156862
29829	0.023529411764705882
29830	0.011764705882352941
29831	0.0392156862745098
29832	0.023529411764705882
29833	0.01568627450980392
29834	0.03137254901960784
29835	0.0196078431372549
29836	0.011764705882352941
29837	0.00784313725490196
29838	0.0
29839	0.0
29840	0.0
29841	0.00784313725490196
29842	0.00784313725490196
29843	0.00784313725490196
29844	0.00784313725490196
29845	0.00784313725490196
29846	0.00784313725490196
29847	0.00392156862745098
29848	0.00392156862745098
29849	0.00392156862745098
29850	0.00392156862745098
29851	0.00392156862745098
29852	0.00392156862745098
29853	0.00392156862745098
29854	0.00392156862745098
29855	0.00392156862745098
29856	0.00392156862745098
29857	0.00392156862745098
29858	0.00392156862745098
29859	0.00392156862745098
29860	0.00392156862745098
29861	0.00392156862745098
29862	0.0
29863	0.0
29864	0.0
29865	0.0
29866	0.0
29867	0.0
29868	0.00392156862745098
29869	0.00392156862745098
29870	0.00392156862745098
29871	0.0
29872	0.0
29873	0.0
29874	0.0
29875	0.0
29876	0.0
29877	0.00392156862745098
29878	0.00392156862745098
29879	0.00392156862745098
29880	0.00784313725490196
29881	0.00784313725490196
29882	0.00784313725490196
29883	0.00392156862745098
29884	0.00392156862745098
29885	0.00392156862745098
29886	0.0
29887	0.0
29888	0.0
29889	0.0
29890	0.0
29891	0.0
29892	0.0
29893	0.0
29894	0.0
29895	0.0
29896	0.0
29897	0.0
29898	0.0
29899	0.0
29900	0.0
29901	0.0
29902	0.0
29903	0.0
29904	0.0
29905	0.0
29906	0.0
29907	0.0
29908	0.0
29909	0.0
29910	0.00392156862745098
29911	0.00392156862745098
29912	0.00392156862745098
29913	0.00392156862745098
29914	0.00392156862745098
29915	0.00392156862745098
29916	0.0
29917	0.0
29918	0.0
29919	0.0
29920	0.0
29921	0.0
29922	0.0
29923	0.0
29924	0.0
29925	0.0
29926	0.0
29927	0.0
29928	0.0
29929	0.0
29930	0.0
29931	0.0
29932	0.0
29933	0.0
29934	0.0
29935	0.0
29936	0.0
29937	0.0
29938	0.0
29939	0.0
29940	0.0
29941	0.0
29942	0.0
29943	0.0
29944	0.0
29945	0.0
29946	0.0
29947	0.0
29948	0.0
29949	0.0
29950	0.0
29951	0.0
29952	0.0
29953	0.0
29954	0.0
29955	0.0
29956	0.0
29957	0.0
29958	0.0
29959	0.0
29960	0.0
29961	0.0
29962	0.0
29963	0.0
29964	0.0
29965	0.0
29966	0.0
29967	0.0
29968	0.0
29969	0.0
29970	0.0
29971	0.0
29972	0.0
29973	0.0
29974	0.0
29975	0.0
29976	0.0
29977	0.0
29978	0.0
29979	0.0
29980	0.0
29981	0.0
29982	0.0
29983	0.0
29984	0.0
29985	0.0
29986	0.0
29987	0.0
29988	0.0
29989	0.0
29990	0.0
29991	0.0
29992	0.0
29993	0.0
29994	0.0
29995	0.0
29996	0.0
29997	0.0
29998	0.0
29999	0.0
30000	0.0
30001	0.0
30002	0.0
30003	0.0
30004	0.0
30005	0.0
30006	0.0
30007	0.0
30008	0.0
30009	0.0
30010	0.0
30011	0.0
30012	0.0
30013	0.0
30014	0.0
30015	0.0
30016	0.0
30017	0.0
30018	0.0
30019	0.0
30020	0.0
30021	0.0
30022	0.0
30023	0.0
30024	0.0
30025	0.0
30026	0.0
30027	0.0
30028	0.0
30029	0.0
30030	0.0
30031	0.0
30032	0.0
30033	0.00392156862745098
30034	0.00392156862745098
30035	0.00392156862745098
30036	0.00392156862745098
30037	0.00392156862745098
30038	0.00392156862745098
30039	0.00392156862745098
30040	0.00392156862745098
30041	0.00392156862745098
30042	0.00392156862745098
30043	0.00392156862745098
30044	0.00392156862745098
30045	0.00392156862745098
30046	0.00392156862745098
30047	0.00392156862745098
30048	0.0
30049	0.0
30050	0.0
30051	0.0
30052	0.0
30053	0.0
30054	0.0
30055	0.0
30056	0.0
30057	0.0
30058	0.0
30059	0.0
30060	0.0
30061	0.0
30062	0.0
30063	0.0
30064	0.0
30065	0.0
30066	0.0
30067	0.0
30068	0.0
30069	0.00392156862745098
30070	0.00392156862745098
30071	0.00392156862745098
30072	0.00392156862745098
30073	0.00392156862745098
30074	0.00392156862745098
30075	0.0
30076	0.0
30077	0.0
30078	0.0
30079	0.0
30080	0.0
30081	0.0
30082	0.0
30083	0.0
30084	0.00392156862745098
30085	0.00392156862745098
30086	0.00392156862745098
30087	0.00784313725490196
30088	0.00784313725490196
30089	0.00784313725490196
30090	0.0
30091	0.0
30092	0.0
30093	0.0
30094	0.0
30095	0.0
30096	0.0
30097	0.0
30098	0.0
30099	0.0
30100	0.0
30101	0.0
30102	0.00392156862745098
30103	0.00392156862745098
30104	0.00392156862745098
30105	0.00784313725490196
30106	0.00784313725490196
30107	0.00784313725490196
30108	0.00392156862745098
30109	0.00392156862745098
30110	0.00392156862745098
30111	0.0
30112	0.0
30113	0.0
30114	0.0
30115	0.0
30116	0.0
30117	0.00392156862745098
30118	0.00392156862745098
30119	0.00392156862745098
30120	0.00784313725490196
30121	0.00784313725490196
30122	0.00784313725490196
30123	0.00784313725490196
30124	0.00784313725490196
30125	0.00784313725490196
30126	0.00392156862745098
30127	0.00392156862745098
30128	0.00392156862745098
30129	0.00784313725490196
30130	0.00784313725490196
30131	0.00784313725490196
30132	0.00392156862745098
30133	0.00392156862745098
30134	0.00392156862745098
30135	0.0
30136	0.0
30137	0.0
30138	0.0
30139	0.0
30140	0.0
30141	0.00392156862745098
30142	0.00392156862745098
30143	0.011764705882352941
30144	0.011764705882352941
30145	0.00392156862745098
30146	0.03137254901960784
30147	0.023529411764705882
30148	0.0196078431372549
30149	0.043137254901960784
30150	0.027450980392156862
30151	0.023529411764705882
30152	0.03529411764705882
30153	0.027450980392156862
30154	0.00392156862745098
30155	0.027450980392156862
30156	0.00392156862745098
30157	0.0
30158	0.00784313725490196
30159	0.00784313725490196
30160	0.00784313725490196
30161	0.00784313725490196
30162	0.00784313725490196
30163	0.00784313725490196
30164	0.00784313725490196
30165	0.0
30166	0.00392156862745098
30167	0.00392156862745098
30168	0.0
30169	0.0
30170	0.0
30171	0.0
30172	0.0
30173	0.0
30174	0.0
30175	0.0
30176	0.0
30177	0.00392156862745098
30178	0.00392156862745098
30179	0.00392156862745098
30180	0.00784313725490196
30181	0.00392156862745098
30182	0.00392156862745098
30183	0.00392156862745098
30184	0.0
30185	0.0
30186	0.00392156862745098
30187	0.00392156862745098
30188	0.00392156862745098
30189	0.00392156862745098
30190	0.00392156862745098
30191	0.00392156862745098
30192	0.0
30193	0.0
30194	0.0
30195	0.0
30196	0.0
30197	0.0
30198	0.0
30199	0.0
30200	0.0
30201	0.00392156862745098
30202	0.00784313725490196
30203	0.00392156862745098
30204	0.011764705882352941
30205	0.011764705882352941
30206	0.011764705882352941
30207	0.0
30208	0.00392156862745098
30209	0.011764705882352941
30210	0.0
30211	0.0
30212	0.023529411764705882
30213	0.01568627450980392
30214	0.00392156862745098
30215	0.023529411764705882
30216	0.027450980392156862
30217	0.011764705882352941
30218	0.023529411764705882
30219	0.0196078431372549
30220	0.00784313725490196
30221	0.00392156862745098
30222	0.00392156862745098
30223	0.00392156862745098
30224	0.00392156862745098
30225	0.00784313725490196
30226	0.00784313725490196
30227	0.00784313725490196
30228	0.00392156862745098
30229	0.00392156862745098
30230	0.00392156862745098
30231	0.0
30232	0.0
30233	0.0
30234	0.00392156862745098
30235	0.00392156862745098
30236	0.00392156862745098
30237	0.00784313725490196
30238	0.00784313725490196
30239	0.00784313725490196
30240	0.00392156862745098
30241	0.00392156862745098
30242	0.00392156862745098
30243	0.0
30244	0.0
30245	0.0
30246	0.0
30247	0.0
30248	0.0
30249	0.0
30250	0.0
30251	0.0
30252	0.0
30253	0.0
30254	0.0
30255	0.0
30256	0.0
30257	0.0
30258	0.0
30259	0.0
30260	0.0
30261	0.0
30262	0.0
30263	0.0
30264	0.0
30265	0.0
30266	0.0
30267	0.0
30268	0.0
30269	0.0
30270	0.0
30271	0.0
30272	0.0
30273	0.00392156862745098
30274	0.00392156862745098
30275	0.00392156862745098
30276	0.00392156862745098
30277	0.00392156862745098
30278	0.00392156862745098
30279	0.0
30280	0.0
30281	0.0
30282	0.0
30283	0.0
30284	0.0
30285	0.0
30286	0.0
30287	0.0
30288	0.0
30289	0.0
30290	0.0
30291	0.0
30292	0.0
30293	0.0
30294	0.0
30295	0.0
30296	0.0
30297	0.0
30298	0.0
30299	0.0
30300	0.0
30301	0.0
30302	0.0
30303	0.0
30304	0.0
30305	0.0
30306	0.0
30307	0.0
30308	0.0
30309	0.0
30310	0.0
30311	0.0
30312	0.0
30313	0.0
30314	0.0
30315	0.0
30316	0.0
30317	0.0
30318	0.0
30319	0.0
30320	0.0
30321	0.0
30322	0.0
30323	0.0
30324	0.0
30325	0.0
30326	0.0
30327	0.0
30328	0.0
30329	0.0
30330	0.0
30331	0.0
30332	0.0
30333	0.0
30334	0.0
30335	0.0
30336	0.0
30337	0.0
30338	0.0
30339	0.0
30340	0.0
30341	0.0
30342	0.0
30343	0.0
30344	0.0
30345	0.0
30346	0.0
30347	0.0
30348	0.0
30349	0.0
30350	0.0
30351	0.0
30352	0.0
30353	0.0
30354	0.0
30355	0.0
30356	0.0
30357	0.0
30358	0.0
30359	0.0
30360	0.0
30361	0.0
30362	0.0
30363	0.0
30364	0.0
30365	0.0
30366	0.0
30367	0.0
30368	0.0
30369	0.0
30370	0.0
30371	0.0
30372	0.0
30373	0.0
30374	0.0
30375	0.0
30376	0.0
30377	0.0
30378	0.0
30379	0.0
30380	0.0
30381	0.0
30382	0.0
30383	0.0
30384	0.0
30385	0.0
30386	0.0
30387	0.0
30388	0.0
30389	0.0
30390	0.0
30391	0.0
30392	0.0
30393	0.0
30394	0.0
30395	0.0
30396	0.0
30397	0.0
30398	0.0
30399	0.0
30400	0.0
30401	0.0
30402	0.0
30403	0.0
30404	0.0
30405	0.0
30406	0.0
30407	0.0
30408	0.0
30409	0.0
30410	0.0
30411	0.0
30412	0.0
30413	0.0
30414	0.0
30415	0.0
30416	0.0
30417	0.00392156862745098
30418	0.00392156862745098
30419	0.00392156862745098
30420	0.00392156862745098
30421	0.00392156862745098
30422	0.00392156862745098
30423	0.0
30424	0.0
30425	0.0
30426	0.0
30427	0.0
30428	0.0
30429	0.00392156862745098
30430	0.00392156862745098
30431	0.00392156862745098
30432	0.0
30433	0.0
30434	0.0
30435	0.0
30436	0.0
30437	0.0
30438	0.0
30439	0.0
30440	0.0
30441	0.0
30442	0.0
30443	0.0
30444	0.00392156862745098
30445	0.00392156862745098
30446	0.00392156862745098
30447	0.0
30448	0.0
30449	0.0
30450	0.0
30451	0.0
30452	0.0
30453	0.00784313725490196
30454	0.00784313725490196
30455	0.00784313725490196
30456	0.00392156862745098
30457	0.00392156862745098
30458	0.00392156862745098
30459	0.0
30460	0.0
30461	0.0
30462	0.0
30463	0.0
30464	0.0
30465	0.0
30466	0.0
30467	0.0
30468	0.00392156862745098
30469	0.00392156862745098
30470	0.00392156862745098
30471	0.00392156862745098
30472	0.00392156862745098
30473	0.00392156862745098
30474	0.0
30475	0.0
30476	0.0
30477	0.0
30478	0.0
30479	0.0
30480	0.0
30481	0.0
30482	0.0
30483	0.0
30484	0.0
30485	0.0
30486	0.00392156862745098
30487	0.00392156862745098
30488	0.00392156862745098
30489	0.00784313725490196
30490	0.00784313725490196
30491	0.00784313725490196
30492	0.0
30493	0.0
30494	0.0
30495	0.0
30496	0.0
30497	0.0
30498	0.00392156862745098
30499	0.00392156862745098
30500	0.00392156862745098
30501	0.00392156862745098
30502	0.00392156862745098
30503	0.00392156862745098
30504	0.00784313725490196
30505	0.00784313725490196
30506	0.00784313725490196
30507	0.00392156862745098
30508	0.00392156862745098
30509	0.00392156862745098
30510	0.00392156862745098
30511	0.00392156862745098
30512	0.00392156862745098
30513	0.00392156862745098
30514	0.00392156862745098
30515	0.00392156862745098
30516	0.0
30517	0.0
30518	0.0
30519	0.0
30520	0.0
30521	0.0
30522	0.0
30523	0.0
30524	0.0
30525	0.0
30526	0.00392156862745098
30527	0.011764705882352941
30528	0.00392156862745098
30529	0.00392156862745098
30530	0.0196078431372549
30531	0.011764705882352941
30532	0.00784313725490196
30533	0.027450980392156862
30534	0.011764705882352941
30535	0.01568627450980392
30536	0.027450980392156862
30537	0.00784313725490196
30538	0.00392156862745098
30539	0.011764705882352941
30540	0.00392156862745098
30541	0.00392156862745098
30542	0.00392156862745098
30543	0.00784313725490196
30544	0.00784313725490196
30545	0.00784313725490196
30546	0.00784313725490196
30547	0.00784313725490196
30548	0.00392156862745098
30549	0.00784313725490196
30550	0.00784313725490196
30551	0.00392156862745098
30552	0.00784313725490196
30553	0.00784313725490196
30554	0.00392156862745098
30555	0.01568627450980392
30556	0.00392156862745098
30557	0.0
30558	0.0196078431372549
30559	0.0
30560	0.0
30561	0.027450980392156862
30562	0.0
30563	0.00392156862745098
30564	0.027450980392156862
30565	0.00784313725490196
30566	0.00392156862745098
30567	0.03137254901960784
30568	0.011764705882352941
30569	0.00392156862745098
30570	0.01568627450980392
30571	0.00784313725490196
30572	0.00392156862745098
30573	0.00392156862745098
30574	0.00392156862745098
30575	0.00392156862745098
30576	0.00392156862745098
30577	0.00392156862745098
30578	0.0
30579	0.01568627450980392
30580	0.00784313725490196
30581	0.0
30582	0.01568627450980392
30583	0.00784313725490196
30584	0.00784313725490196
30585	0.011764705882352941
30586	0.011764705882352941
30587	0.00784313725490196
30588	0.00784313725490196
30589	0.00784313725490196
30590	0.00784313725490196
30591	0.00392156862745098
30592	0.00392156862745098
30593	0.00784313725490196
30594	0.00392156862745098
30595	0.00392156862745098
30596	0.0196078431372549
30597	0.00784313725490196
30598	0.011764705882352941
30599	0.01568627450980392
30600	0.011764705882352941
30601	0.00392156862745098
30602	0.01568627450980392
30603	0.00784313725490196
30604	0.0
30605	0.00392156862745098
30606	0.00392156862745098
30607	0.00392156862745098
30608	0.00392156862745098
30609	0.00392156862745098
30610	0.00392156862745098
30611	0.00392156862745098
30612	0.0
30613	0.0
30614	0.0
30615	0.00392156862745098
30616	0.00392156862745098
30617	0.00392156862745098
30618	0.00392156862745098
30619	0.00392156862745098
30620	0.00392156862745098
30621	0.00392156862745098
30622	0.00392156862745098
30623	0.00392156862745098
30624	0.0
30625	0.0
30626	0.0
30627	0.0
30628	0.0
30629	0.0
30630	0.0
30631	0.0
30632	0.0
30633	0.0
30634	0.0
30635	0.0
30636	0.0
30637	0.0
30638	0.0
30639	0.0
30640	0.0
30641	0.0
30642	0.0
30643	0.0
30644	0.0
30645	0.0
30646	0.0
30647	0.0
30648	0.0
30649	0.0
30650	0.0
30651	0.0
30652	0.0
30653	0.0
30654	0.0
30655	0.0
30656	0.0
30657	0.0
30658	0.0
30659	0.0
30660	0.0
30661	0.0
30662	0.0
30663	0.0
30664	0.0
30665	0.0
30666	0.0
30667	0.0
30668	0.0
30669	0.0
30670	0.0
30671	0.0
30672	0.0
30673	0.0
30674	0.0
30675	0.0
30676	0.0
30677	0.0
30678	0.0
30679	0.0
30680	0.0
30681	0.0
30682	0.0
30683	0.0
30684	0.0
30685	0.0
30686	0.0
30687	0.0
30688	0.0
30689	0.0
30690	0.0
30691	0.0
30692	0.0
30693	0.0
30694	0.0
30695	0.0
30696	0.0
30697	0.0
30698	0.0
30699	0.0
30700	0.0
30701	0.0
30702	0.0
30703	0.0
30704	0.0
30705	0.0
30706	0.0
30707	0.0
30708	0.0
30709	0.0
30710	0.0
30711	0.0
30712	0.0
30713	0.0
30714	0.0
30715	0.0
30716	0.0
30717	0.0
30718	0.0
30719	0.0
30720	0.00392156862745098
30721	0.00392156862745098
30722	0.00392156862745098
30723	0.00392156862745098
30724	0.00392156862745098
30725	0.00392156862745098
30726	0.0
30727	0.0
30728	0.0
30729	0.0
30730	0.0
30731	0.0
30732	0.0
30733	0.0
30734	0.0
30735	0.0
30736	0.0
30737	0.0
30738	0.0
30739	0.0
30740	0.0
30741	0.0
30742	0.0
30743	0.0
30744	0.0
30745	0.0
30746	0.0
30747	0.0
30748	0.0
30749	0.0
30750	0.0
30751	0.0
30752	0.0
30753	0.0
30754	0.0
30755	0.0
30756	0.0
30757	0.0
30758	0.0
30759	0.0
30760	0.0
30761	0.0
30762	0.0
30763	0.0
30764	0.0
30765	0.0
30766	0.0
30767	0.0
30768	0.0
30769	0.0
30770	0.0
30771	0.0
30772	0.0
30773	0.0
30774	0.0
30775	0.0
30776	0.0
30777	0.0
30778	0.0
30779	0.0
30780	0.0
30781	0.0
30782	0.0
30783	0.0
30784	0.0
30785	0.0
30786	0.0
30787	0.0
30788	0.0
30789	0.0
30790	0.0
30791	0.0
30792	0.0
30793	0.0
30794	0.0
30795	0.0
30796	0.0
30797	0.0
30798	0.0
30799	0.0
30800	0.0
30801	0.0
30802	0.0
30803	0.0
30804	0.0
30805	0.0
30806	0.0
30807	0.0
30808	0.0
30809	0.0
30810	0.00392156862745098
30811	0.00392156862745098
30812	0.00392156862745098
30813	0.0
30814	0.0
30815	0.0
30816	0.0
30817	0.0
30818	0.0
30819	0.0
30820	0.0
30821	0.0
30822	0.0
30823	0.0
30824	0.0
30825	0.00392156862745098
30826	0.00392156862745098
30827	0.00392156862745098
30828	0.00784313725490196
30829	0.00784313725490196
30830	0.00784313725490196
30831	0.0
30832	0.0
30833	0.0
30834	0.0
30835	0.0
30836	0.0
30837	0.00784313725490196
30838	0.00784313725490196
30839	0.00784313725490196
30840	0.00392156862745098
30841	0.00392156862745098
30842	0.00392156862745098
30843	0.0
30844	0.0
30845	0.0
30846	0.0
30847	0.0
30848	0.0
30849	0.00392156862745098
30850	0.00392156862745098
30851	0.00392156862745098
30852	0.00392156862745098
30853	0.00392156862745098
30854	0.00392156862745098
30855	0.0
30856	0.0
30857	0.0
30858	0.0
30859	0.0
30860	0.0
30861	0.0
30862	0.0
30863	0.0
30864	0.0
30865	0.0
30866	0.0
30867	0.0
30868	0.0
30869	0.0
30870	0.0
30871	0.0
30872	0.0
30873	0.0
30874	0.0
30875	0.0
30876	0.0
30877	0.0
30878	0.0
30879	0.0
30880	0.0
30881	0.0
30882	0.0
30883	0.0
30884	0.0
30885	0.00392156862745098
30886	0.00392156862745098
30887	0.00392156862745098
30888	0.00392156862745098
30889	0.00392156862745098
30890	0.00392156862745098
30891	0.0
30892	0.0
30893	0.0
30894	0.0
30895	0.0
30896	0.0
30897	0.00392156862745098
30898	0.00392156862745098
30899	0.00392156862745098
30900	0.0
30901	0.0
30902	0.0
30903	0.00392156862745098
30904	0.00392156862745098
30905	0.00392156862745098
30906	0.00392156862745098
30907	0.00392156862745098
30908	0.00392156862745098
30909	0.0
30910	0.0
30911	0.0
30912	0.0
30913	0.0
30914	0.0
30915	0.00784313725490196
30916	0.00784313725490196
30917	0.00784313725490196
30918	0.011764705882352941
30919	0.01568627450980392
30920	0.01568627450980392
30921	0.00784313725490196
30922	0.00392156862745098
30923	0.00784313725490196
30924	0.011764705882352941
30925	0.011764705882352941
30926	0.011764705882352941
30927	0.00392156862745098
30928	0.00392156862745098
30929	0.00392156862745098
30930	0.00784313725490196
30931	0.00784313725490196
30932	0.00784313725490196
30933	0.00784313725490196
30934	0.00392156862745098
30935	0.00784313725490196
30936	0.027450980392156862
30937	0.00784313725490196
30938	0.00784313725490196
30939	0.0392156862745098
30940	0.01568627450980392
30941	0.00392156862745098
30942	0.011764705882352941
30943	0.00392156862745098
30944	0.0
30945	0.0
30946	0.0
30947	0.0
30948	0.0
30949	0.0
30950	0.0
30951	0.00392156862745098
30952	0.00392156862745098
30953	0.00392156862745098
30954	0.00392156862745098
30955	0.00392156862745098
30956	0.00392156862745098
30957	0.00392156862745098
30958	0.00392156862745098
30959	0.00392156862745098
30960	0.011764705882352941
30961	0.00392156862745098
30962	0.00392156862745098
30963	0.0196078431372549
30964	0.011764705882352941
30965	0.00392156862745098
30966	0.03137254901960784
30967	0.0196078431372549
30968	0.00784313725490196
30969	0.011764705882352941
30970	0.00784313725490196
30971	0.00784313725490196
30972	0.00784313725490196
30973	0.00784313725490196
30974	0.00392156862745098
30975	0.00392156862745098
30976	0.00392156862745098
30977	0.00392156862745098
30978	0.00784313725490196
30979	0.00784313725490196
30980	0.00784313725490196
30981	0.00784313725490196
30982	0.00784313725490196
30983	0.00784313725490196
30984	0.00392156862745098
30985	0.00392156862745098
30986	0.00392156862745098
30987	0.00392156862745098
30988	0.00392156862745098
30989	0.00392156862745098
30990	0.0
30991	0.0
30992	0.0
30993	0.0
30994	0.0
30995	0.0
30996	0.0
30997	0.0
30998	0.0
30999	0.0
31000	0.0
31001	0.0
31002	0.00392156862745098
31003	0.00392156862745098
31004	0.00392156862745098
31005	0.00392156862745098
31006	0.00392156862745098
31007	0.00392156862745098
31008	0.0
31009	0.0
31010	0.0
31011	0.0
31012	0.0
31013	0.0
31014	0.0
31015	0.0
31016	0.0
31017	0.0
31018	0.0
31019	0.0
31020	0.0
31021	0.0
31022	0.0
31023	0.00392156862745098
31024	0.00392156862745098
31025	0.00392156862745098
31026	0.0
31027	0.0
31028	0.0
31029	0.0
31030	0.0
31031	0.0
31032	0.0
31033	0.0
31034	0.0
31035	0.0
31036	0.0
31037	0.0
31038	0.0
31039	0.0
31040	0.0
31041	0.0
31042	0.0
31043	0.0
31044	0.0
31045	0.0
31046	0.0
31047	0.0
31048	0.0
31049	0.0
31050	0.0
31051	0.0
31052	0.0
31053	0.0
31054	0.0
31055	0.0
31056	0.0
31057	0.0
31058	0.0
31059	0.0
31060	0.0
31061	0.0
31062	0.0
31063	0.0
31064	0.0
31065	0.0
31066	0.0
31067	0.0
31068	0.0
31069	0.0
31070	0.0
31071	0.0
31072	0.0
31073	0.0
31074	0.0
31075	0.0
31076	0.0
31077	0.0
31078	0.0
31079	0.0
31080	0.0
31081	0.0
31082	0.0
31083	0.0
31084	0.0
31085	0.0
31086	0.0
31087	0.0
31088	0.0
31089	0.0
31090	0.0
31091	0.0
31092	0.0
31093	0.0
31094	0.0
31095	0.0
31096	0.0
31097	0.0
31098	0.0
31099	0.0
31100	0.0
31101	0.0
31102	0.0
31103	0.0
31104	0.00392156862745098
31105	0.00392156862745098
31106	0.00392156862745098
31107	0.00392156862745098
31108	0.00392156862745098
31109	0.00392156862745098
31110	0.0
31111	0.0
31112	0.0
31113	0.0
31114	0.0
31115	0.0
31116	0.0
31117	0.0
31118	0.0
31119	0.0
31120	0.0
31121	0.0
31122	0.0
31123	0.0
31124	0.0
31125	0.0
31126	0.0
31127	0.0
31128	0.0
31129	0.0
31130	0.0
31131	0.0
31132	0.0
31133	0.0
31134	0.0
31135	0.0
31136	0.0
31137	0.0
31138	0.0
31139	0.0
31140	0.0
31141	0.0
31142	0.0
31143	0.0
31144	0.0
31145	0.0
31146	0.0
31147	0.0
31148	0.0
31149	0.0
31150	0.0
31151	0.0
31152	0.0
31153	0.0
31154	0.0
31155	0.0
31156	0.0
31157	0.0
31158	0.0
31159	0.0
31160	0.0
31161	0.0
31162	0.0
31163	0.0
31164	0.0
31165	0.0
31166	0.0
31167	0.0
31168	0.0
31169	0.0
31170	0.0
31171	0.0
31172	0.0
31173	0.0
31174	0.0
31175	0.0
31176	0.0
31177	0.0
31178	0.0
31179	0.0
31180	0.0
31181	0.0
31182	0.0
31183	0.0
31184	0.0
31185	0.0
31186	0.0
31187	0.0
31188	0.00392156862745098
31189	0.00392156862745098
31190	0.00392156862745098
31191	0.00392156862745098
31192	0.00392156862745098
31193	0.00392156862745098
31194	0.00392156862745098
31195	0.00392156862745098
31196	0.00392156862745098
31197	0.0
31198	0.0
31199	0.0
31200	0.00784313725490196
31201	0.00784313725490196
31202	0.00784313725490196
31203	0.0
31204	0.0
31205	0.0
31206	0.0
31207	0.0
31208	0.0
31209	0.0
31210	0.0
31211	0.0
31212	0.00392156862745098
31213	0.00392156862745098
31214	0.00392156862745098
31215	0.0
31216	0.0
31217	0.0
31218	0.0
31219	0.0
31220	0.0
31221	0.00392156862745098
31222	0.00392156862745098
31223	0.00392156862745098
31224	0.00392156862745098
31225	0.00392156862745098
31226	0.00392156862745098
31227	0.0
31228	0.0
31229	0.0
31230	0.0
31231	0.0
31232	0.0
31233	0.00392156862745098
31234	0.00392156862745098
31235	0.00392156862745098
31236	0.0
31237	0.0
31238	0.0
31239	0.0
31240	0.0
31241	0.0
31242	0.00392156862745098
31243	0.00392156862745098
31244	0.00392156862745098
31245	0.00392156862745098
31246	0.00392156862745098
31247	0.00392156862745098
31248	0.0
31249	0.0
31250	0.0
31251	0.0
31252	0.0
31253	0.0
31254	0.0
31255	0.0
31256	0.0
31257	0.0
31258	0.0
31259	0.0
31260	0.0
31261	0.0
31262	0.0
31263	0.00784313725490196
31264	0.00784313725490196
31265	0.00784313725490196
31266	0.00392156862745098
31267	0.00392156862745098
31268	0.00392156862745098
31269	0.00392156862745098
31270	0.00392156862745098
31271	0.00392156862745098
31272	0.00784313725490196
31273	0.00784313725490196
31274	0.00784313725490196
31275	0.00784313725490196
31276	0.00784313725490196
31277	0.00784313725490196
31278	0.00392156862745098
31279	0.00392156862745098
31280	0.00392156862745098
31281	0.00392156862745098
31282	0.00392156862745098
31283	0.00392156862745098
31284	0.00392156862745098
31285	0.00392156862745098
31286	0.00392156862745098
31287	0.00392156862745098
31288	0.00392156862745098
31289	0.00392156862745098
31290	0.00392156862745098
31291	0.00392156862745098
31292	0.00392156862745098
31293	0.0
31294	0.0
31295	0.0
31296	0.0
31297	0.0
31298	0.0
31299	0.0
31300	0.0
31301	0.0
31302	0.00784313725490196
31303	0.00784313725490196
31304	0.00784313725490196
31305	0.00392156862745098
31306	0.00392156862745098
31307	0.00784313725490196
31308	0.00784313725490196
31309	0.00392156862745098
31310	0.00392156862745098
31311	0.00392156862745098
31312	0.00392156862745098
31313	0.00392156862745098
31314	0.00392156862745098
31315	0.00392156862745098
31316	0.00392156862745098
31317	0.00392156862745098
31318	0.00392156862745098
31319	0.0
31320	0.0196078431372549
31321	0.011764705882352941
31322	0.0
31323	0.0196078431372549
31324	0.011764705882352941
31325	0.00392156862745098
31326	0.00784313725490196
31327	0.00392156862745098
31328	0.0
31329	0.00392156862745098
31330	0.00392156862745098
31331	0.00392156862745098
31332	0.00392156862745098
31333	0.00392156862745098
31334	0.00392156862745098
31335	0.00784313725490196
31336	0.00784313725490196
31337	0.00784313725490196
31338	0.011764705882352941
31339	0.011764705882352941
31340	0.011764705882352941
31341	0.00392156862745098
31342	0.00392156862745098
31343	0.00392156862745098
31344	0.011764705882352941
31345	0.00784313725490196
31346	0.00784313725490196
31347	0.027450980392156862
31348	0.00784313725490196
31349	0.00784313725490196
31350	0.023529411764705882
31351	0.00784313725490196
31352	0.00784313725490196
31353	0.00784313725490196
31354	0.00392156862745098
31355	0.00392156862745098
31356	0.00784313725490196
31357	0.00784313725490196
31358	0.00784313725490196
31359	0.00392156862745098
31360	0.00392156862745098
31361	0.00392156862745098
31362	0.00784313725490196
31363	0.00784313725490196
31364	0.00784313725490196
31365	0.00392156862745098
31366	0.00392156862745098
31367	0.00392156862745098
31368	0.00392156862745098
31369	0.00392156862745098
31370	0.00392156862745098
31371	0.00392156862745098
31372	0.00392156862745098
31373	0.00392156862745098
31374	0.00392156862745098
31375	0.00392156862745098
31376	0.00392156862745098
31377	0.0
31378	0.0
31379	0.0
31380	0.00392156862745098
31381	0.00392156862745098
31382	0.00392156862745098
31383	0.00392156862745098
31384	0.00392156862745098
31385	0.00392156862745098
31386	0.00392156862745098
31387	0.00392156862745098
31388	0.00392156862745098
31389	0.00392156862745098
31390	0.00392156862745098
31391	0.00392156862745098
31392	0.0
31393	0.0
31394	0.0
31395	0.0
31396	0.0
31397	0.0
31398	0.0
31399	0.0
31400	0.0
31401	0.0
31402	0.0
31403	0.0
31404	0.0
31405	0.0
31406	0.0
31407	0.00392156862745098
31408	0.00392156862745098
31409	0.00392156862745098
31410	0.0
31411	0.0
31412	0.0
31413	0.0
31414	0.0
31415	0.0
31416	0.0
31417	0.0
31418	0.0
31419	0.0
31420	0.0
31421	0.0
31422	0.0
31423	0.0
31424	0.0
31425	0.0
31426	0.0
31427	0.0
31428	0.0
31429	0.0
31430	0.0
31431	0.0
31432	0.0
31433	0.0
31434	0.0
31435	0.0
31436	0.0
31437	0.00392156862745098
31438	0.00392156862745098
31439	0.00392156862745098
31440	0.0
31441	0.0
31442	0.0
31443	0.0
31444	0.0
31445	0.0
31446	0.0
31447	0.0
31448	0.0
31449	0.0
31450	0.0
31451	0.0
31452	0.0
31453	0.0
31454	0.0
31455	0.0
31456	0.0
31457	0.0
31458	0.0
31459	0.0
31460	0.0
31461	0.0
31462	0.0
31463	0.0
31464	0.00392156862745098
31465	0.00392156862745098
31466	0.00392156862745098
31467	0.0
31468	0.0
31469	0.0
31470	0.0
31471	0.0
31472	0.0
31473	0.0
31474	0.0
31475	0.0
31476	0.0
31477	0.0
31478	0.0
31479	0.0
31480	0.0
31481	0.0
31482	0.0
31483	0.0
31484	0.0
31485	0.0
31486	0.0
31487	0.0
31488	0.0
31489	0.0
31490	0.0
31491	0.0
31492	0.0
31493	0.0
31494	0.0
31495	0.0
31496	0.0
31497	0.0
31498	0.0
31499	0.0
31500	0.0
31501	0.0
31502	0.0
31503	0.0
31504	0.0
31505	0.0
31506	0.0
31507	0.0
31508	0.0
31509	0.0
31510	0.0
31511	0.0
31512	0.00392156862745098
31513	0.00392156862745098
31514	0.00392156862745098
31515	0.0
31516	0.0
31517	0.0
31518	0.0
31519	0.0
31520	0.0
31521	0.0
31522	0.0
31523	0.0
31524	0.0
31525	0.0
31526	0.0
31527	0.0
31528	0.0
31529	0.0
31530	0.0
31531	0.0
31532	0.0
31533	0.0
31534	0.0
31535	0.0
31536	0.00392156862745098
31537	0.00392156862745098
31538	0.00392156862745098
31539	0.0
31540	0.0
31541	0.0
31542	0.0
31543	0.0
31544	0.0
31545	0.00392156862745098
31546	0.00392156862745098
31547	0.00392156862745098
31548	0.0
31549	0.0
31550	0.0
31551	0.0
31552	0.0
31553	0.0
31554	0.0
31555	0.0
31556	0.0
31557	0.0
31558	0.0
31559	0.0
31560	0.0
31561	0.0
31562	0.0
31563	0.0
31564	0.0
31565	0.0
31566	0.0
31567	0.0
31568	0.0
31569	0.0
31570	0.0
31571	0.0
31572	0.0
31573	0.0
31574	0.0
31575	0.00392156862745098
31576	0.00392156862745098
31577	0.00392156862745098
31578	0.0
31579	0.0
31580	0.0
31581	0.0
31582	0.0
31583	0.0
31584	0.0
31585	0.0
31586	0.0
31587	0.0
31588	0.0
31589	0.0
31590	0.0
31591	0.0
31592	0.0
31593	0.0
31594	0.0
31595	0.0
31596	0.0
31597	0.0
31598	0.0
31599	0.0
31600	0.0
31601	0.0
31602	0.0
31603	0.0
31604	0.0
31605	0.00392156862745098
31606	0.00392156862745098
31607	0.00392156862745098
31608	0.011764705882352941
31609	0.00784313725490196
31610	0.00784313725490196
31611	0.00784313725490196
31612	0.00392156862745098
31613	0.00392156862745098
31614	0.0
31615	0.0
31616	0.0
31617	0.00392156862745098
31618	0.00392156862745098
31619	0.00392156862745098
31620	0.00392156862745098
31621	0.00392156862745098
31622	0.00392156862745098
31623	0.0
31624	0.0
31625	0.0
31626	0.00784313725490196
31627	0.00784313725490196
31628	0.00784313725490196
31629	0.00392156862745098
31630	0.00392156862745098
31631	0.00392156862745098
31632	0.0
31633	0.0
31634	0.0
31635	0.00392156862745098
31636	0.00392156862745098
31637	0.00392156862745098
31638	0.0
31639	0.0
31640	0.0
31641	0.00784313725490196
31642	0.00784313725490196
31643	0.00784313725490196
31644	0.0
31645	0.0
31646	0.0
31647	0.00392156862745098
31648	0.00392156862745098
31649	0.00392156862745098
31650	0.00392156862745098
31651	0.00392156862745098
31652	0.00392156862745098
31653	0.011764705882352941
31654	0.011764705882352941
31655	0.011764705882352941
31656	0.011764705882352941
31657	0.011764705882352941
31658	0.011764705882352941
31659	0.00784313725490196
31660	0.00784313725490196
31661	0.00784313725490196
31662	0.00392156862745098
31663	0.00392156862745098
31664	0.00392156862745098
31665	0.00392156862745098
31666	0.00392156862745098
31667	0.00392156862745098
31668	0.00392156862745098
31669	0.00392156862745098
31670	0.00392156862745098
31671	0.00392156862745098
31672	0.00392156862745098
31673	0.00392156862745098
31674	0.0
31675	0.0
31676	0.0
31677	0.0
31678	0.0
31679	0.0
31680	0.0
31681	0.0
31682	0.0
31683	0.0
31684	0.0
31685	0.0
31686	0.0
31687	0.0
31688	0.0
31689	0.0
31690	0.0
31691	0.0
31692	0.0
31693	0.0
31694	0.0
31695	0.0
31696	0.0
31697	0.0
31698	0.00392156862745098
31699	0.0
31700	0.00392156862745098
31701	0.0
31702	0.0
31703	0.0
31704	0.043137254901960784
31705	0.023529411764705882
31706	0.0
31707	0.047058823529411764
31708	0.027450980392156862
31709	0.00392156862745098
31710	0.01568627450980392
31711	0.00784313725490196
31712	0.00392156862745098
31713	0.00392156862745098
31714	0.00392156862745098
31715	0.00392156862745098
31716	0.00784313725490196
31717	0.00784313725490196
31718	0.00784313725490196
31719	0.00392156862745098
31720	0.00392156862745098
31721	0.00392156862745098
31722	0.00784313725490196
31723	0.00784313725490196
31724	0.00784313725490196
31725	0.00392156862745098
31726	0.00392156862745098
31727	0.00392156862745098
31728	0.00392156862745098
31729	0.00784313725490196
31730	0.0
31731	0.03137254901960784
31732	0.011764705882352941
31733	0.00784313725490196
31734	0.03529411764705882
31735	0.0196078431372549
31736	0.00392156862745098
31737	0.00392156862745098
31738	0.0
31739	0.0
31740	0.00392156862745098
31741	0.00392156862745098
31742	0.00392156862745098
31743	0.0
31744	0.0
31745	0.0
31746	0.00392156862745098
31747	0.00392156862745098
31748	0.00392156862745098
31749	0.0
31750	0.0
31751	0.0
31752	0.0
31753	0.0
31754	0.0
31755	0.0
31756	0.0
31757	0.0
31758	0.00392156862745098
31759	0.00392156862745098
31760	0.00392156862745098
31761	0.00392156862745098
31762	0.00392156862745098
31763	0.00392156862745098
31764	0.00392156862745098
31765	0.00392156862745098
31766	0.00392156862745098
31767	0.0
31768	0.0
31769	0.0
31770	0.00392156862745098
31771	0.00392156862745098
31772	0.00392156862745098
31773	0.00392156862745098
31774	0.00392156862745098
31775	0.00392156862745098
31776	0.0
31777	0.0
31778	0.0
31779	0.0
31780	0.0
31781	0.0
31782	0.0
31783	0.0
31784	0.0
31785	0.0
31786	0.0
31787	0.0
31788	0.0
31789	0.0
31790	0.0
31791	0.0
31792	0.0
31793	0.0
31794	0.0
31795	0.0
31796	0.0
31797	0.0
31798	0.0
31799	0.0
31800	0.0
31801	0.0
31802	0.0
31803	0.0
31804	0.0
31805	0.0
31806	0.0
31807	0.0
31808	0.0
31809	0.0
31810	0.0
31811	0.0
31812	0.0
31813	0.0
31814	0.0
31815	0.0
31816	0.0
31817	0.0
31818	0.0
31819	0.0
31820	0.0
31821	0.00392156862745098
31822	0.00392156862745098
31823	0.00392156862745098
31824	0.00392156862745098
31825	0.00392156862745098
31826	0.00392156862745098
31827	0.0
31828	0.0
31829	0.0
31830	0.0
31831	0.0
31832	0.0
31833	0.0
31834	0.0
31835	0.0
31836	0.0
31837	0.0
31838	0.0
31839	0.0
31840	0.0
31841	0.0
31842	0.0
31843	0.0
31844	0.0
31845	0.0
31846	0.0
31847	0.0
31848	0.00392156862745098
31849	0.00392156862745098
31850	0.00392156862745098
31851	0.0
31852	0.0
31853	0.0
31854	0.0
31855	0.0
31856	0.0
31857	0.0
31858	0.0
31859	0.0
31860	0.0
31861	0.0
31862	0.0
31863	0.0
31864	0.0
31865	0.0
31866	0.0
31867	0.0
31868	0.0
31869	0.0
31870	0.0
31871	0.0
31872	0.0
31873	0.0
31874	0.0
31875	0.0
31876	0.0
31877	0.0
31878	0.0
31879	0.0
31880	0.0
31881	0.0
31882	0.0
31883	0.0
31884	0.0
31885	0.0
31886	0.0
31887	0.0
31888	0.0
31889	0.0
31890	0.0
31891	0.0
31892	0.0
31893	0.0
31894	0.0
31895	0.0
31896	0.0
31897	0.0
31898	0.0
31899	0.0
31900	0.0
31901	0.0
31902	0.0
31903	0.0
31904	0.0
31905	0.0
31906	0.0
31907	0.0
31908	0.0
31909	0.0
31910	0.0
31911	0.0
31912	0.0
31913	0.0
31914	0.0
31915	0.0
31916	0.0
31917	0.0
31918	0.0
31919	0.0
31920	0.0
31921	0.0
31922	0.0
31923	0.0
31924	0.0
31925	0.0
31926	0.0
31927	0.0
31928	0.0
31929	0.0
31930	0.0
31931	0.0
31932	0.0
31933	0.0
31934	0.0
31935	0.0
31936	0.0
31937	0.0
31938	0.0
31939	0.0
31940	0.0
31941	0.0
31942	0.0
31943	0.0
31944	0.0
31945	0.0
31946	0.0
31947	0.0
31948	0.0
31949	0.0
31950	0.0
31951	0.0
31952	0.0
31953	0.0
31954	0.0
31955	0.0
31956	0.0
31957	0.0
31958	0.0
31959	0.0
31960	0.0
31961	0.0
31962	0.0
31963	0.0
31964	0.0
31965	0.0
31966	0.0
31967	0.0
31968	0.0
31969	0.0
31970	0.0
31971	0.0
31972	0.0
31973	0.0
31974	0.0
31975	0.0
31976	0.0
31977	0.0
31978	0.0
31979	0.0
31980	0.0
31981	0.0
31982	0.0
31983	0.00392156862745098
31984	0.00392156862745098
31985	0.00392156862745098
31986	0.00784313725490196
31987	0.00784313725490196
31988	0.00784313725490196
31989	0.00392156862745098
31990	0.00392156862745098
31991	0.00392156862745098
31992	0.00392156862745098
31993	0.00392156862745098
31994	0.00392156862745098
31995	0.00784313725490196
31996	0.00784313725490196
31997	0.00784313725490196
31998	0.00392156862745098
31999	0.00392156862745098
32000	0.00392156862745098
32001	0.0
32002	0.0
32003	0.0
32004	0.00392156862745098
32005	0.00392156862745098
32006	0.00392156862745098
32007	0.0
32008	0.0
32009	0.0
32010	0.0
32011	0.0
32012	0.0
32013	0.0
32014	0.0
32015	0.0
32016	0.00784313725490196
32017	0.00784313725490196
32018	0.00784313725490196
32019	0.00392156862745098
32020	0.00392156862745098
32021	0.00392156862745098
32022	0.0
32023	0.0
32024	0.0
32025	0.00392156862745098
32026	0.00392156862745098
32027	0.00392156862745098
32028	0.0
32029	0.0
32030	0.0
32031	0.00392156862745098
32032	0.00392156862745098
32033	0.00392156862745098
32034	0.00392156862745098
32035	0.00392156862745098
32036	0.00392156862745098
32037	0.00392156862745098
32038	0.00392156862745098
32039	0.00392156862745098
32040	0.00392156862745098
32041	0.00392156862745098
32042	0.00392156862745098
32043	0.0
32044	0.0
32045	0.0
32046	0.0
32047	0.0
32048	0.0
32049	0.0
32050	0.0
32051	0.0
32052	0.00392156862745098
32053	0.00392156862745098
32054	0.00392156862745098
32055	0.0
32056	0.0
32057	0.0
32058	0.0
32059	0.0
32060	0.0
32061	0.0
32062	0.0
32063	0.0
32064	0.00392156862745098
32065	0.00392156862745098
32066	0.00392156862745098
32067	0.00392156862745098
32068	0.00392156862745098
32069	0.00392156862745098
32070	0.0
32071	0.0
32072	0.0
32073	0.0
32074	0.0
32075	0.0
32076	0.011764705882352941
32077	0.00784313725490196
32078	0.0
32079	0.011764705882352941
32080	0.00784313725490196
32081	0.00392156862745098
32082	0.0196078431372549
32083	0.00784313725490196
32084	0.00784313725490196
32085	0.03137254901960784
32086	0.0196078431372549
32087	0.00784313725490196
32088	0.050980392156862744
32089	0.027450980392156862
32090	0.00392156862745098
32091	0.027450980392156862
32092	0.01568627450980392
32093	0.00392156862745098
32094	0.01568627450980392
32095	0.00784313725490196
32096	0.00392156862745098
32097	0.00392156862745098
32098	0.00392156862745098
32099	0.00392156862745098
32100	0.00784313725490196
32101	0.00784313725490196
32102	0.00784313725490196
32103	0.0
32104	0.0
32105	0.0
32106	0.00392156862745098
32107	0.00392156862745098
32108	0.00392156862745098
32109	0.0
32110	0.0
32111	0.0
32112	0.0
32113	0.00392156862745098
32114	0.00392156862745098
32115	0.023529411764705882
32116	0.011764705882352941
32117	0.00392156862745098
32118	0.043137254901960784
32119	0.0196078431372549
32120	0.00784313725490196
32121	0.03137254901960784
32122	0.01568627450980392
32123	0.023529411764705882
32124	0.023529411764705882
32125	0.01568627450980392
32126	0.027450980392156862
32127	0.00784313725490196
32128	0.00784313725490196
32129	0.00784313725490196
32130	0.00392156862745098
32131	0.00392156862745098
32132	0.00392156862745098
32133	0.00392156862745098
32134	0.00392156862745098
32135	0.00392156862745098
32136	0.00392156862745098
32137	0.00392156862745098
32138	0.00392156862745098
32139	0.0
32140	0.0
32141	0.0
32142	0.00392156862745098
32143	0.00392156862745098
32144	0.00392156862745098
32145	0.00392156862745098
32146	0.00392156862745098
32147	0.00392156862745098
32148	0.0
32149	0.0
32150	0.0
32151	0.00392156862745098
32152	0.00392156862745098
32153	0.00392156862745098
32154	0.00392156862745098
32155	0.00392156862745098
32156	0.00392156862745098
32157	0.0
32158	0.0
32159	0.0
32160	0.0
32161	0.0
32162	0.0
32163	0.00392156862745098
32164	0.00392156862745098
32165	0.00392156862745098
32166	0.0
32167	0.0
32168	0.0
32169	0.0
32170	0.0
32171	0.0
32172	0.0
32173	0.0
32174	0.0
32175	0.0
32176	0.0
32177	0.0
32178	0.0
32179	0.0
32180	0.0
32181	0.0
32182	0.0
32183	0.0
32184	0.0
32185	0.0
32186	0.0
32187	0.0
32188	0.0
32189	0.0
32190	0.0
32191	0.0
32192	0.0
32193	0.0
32194	0.0
32195	0.0
32196	0.0
32197	0.0
32198	0.0
32199	0.0
32200	0.0
32201	0.0
32202	0.0
32203	0.0
32204	0.0
32205	0.0
32206	0.0
32207	0.0
32208	0.0
32209	0.0
32210	0.0
32211	0.0
32212	0.0
32213	0.0
32214	0.0
32215	0.0
32216	0.0
32217	0.00392156862745098
32218	0.00392156862745098
32219	0.00392156862745098
32220	0.00392156862745098
32221	0.00392156862745098
32222	0.00392156862745098
32223	0.0
32224	0.0
32225	0.0
32226	0.0
32227	0.0
32228	0.0
32229	0.00392156862745098
32230	0.00392156862745098
32231	0.00392156862745098
32232	0.0
32233	0.0
32234	0.0
32235	0.0
32236	0.0
32237	0.0
32238	0.0
32239	0.0
32240	0.0
32241	0.0
32242	0.0
32243	0.0
32244	0.0
32245	0.0
32246	0.0
32247	0.0
32248	0.0
32249	0.0
32250	0.0
32251	0.0
32252	0.0
32253	0.0
32254	0.0
32255	0.0
32256	0.0
32257	0.0
32258	0.0
32259	0.0
32260	0.0
32261	0.0
32262	0.0
32263	0.0
32264	0.0
32265	0.0
32266	0.0
32267	0.0
32268	0.0
32269	0.0
32270	0.0
32271	0.00392156862745098
32272	0.00392156862745098
32273	0.00392156862745098
32274	0.0
32275	0.0
32276	0.0
32277	0.0
32278	0.0
32279	0.0
32280	0.0
32281	0.0
32282	0.0
32283	0.0
32284	0.0
32285	0.0
32286	0.0
32287	0.0
32288	0.0
32289	0.0
32290	0.0
32291	0.0
32292	0.0
32293	0.0
32294	0.0
32295	0.0
32296	0.0
32297	0.0
32298	0.0
32299	0.0
32300	0.0
32301	0.0
32302	0.0
32303	0.0
32304	0.0
32305	0.0
32306	0.0
32307	0.0
32308	0.0
32309	0.0
32310	0.0
32311	0.0
32312	0.0
32313	0.0
32314	0.0
32315	0.0
32316	0.0
32317	0.0
32318	0.0
32319	0.0
32320	0.0
32321	0.0
32322	0.0
32323	0.0
32324	0.0
32325	0.0
32326	0.0
32327	0.0
32328	0.0
32329	0.0
32330	0.0
32331	0.0
32332	0.0
32333	0.0
32334	0.0
32335	0.0
32336	0.0
32337	0.0
32338	0.0
32339	0.0
32340	0.0
32341	0.0
32342	0.0
32343	0.0
32344	0.0
32345	0.0
32346	0.0
32347	0.0
32348	0.0
32349	0.0
32350	0.0
32351	0.0
32352	0.00392156862745098
32353	0.00392156862745098
32354	0.00392156862745098
32355	0.0
32356	0.0
32357	0.0
32358	0.0
32359	0.0
32360	0.0
32361	0.0
32362	0.0
32363	0.0
32364	0.0
32365	0.0
32366	0.0
32367	0.00784313725490196
32368	0.00784313725490196
32369	0.00784313725490196
32370	0.00392156862745098
32371	0.00392156862745098
32372	0.00392156862745098
32373	0.00784313725490196
32374	0.00784313725490196
32375	0.00784313725490196
32376	0.00784313725490196
32377	0.00784313725490196
32378	0.00784313725490196
32379	0.00784313725490196
32380	0.00784313725490196
32381	0.00784313725490196
32382	0.00392156862745098
32383	0.00392156862745098
32384	0.00392156862745098
32385	0.00392156862745098
32386	0.00392156862745098
32387	0.00392156862745098
32388	0.00392156862745098
32389	0.00392156862745098
32390	0.00392156862745098
32391	0.00392156862745098
32392	0.00392156862745098
32393	0.00392156862745098
32394	0.0
32395	0.0
32396	0.0
32397	0.00392156862745098
32398	0.00392156862745098
32399	0.00392156862745098
32400	0.00784313725490196
32401	0.011764705882352941
32402	0.011764705882352941
32403	0.0
32404	0.0
32405	0.0
32406	0.0
32407	0.0
32408	0.0
32409	0.00784313725490196
32410	0.00784313725490196
32411	0.00784313725490196
32412	0.00392156862745098
32413	0.00392156862745098
32414	0.00392156862745098
32415	0.00392156862745098
32416	0.00392156862745098
32417	0.00392156862745098
32418	0.00784313725490196
32419	0.00784313725490196
32420	0.00784313725490196
32421	0.00784313725490196
32422	0.00784313725490196
32423	0.00784313725490196
32424	0.00392156862745098
32425	0.00392156862745098
32426	0.00392156862745098
32427	0.00392156862745098
32428	0.00392156862745098
32429	0.00392156862745098
32430	0.0
32431	0.0
32432	0.0
32433	0.0
32434	0.0
32435	0.0
32436	0.0
32437	0.0
32438	0.0
32439	0.0
32440	0.0
32441	0.0
32442	0.0
32443	0.0
32444	0.0
32445	0.0
32446	0.0
32447	0.0
32448	0.00392156862745098
32449	0.00392156862745098
32450	0.00392156862745098
32451	0.0
32452	0.0
32453	0.0
32454	0.0
32455	0.0
32456	0.0
32457	0.0
32458	0.0
32459	0.0
32460	0.01568627450980392
32461	0.00784313725490196
32462	0.0
32463	0.027450980392156862
32464	0.011764705882352941
32465	0.011764705882352941
32466	0.03529411764705882
32467	0.0196078431372549
32468	0.0196078431372549
32469	0.06274509803921569
32470	0.03529411764705882
32471	0.01568627450980392
32472	0.03137254901960784
32473	0.0196078431372549
32474	0.011764705882352941
32475	0.03529411764705882
32476	0.01568627450980392
32477	0.00784313725490196
32478	0.00784313725490196
32479	0.00392156862745098
32480	0.00392156862745098
32481	0.00392156862745098
32482	0.00392156862745098
32483	0.00392156862745098
32484	0.00392156862745098
32485	0.00392156862745098
32486	0.00392156862745098
32487	0.00392156862745098
32488	0.00392156862745098
32489	0.00392156862745098
32490	0.0
32491	0.0
32492	0.0
32493	0.0
32494	0.0
32495	0.0
32496	0.00784313725490196
32497	0.0
32498	0.0
32499	0.027450980392156862
32500	0.01568627450980392
32501	0.0
32502	0.023529411764705882
32503	0.00784313725490196
32504	0.00784313725490196
32505	0.03529411764705882
32506	0.023529411764705882
32507	0.0196078431372549
32508	0.043137254901960784
32509	0.0196078431372549
32510	0.027450980392156862
32511	0.011764705882352941
32512	0.00784313725490196
32513	0.011764705882352941
32514	0.00392156862745098
32515	0.00392156862745098
32516	0.0
32517	0.0
32518	0.0
32519	0.0
32520	0.0
32521	0.0
32522	0.0
32523	0.0
32524	0.0
32525	0.0
32526	0.0
32527	0.0
32528	0.0
32529	0.0
32530	0.0
32531	0.0
32532	0.00392156862745098
32533	0.00392156862745098
32534	0.00392156862745098
32535	0.00392156862745098
32536	0.00392156862745098
32537	0.00784313725490196
32538	0.0
32539	0.0
32540	0.0
32541	0.0
32542	0.0
32543	0.0
32544	0.0
32545	0.0
32546	0.0
32547	0.0
32548	0.0
32549	0.0
32550	0.00784313725490196
32551	0.00784313725490196
32552	0.00784313725490196
32553	0.0
32554	0.0
32555	0.0
32556	0.0
32557	0.0
32558	0.0
32559	0.00392156862745098
32560	0.00392156862745098
32561	0.00392156862745098
32562	0.0
32563	0.0
32564	0.0
32565	0.0
32566	0.0
32567	0.0
32568	0.0
32569	0.0
32570	0.0
32571	0.0
32572	0.0
32573	0.0
32574	0.0
32575	0.0
32576	0.0
32577	0.0
32578	0.0
32579	0.0
32580	0.0
32581	0.0
32582	0.0
32583	0.0
32584	0.0
32585	0.0
32586	0.0
32587	0.0
32588	0.0
32589	0.0
32590	0.0
32591	0.0
32592	0.0
32593	0.0
32594	0.0
32595	0.0
32596	0.0
32597	0.0
32598	0.0
32599	0.0
32600	0.0
32601	0.0
32602	0.0
32603	0.0
32604	0.0
32605	0.0
32606	0.0
32607	0.0
32608	0.0
32609	0.0
32610	0.0
32611	0.0
32612	0.0
32613	0.00392156862745098
32614	0.00392156862745098
32615	0.00392156862745098
32616	0.0
32617	0.0
32618	0.0
32619	0.0
32620	0.0
32621	0.0
32622	0.0
32623	0.0
32624	0.0
32625	0.0
32626	0.0
32627	0.0
32628	0.0
32629	0.0
32630	0.0
32631	0.0
32632	0.0
32633	0.0
32634	0.0
32635	0.0
32636	0.0
32637	0.0
32638	0.0
32639	0.0
32640	0.0
32641	0.0
32642	0.0
32643	0.0
32644	0.0
32645	0.0
32646	0.0
32647	0.0
32648	0.0
32649	0.0
32650	0.0
32651	0.0
32652	0.0
32653	0.0
32654	0.0
32655	0.0
32656	0.0
32657	0.0
32658	0.0
32659	0.0
32660	0.0
32661	0.0
32662	0.0
32663	0.0
32664	0.0
32665	0.0
32666	0.0
32667	0.0
32668	0.0
32669	0.0
32670	0.0
32671	0.0
32672	0.0
32673	0.0
32674	0.0
32675	0.0
32676	0.0
32677	0.0
32678	0.0
32679	0.0
32680	0.0
32681	0.0
32682	0.0
32683	0.0
32684	0.0
32685	0.0
32686	0.0
32687	0.0
32688	0.0
32689	0.0
32690	0.0
32691	0.0
32692	0.0
32693	0.0
32694	0.0
32695	0.0
32696	0.0
32697	0.0
32698	0.0
32699	0.0
32700	0.0
32701	0.0
32702	0.0
32703	0.0
32704	0.0
32705	0.0
32706	0.0
32707	0.0
32708	0.0
32709	0.0
32710	0.0
32711	0.0
32712	0.0
32713	0.0
32714	0.0
32715	0.0
32716	0.0
32717	0.0
32718	0.0
32719	0.0
32720	0.0
32721	0.0
32722	0.0
32723	0.0
32724	0.0
32725	0.0
32726	0.0
32727	0.0
32728	0.0
32729	0.0
32730	0.0
32731	0.0
32732	0.0
32733	0.0
32734	0.0
32735	0.0
32736	0.0
32737	0.0
32738	0.0
32739	0.0
32740	0.0
32741	0.0
32742	0.0
32743	0.0
32744	0.0
32745	0.0
32746	0.0
32747	0.0
32748	0.0
32749	0.0
32750	0.0
32751	0.0
32752	0.0
32753	0.0
32754	0.0
32755	0.0
32756	0.0
32757	0.00392156862745098
32758	0.00392156862745098
32759	0.00392156862745098
32760	0.0
32761	0.0
32762	0.0
32763	0.00392156862745098
32764	0.00392156862745098
32765	0.00392156862745098
32766	0.00392156862745098
32767	0.00392156862745098
32768	0.00392156862745098
32769	0.00392156862745098
32770	0.00392156862745098
32771	0.00392156862745098
32772	0.0
32773	0.0
32774	0.0
32775	0.0
32776	0.0
32777	0.0
32778	0.0
32779	0.0
32780	0.0
32781	0.0
32782	0.0
32783	0.0
32784	0.0
32785	0.0
32786	0.0
32787	0.0
32788	0.0
32789	0.0
32790	0.0
32791	0.0
32792	0.0
32793	0.0
32794	0.0
32795	0.00392156862745098
32796	0.00784313725490196
32797	0.00784313725490196
32798	0.00784313725490196
32799	0.00392156862745098
32800	0.00392156862745098
32801	0.00392156862745098
32802	0.00392156862745098
32803	0.00392156862745098
32804	0.00392156862745098
32805	0.0
32806	0.0
32807	0.0
32808	0.00392156862745098
32809	0.00392156862745098
32810	0.00392156862745098
32811	0.00784313725490196
32812	0.00784313725490196
32813	0.00784313725490196
32814	0.00784313725490196
32815	0.00784313725490196
32816	0.00784313725490196
32817	0.00392156862745098
32818	0.00392156862745098
32819	0.00392156862745098
32820	0.00784313725490196
32821	0.011764705882352941
32822	0.011764705882352941
32823	0.00392156862745098
32824	0.00392156862745098
32825	0.00392156862745098
32826	0.0
32827	0.0
32828	0.0
32829	0.0
32830	0.0
32831	0.0
32832	0.00392156862745098
32833	0.00392156862745098
32834	0.00392156862745098
32835	0.0
32836	0.0
32837	0.0
32838	0.0
32839	0.0
32840	0.0
32841	0.00392156862745098
32842	0.00392156862745098
32843	0.00392156862745098
32844	0.011764705882352941
32845	0.00392156862745098
32846	0.0
32847	0.023529411764705882
32848	0.011764705882352941
32849	0.00784313725490196
32850	0.054901960784313725
32851	0.03137254901960784
32852	0.023529411764705882
32853	0.027450980392156862
32854	0.011764705882352941
32855	0.01568627450980392
32856	0.0196078431372549
32857	0.011764705882352941
32858	0.011764705882352941
32859	0.0196078431372549
32860	0.00784313725490196
32861	0.00784313725490196
32862	0.00784313725490196
32863	0.00392156862745098
32864	0.00392156862745098
32865	0.0
32866	0.0
32867	0.0
32868	0.00392156862745098
32869	0.00392156862745098
32870	0.00392156862745098
32871	0.00784313725490196
32872	0.00784313725490196
32873	0.00784313725490196
32874	0.01568627450980392
32875	0.01568627450980392
32876	0.01568627450980392
32877	0.00392156862745098
32878	0.00392156862745098
32879	0.00392156862745098
32880	0.00784313725490196
32881	0.00784313725490196
32882	0.011764705882352941
32883	0.01568627450980392
32884	0.011764705882352941
32885	0.00784313725490196
32886	0.011764705882352941
32887	0.00392156862745098
32888	0.00784313725490196
32889	0.027450980392156862
32890	0.00784313725490196
32891	0.0196078431372549
32892	0.03137254901960784
32893	0.00784313725490196
32894	0.03137254901960784
32895	0.011764705882352941
32896	0.00784313725490196
32897	0.011764705882352941
32898	0.0
32899	0.0
32900	0.0
32901	0.0
32902	0.0
32903	0.0
32904	0.0
32905	0.0
32906	0.0
32907	0.0
32908	0.0
32909	0.0
32910	0.00392156862745098
32911	0.00392156862745098
32912	0.00392156862745098
32913	0.00392156862745098
32914	0.00392156862745098
32915	0.00392156862745098
32916	0.0
32917	0.0
32918	0.0
32919	0.0
32920	0.0
32921	0.0
32922	0.0
32923	0.0
32924	0.0
32925	0.0
32926	0.0
32927	0.0
32928	0.0
32929	0.0
32930	0.0
32931	0.0
32932	0.0
32933	0.0
32934	0.0
32935	0.0
32936	0.0
32937	0.0
32938	0.0
32939	0.0
32940	0.0
32941	0.0
32942	0.0
32943	0.0
32944	0.0
32945	0.0
32946	0.0
32947	0.0
32948	0.0
32949	0.0
32950	0.0
32951	0.0
32952	0.0
32953	0.0
32954	0.0
32955	0.0
32956	0.0
32957	0.0
32958	0.0
32959	0.0
32960	0.0
32961	0.0
32962	0.0
32963	0.0
32964	0.0
32965	0.0
32966	0.0
32967	0.0
32968	0.0
32969	0.0
32970	0.00392156862745098
32971	0.00392156862745098
32972	0.00392156862745098
32973	0.0
32974	0.0
32975	0.0
32976	0.0
32977	0.0
32978	0.0
32979	0.0
32980	0.0
32981	0.0
32982	0.0
32983	0.0
32984	0.0
32985	0.0
32986	0.0
32987	0.0
32988	0.0
32989	0.0
32990	0.0
32991	0.0
32992	0.0
32993	0.0
32994	0.0
32995	0.0
32996	0.0
32997	0.0
32998	0.0
32999	0.0
33000	0.0
33001	0.0
33002	0.0
33003	0.0
33004	0.0
33005	0.0
33006	0.0
33007	0.0
33008	0.0
33009	0.0
33010	0.0
33011	0.0
33012	0.0
33013	0.0
33014	0.0
33015	0.00392156862745098
33016	0.00392156862745098
33017	0.00392156862745098
33018	0.00392156862745098
33019	0.00392156862745098
33020	0.00392156862745098
33021	0.00392156862745098
33022	0.00392156862745098
33023	0.00392156862745098
33024	0.0
33025	0.0
33026	0.0
33027	0.0
33028	0.0
33029	0.0
33030	0.0
33031	0.0
33032	0.0
33033	0.0
33034	0.0
33035	0.0
33036	0.0
33037	0.0
33038	0.0
33039	0.0
33040	0.0
33041	0.0
33042	0.0
33043	0.0
33044	0.0
33045	0.0
33046	0.0
33047	0.0
33048	0.0
33049	0.0
33050	0.0
33051	0.0
33052	0.0
33053	0.0
33054	0.0
33055	0.0
33056	0.0
33057	0.0
33058	0.0
33059	0.0
33060	0.00392156862745098
33061	0.00392156862745098
33062	0.00392156862745098
33063	0.0
33064	0.0
33065	0.0
33066	0.0
33067	0.0
33068	0.0
33069	0.0
33070	0.0
33071	0.0
33072	0.0
33073	0.0
33074	0.0
33075	0.0
33076	0.0
33077	0.0
33078	0.0
33079	0.0
33080	0.0
33081	0.0
33082	0.0
33083	0.0
33084	0.0
33085	0.0
33086	0.0
33087	0.0
33088	0.0
33089	0.0
33090	0.0
33091	0.0
33092	0.0
33093	0.0
33094	0.0
33095	0.0
33096	0.0
33097	0.0
33098	0.0
33099	0.0
33100	0.0
33101	0.0
33102	0.0
33103	0.0
33104	0.0
33105	0.0
33106	0.0
33107	0.0
33108	0.0
33109	0.0
33110	0.0
33111	0.0
33112	0.0
33113	0.0
33114	0.0
33115	0.0
33116	0.0
33117	0.0
33118	0.0
33119	0.0
33120	0.0
33121	0.0
33122	0.0
33123	0.0
33124	0.0
33125	0.0
33126	0.0
33127	0.0
33128	0.0
33129	0.0
33130	0.0
33131	0.0
33132	0.0
33133	0.0
33134	0.0
33135	0.0
33136	0.0
33137	0.0
33138	0.0
33139	0.0
33140	0.0
33141	0.00392156862745098
33142	0.00392156862745098
33143	0.00392156862745098
33144	0.00392156862745098
33145	0.00392156862745098
33146	0.00392156862745098
33147	0.0
33148	0.0
33149	0.0
33150	0.00392156862745098
33151	0.00392156862745098
33152	0.00392156862745098
33153	0.00784313725490196
33154	0.00784313725490196
33155	0.00784313725490196
33156	0.00392156862745098
33157	0.00392156862745098
33158	0.00392156862745098
33159	0.0
33160	0.0
33161	0.0
33162	0.0
33163	0.0
33164	0.0
33165	0.0
33166	0.0
33167	0.0
33168	0.0
33169	0.0
33170	0.0
33171	0.0
33172	0.0
33173	0.0
33174	0.00392156862745098
33175	0.00392156862745098
33176	0.0
33177	0.00392156862745098
33178	0.00392156862745098
33179	0.00392156862745098
33180	0.00392156862745098
33181	0.00392156862745098
33182	0.00392156862745098
33183	0.00392156862745098
33184	0.00392156862745098
33185	0.00392156862745098
33186	0.00392156862745098
33187	0.00392156862745098
33188	0.00392156862745098
33189	0.0
33190	0.0
33191	0.0
33192	0.00392156862745098
33193	0.00392156862745098
33194	0.00392156862745098
33195	0.00392156862745098
33196	0.00392156862745098
33197	0.00392156862745098
33198	0.00392156862745098
33199	0.00392156862745098
33200	0.00392156862745098
33201	0.00392156862745098
33202	0.00392156862745098
33203	0.00392156862745098
33204	0.00392156862745098
33205	0.00784313725490196
33206	0.00784313725490196
33207	0.00392156862745098
33208	0.00392156862745098
33209	0.00392156862745098
33210	0.0
33211	0.0
33212	0.0
33213	0.0
33214	0.0
33215	0.0
33216	0.00392156862745098
33217	0.00392156862745098
33218	0.00392156862745098
33219	0.0
33220	0.0
33221	0.0
33222	0.0
33223	0.0
33224	0.0
33225	0.00392156862745098
33226	0.00392156862745098
33227	0.00392156862745098
33228	0.011764705882352941
33229	0.00784313725490196
33230	0.0
33231	0.011764705882352941
33232	0.00784313725490196
33233	0.00784313725490196
33234	0.03137254901960784
33235	0.0196078431372549
33236	0.00392156862745098
33237	0.023529411764705882
33238	0.01568627450980392
33239	0.011764705882352941
33240	0.0196078431372549
33241	0.00784313725490196
33242	0.00784313725490196
33243	0.00784313725490196
33244	0.00392156862745098
33245	0.011764705882352941
33246	0.00392156862745098
33247	0.00392156862745098
33248	0.011764705882352941
33249	0.0
33250	0.0
33251	0.0
33252	0.00392156862745098
33253	0.00392156862745098
33254	0.00392156862745098
33255	0.011764705882352941
33256	0.011764705882352941
33257	0.011764705882352941
33258	0.00784313725490196
33259	0.00784313725490196
33260	0.00784313725490196
33261	0.011764705882352941
33262	0.011764705882352941
33263	0.011764705882352941
33264	0.01568627450980392
33265	0.011764705882352941
33266	0.00784313725490196
33267	0.01568627450980392
33268	0.00784313725490196
33269	0.00392156862745098
33270	0.011764705882352941
33271	0.01568627450980392
33272	0.011764705882352941
33273	0.023529411764705882
33274	0.011764705882352941
33275	0.0196078431372549
33276	0.027450980392156862
33277	0.011764705882352941
33278	0.0196078431372549
33279	0.00784313725490196
33280	0.011764705882352941
33281	0.011764705882352941
33282	0.0
33283	0.0
33284	0.0
33285	0.0
33286	0.0
33287	0.0
33288	0.00392156862745098
33289	0.00392156862745098
33290	0.00392156862745098
33291	0.0
33292	0.0
33293	0.0
33294	0.0
33295	0.00392156862745098
33296	0.0
33297	0.00784313725490196
33298	0.00784313725490196
33299	0.00392156862745098
33300	0.0
33301	0.0
33302	0.0
33303	0.0
33304	0.0
33305	0.0
33306	0.0
33307	0.0
33308	0.0
33309	0.00392156862745098
33310	0.00392156862745098
33311	0.00392156862745098
33312	0.0
33313	0.0
33314	0.0
33315	0.0
33316	0.0
33317	0.0
33318	0.0
33319	0.0
33320	0.0
33321	0.0
33322	0.0
33323	0.0
33324	0.0
33325	0.0
33326	0.0
33327	0.0
33328	0.0
33329	0.0
33330	0.0
33331	0.0
33332	0.0
33333	0.0
33334	0.0
33335	0.0
33336	0.0
33337	0.0
33338	0.0
33339	0.0
33340	0.0
33341	0.0
33342	0.0
33343	0.0
33344	0.0
33345	0.0
33346	0.0
33347	0.0
33348	0.0
33349	0.0
33350	0.0
33351	0.0
33352	0.0
33353	0.0
33354	0.0
33355	0.0
33356	0.0
33357	0.0
33358	0.0
33359	0.0
33360	0.0
33361	0.0
33362	0.0
33363	0.0
33364	0.0
33365	0.0
33366	0.00392156862745098
33367	0.00392156862745098
33368	0.00392156862745098
33369	0.0
33370	0.0
33371	0.0
33372	0.0
33373	0.0
33374	0.0
33375	0.0
33376	0.0
33377	0.0
33378	0.0
33379	0.0
33380	0.0
33381	0.0
33382	0.0
33383	0.0
33384	0.0
33385	0.0
33386	0.0
33387	0.0
33388	0.0
33389	0.0
33390	0.0
33391	0.0
33392	0.0
33393	0.0
33394	0.0
33395	0.0
33396	0.0
33397	0.0
33398	0.0
33399	0.0
33400	0.0
33401	0.0
33402	0.0
33403	0.0
33404	0.0
33405	0.0
33406	0.0
33407	0.0
33408	0.00784313725490196
33409	0.00784313725490196
33410	0.00784313725490196
33411	0.011764705882352941
33412	0.011764705882352941
33413	0.011764705882352941
33414	0.00392156862745098
33415	0.00392156862745098
33416	0.00392156862745098
33417	0.0
33418	0.0
33419	0.0
33420	0.0
33421	0.0
33422	0.0
33423	0.0
33424	0.0
33425	0.0
33426	0.0
33427	0.0
33428	0.0
33429	0.0
33430	0.0
33431	0.0
33432	0.0
33433	0.0
33434	0.0
33435	0.0
33436	0.0
33437	0.0
33438	0.0
33439	0.0
33440	0.0
33441	0.0
33442	0.0
33443	0.0
33444	0.0
33445	0.0
33446	0.0
33447	0.0
33448	0.0
33449	0.0
33450	0.00392156862745098
33451	0.00392156862745098
33452	0.00392156862745098
33453	0.0
33454	0.0
33455	0.0
33456	0.0
33457	0.0
33458	0.0
33459	0.0
33460	0.0
33461	0.0
33462	0.0
33463	0.0
33464	0.0
33465	0.0
33466	0.0
33467	0.0
33468	0.0
33469	0.0
33470	0.0
33471	0.0
33472	0.0
33473	0.0
33474	0.0
33475	0.0
33476	0.0
33477	0.0
33478	0.0
33479	0.0
33480	0.0
33481	0.0
33482	0.0
33483	0.00392156862745098
33484	0.00392156862745098
33485	0.00392156862745098
33486	0.0
33487	0.0
33488	0.0
33489	0.0
33490	0.0
33491	0.0
33492	0.0
33493	0.0
33494	0.0
33495	0.0
33496	0.0
33497	0.0
33498	0.0
33499	0.0
33500	0.0
33501	0.0
33502	0.0
33503	0.0
33504	0.0
33505	0.0
33506	0.0
33507	0.0
33508	0.0
33509	0.0
33510	0.0
33511	0.0
33512	0.0
33513	0.0
33514	0.0
33515	0.0
33516	0.0
33517	0.0
33518	0.0
33519	0.0
33520	0.0
33521	0.0
33522	0.0
33523	0.0
33524	0.0
33525	0.00392156862745098
33526	0.00392156862745098
33527	0.00392156862745098
33528	0.00392156862745098
33529	0.00392156862745098
33530	0.00392156862745098
33531	0.0
33532	0.0
33533	0.0
33534	0.0
33535	0.0
33536	0.0
33537	0.00392156862745098
33538	0.00392156862745098
33539	0.00392156862745098
33540	0.0
33541	0.0
33542	0.0
33543	0.0
33544	0.0
33545	0.0
33546	0.0
33547	0.0
33548	0.0
33549	0.00392156862745098
33550	0.00392156862745098
33551	0.00392156862745098
33552	0.0
33553	0.0
33554	0.0
33555	0.0
33556	0.0
33557	0.0
33558	0.00784313725490196
33559	0.00784313725490196
33560	0.00784313725490196
33561	0.011764705882352941
33562	0.011764705882352941
33563	0.011764705882352941
33564	0.011764705882352941
33565	0.011764705882352941
33566	0.011764705882352941
33567	0.00784313725490196
33568	0.00784313725490196
33569	0.00784313725490196
33570	0.00392156862745098
33571	0.00392156862745098
33572	0.00392156862745098
33573	0.011764705882352941
33574	0.011764705882352941
33575	0.011764705882352941
33576	0.00392156862745098
33577	0.00392156862745098
33578	0.00392156862745098
33579	0.00784313725490196
33580	0.00784313725490196
33581	0.00784313725490196
33582	0.00392156862745098
33583	0.00392156862745098
33584	0.00392156862745098
33585	0.0
33586	0.0
33587	0.0
33588	0.0
33589	0.0
33590	0.0
33591	0.00392156862745098
33592	0.00392156862745098
33593	0.00392156862745098
33594	0.0
33595	0.0
33596	0.0
33597	0.0
33598	0.0
33599	0.0
33600	0.0
33601	0.0
33602	0.0
33603	0.00392156862745098
33604	0.00392156862745098
33605	0.00392156862745098
33606	0.00784313725490196
33607	0.00784313725490196
33608	0.00784313725490196
33609	0.00392156862745098
33610	0.00392156862745098
33611	0.00392156862745098
33612	0.0
33613	0.0
33614	0.0
33615	0.0
33616	0.0
33617	0.0
33618	0.00392156862745098
33619	0.0
33620	0.00392156862745098
33621	0.00784313725490196
33622	0.00784313725490196
33623	0.00784313725490196
33624	0.00392156862745098
33625	0.00392156862745098
33626	0.0
33627	0.011764705882352941
33628	0.011764705882352941
33629	0.01568627450980392
33630	0.00784313725490196
33631	0.00784313725490196
33632	0.011764705882352941
33633	0.00392156862745098
33634	0.00392156862745098
33635	0.00392156862745098
33636	0.00392156862745098
33637	0.00392156862745098
33638	0.00392156862745098
33639	0.00392156862745098
33640	0.00392156862745098
33641	0.00392156862745098
33642	0.00392156862745098
33643	0.00392156862745098
33644	0.00392156862745098
33645	0.00392156862745098
33646	0.00392156862745098
33647	0.00392156862745098
33648	0.0
33649	0.0
33650	0.0
33651	0.00392156862745098
33652	0.00392156862745098
33653	0.00392156862745098
33654	0.00392156862745098
33655	0.00392156862745098
33656	0.00392156862745098
33657	0.00392156862745098
33658	0.0
33659	0.00392156862745098
33660	0.00784313725490196
33661	0.00784313725490196
33662	0.00392156862745098
33663	0.00392156862745098
33664	0.00392156862745098
33665	0.00392156862745098
33666	0.0
33667	0.0
33668	0.0
33669	0.0
33670	0.0
33671	0.0
33672	0.00392156862745098
33673	0.00392156862745098
33674	0.00392156862745098
33675	0.00784313725490196
33676	0.00784313725490196
33677	0.00784313725490196
33678	0.0
33679	0.0
33680	0.0
33681	0.00392156862745098
33682	0.00392156862745098
33683	0.00392156862745098
33684	0.0
33685	0.0
33686	0.0
33687	0.0
33688	0.0
33689	0.0
33690	0.0
33691	0.0
33692	0.0
33693	0.0
33694	0.0
33695	0.0
33696	0.0
33697	0.0
33698	0.0
33699	0.0
33700	0.0
33701	0.0
33702	0.0
33703	0.0
33704	0.0
33705	0.0
33706	0.0
33707	0.0
33708	0.0
33709	0.0
33710	0.0
33711	0.0
33712	0.0
33713	0.0
33714	0.00392156862745098
33715	0.00392156862745098
33716	0.00392156862745098
33717	0.0
33718	0.0
33719	0.0
33720	0.0
33721	0.0
33722	0.0
33723	0.00392156862745098
33724	0.00392156862745098
33725	0.00392156862745098
33726	0.0
33727	0.0
33728	0.0
33729	0.0
33730	0.0
33731	0.0
33732	0.0
33733	0.0
33734	0.0
33735	0.00392156862745098
33736	0.00392156862745098
33737	0.00392156862745098
33738	0.00392156862745098
33739	0.00392156862745098
33740	0.00392156862745098
33741	0.0
33742	0.0
33743	0.0
33744	0.0
33745	0.0
33746	0.0
33747	0.00392156862745098
33748	0.00392156862745098
33749	0.00392156862745098
33750	0.00392156862745098
33751	0.00392156862745098
33752	0.00392156862745098
33753	0.0
33754	0.0
33755	0.0
33756	0.0
33757	0.0
33758	0.0
33759	0.0
33760	0.0
33761	0.0
33762	0.0
33763	0.0
33764	0.0
33765	0.00392156862745098
33766	0.00392156862745098
33767	0.00392156862745098
33768	0.0
33769	0.0
33770	0.0
33771	0.0
33772	0.0
33773	0.0
33774	0.0
33775	0.0
33776	0.0
33777	0.0
33778	0.0
33779	0.0
33780	0.0
33781	0.0
33782	0.0
33783	0.0
33784	0.0
33785	0.0
33786	0.0
33787	0.0
33788	0.0
33789	0.0
33790	0.0
33791	0.0
33792	0.00784313725490196
33793	0.00784313725490196
33794	0.00784313725490196
33795	0.00392156862745098
33796	0.00392156862745098
33797	0.00392156862745098
33798	0.00392156862745098
33799	0.00392156862745098
33800	0.00392156862745098
33801	0.0
33802	0.0
33803	0.0
33804	0.0
33805	0.0
33806	0.0
33807	0.0
33808	0.0
33809	0.0
33810	0.0
33811	0.0
33812	0.0
33813	0.0
33814	0.0
33815	0.0
33816	0.0
33817	0.0
33818	0.0
33819	0.0
33820	0.0
33821	0.0
33822	0.0
33823	0.0
33824	0.0
33825	0.00392156862745098
33826	0.00392156862745098
33827	0.00392156862745098
33828	0.0
33829	0.0
33830	0.0
33831	0.0
33832	0.0
33833	0.0
33834	0.0
33835	0.0
33836	0.0
33837	0.0
33838	0.0
33839	0.0
33840	0.0
33841	0.0
33842	0.0
33843	0.0
33844	0.0
33845	0.0
33846	0.0
33847	0.0
33848	0.0
33849	0.0
33850	0.0
33851	0.0
33852	0.00392156862745098
33853	0.00392156862745098
33854	0.00392156862745098
33855	0.0
33856	0.0
33857	0.0
33858	0.0
33859	0.0
33860	0.0
33861	0.0
33862	0.0
33863	0.0
33864	0.0
33865	0.0
33866	0.0
33867	0.00392156862745098
33868	0.00392156862745098
33869	0.00392156862745098
33870	0.00784313725490196
33871	0.00784313725490196
33872	0.00784313725490196
33873	0.0
33874	0.0
33875	0.0
33876	0.00392156862745098
33877	0.00392156862745098
33878	0.00392156862745098
33879	0.00392156862745098
33880	0.00392156862745098
33881	0.00392156862745098
33882	0.0
33883	0.0
33884	0.0
33885	0.0
33886	0.0
33887	0.0
33888	0.0
33889	0.0
33890	0.0
33891	0.0
33892	0.0
33893	0.0
33894	0.0
33895	0.0
33896	0.0
33897	0.0
33898	0.0
33899	0.0
33900	0.0
33901	0.0
33902	0.0
33903	0.0
33904	0.0
33905	0.0
33906	0.0
33907	0.0
33908	0.0
33909	0.00392156862745098
33910	0.00392156862745098
33911	0.00392156862745098
33912	0.00392156862745098
33913	0.00392156862745098
33914	0.00392156862745098
33915	0.00392156862745098
33916	0.00392156862745098
33917	0.00392156862745098
33918	0.0
33919	0.0
33920	0.0
33921	0.00392156862745098
33922	0.00392156862745098
33923	0.00392156862745098
33924	0.00784313725490196
33925	0.00784313725490196
33926	0.00784313725490196
33927	0.00392156862745098
33928	0.00392156862745098
33929	0.00392156862745098
33930	0.00392156862745098
33931	0.00392156862745098
33932	0.00392156862745098
33933	0.00784313725490196
33934	0.00784313725490196
33935	0.00784313725490196
33936	0.00392156862745098
33937	0.00392156862745098
33938	0.00392156862745098
33939	0.00392156862745098
33940	0.00392156862745098
33941	0.00392156862745098
33942	0.00784313725490196
33943	0.00784313725490196
33944	0.00784313725490196
33945	0.00392156862745098
33946	0.00392156862745098
33947	0.00392156862745098
33948	0.00784313725490196
33949	0.00784313725490196
33950	0.00784313725490196
33951	0.00392156862745098
33952	0.00392156862745098
33953	0.00392156862745098
33954	0.00392156862745098
33955	0.00392156862745098
33956	0.00392156862745098
33957	0.00392156862745098
33958	0.00392156862745098
33959	0.00392156862745098
33960	0.00392156862745098
33961	0.00392156862745098
33962	0.00392156862745098
33963	0.00392156862745098
33964	0.00392156862745098
33965	0.00392156862745098
33966	0.00392156862745098
33967	0.00392156862745098
33968	0.00392156862745098
33969	0.0
33970	0.0
33971	0.0
33972	0.0
33973	0.0
33974	0.0
33975	0.00392156862745098
33976	0.00392156862745098
33977	0.00392156862745098
33978	0.00392156862745098
33979	0.00392156862745098
33980	0.00392156862745098
33981	0.0
33982	0.0
33983	0.0
33984	0.0
33985	0.0
33986	0.0
33987	0.00392156862745098
33988	0.00392156862745098
33989	0.00392156862745098
33990	0.00784313725490196
33991	0.00784313725490196
33992	0.00784313725490196
33993	0.00784313725490196
33994	0.00784313725490196
33995	0.00784313725490196
33996	0.0
33997	0.0
33998	0.0
33999	0.00392156862745098
34000	0.00392156862745098
34001	0.00392156862745098
34002	0.0
34003	0.0
34004	0.0
34005	0.00392156862745098
34006	0.00392156862745098
34007	0.00392156862745098
34008	0.00392156862745098
34009	0.00784313725490196
34010	0.0196078431372549
34011	0.01568627450980392
34012	0.01568627450980392
34013	0.0196078431372549
34014	0.00784313725490196
34015	0.00784313725490196
34016	0.00392156862745098
34017	0.00392156862745098
34018	0.00392156862745098
34019	0.00392156862745098
34020	0.00392156862745098
34021	0.00392156862745098
34022	0.00392156862745098
34023	0.00784313725490196
34024	0.00784313725490196
34025	0.00784313725490196
34026	0.00392156862745098
34027	0.00392156862745098
34028	0.00392156862745098
34029	0.0
34030	0.0
34031	0.0
34032	0.0
34033	0.0
34034	0.0
34035	0.0
34036	0.0
34037	0.0
34038	0.00784313725490196
34039	0.00784313725490196
34040	0.00784313725490196
34041	0.00392156862745098
34042	0.00392156862745098
34043	0.00392156862745098
34044	0.00784313725490196
34045	0.00784313725490196
34046	0.00784313725490196
34047	0.00784313725490196
34048	0.00784313725490196
34049	0.00784313725490196
34050	0.00392156862745098
34051	0.00392156862745098
34052	0.00392156862745098
34053	0.0
34054	0.0
34055	0.0
34056	0.00392156862745098
34057	0.00392156862745098
34058	0.00392156862745098
34059	0.011764705882352941
34060	0.011764705882352941
34061	0.011764705882352941
34062	0.0
34063	0.0
34064	0.0
34065	0.00392156862745098
34066	0.00392156862745098
34067	0.00392156862745098
34068	0.0
34069	0.0
34070	0.0
34071	0.0
34072	0.0
34073	0.0
34074	0.0
34075	0.0
34076	0.0
34077	0.0
34078	0.0
34079	0.0
34080	0.0
34081	0.0
34082	0.0
34083	0.0
34084	0.0
34085	0.0
34086	0.0
34087	0.0
34088	0.0
34089	0.0
34090	0.0
34091	0.0
34092	0.0
34093	0.0
34094	0.0
34095	0.0
34096	0.0
34097	0.0
34098	0.0
34099	0.0
34100	0.0
34101	0.0
34102	0.0
34103	0.0
34104	0.0
34105	0.0
34106	0.0
34107	0.0
34108	0.0
34109	0.0
34110	0.0
34111	0.0
34112	0.0
34113	0.0
34114	0.0
34115	0.0
34116	0.0
34117	0.0
34118	0.0
34119	0.00392156862745098
34120	0.00392156862745098
34121	0.00392156862745098
34122	0.00392156862745098
34123	0.00392156862745098
34124	0.00392156862745098
34125	0.0
34126	0.0
34127	0.0
34128	0.0
34129	0.0
34130	0.0
34131	0.0
34132	0.0
34133	0.0
34134	0.00392156862745098
34135	0.00392156862745098
34136	0.00392156862745098
34137	0.0
34138	0.0
34139	0.0
34140	0.0
34141	0.0
34142	0.0
34143	0.0
34144	0.0
34145	0.0
34146	0.0
34147	0.0
34148	0.0
34149	0.0
34150	0.0
34151	0.0
34152	0.0
34153	0.0
34154	0.0
34155	0.0
34156	0.0
34157	0.0
34158	0.0
34159	0.0
34160	0.0
34161	0.0
34162	0.0
34163	0.0
34164	0.0
34165	0.0
34166	0.0
34167	0.0
34168	0.0
34169	0.0
34170	0.0
34171	0.0
34172	0.0
34173	0.0
34174	0.0
34175	0.0
34176	0.0
34177	0.0
34178	0.0
34179	0.0
34180	0.0
34181	0.0
34182	0.0
34183	0.0
34184	0.0
34185	0.0
34186	0.0
34187	0.0
34188	0.0
34189	0.0
34190	0.0
34191	0.00784313725490196
34192	0.00784313725490196
34193	0.00784313725490196
34194	0.00392156862745098
34195	0.00392156862745098
34196	0.00392156862745098
34197	0.00392156862745098
34198	0.00392156862745098
34199	0.00392156862745098
34200	0.00392156862745098
34201	0.00392156862745098
34202	0.00392156862745098
34203	0.0
34204	0.0
34205	0.0
34206	0.0
34207	0.0
34208	0.0
34209	0.00784313725490196
34210	0.00784313725490196
34211	0.00784313725490196
34212	0.00392156862745098
34213	0.00392156862745098
34214	0.00392156862745098
34215	0.0
34216	0.0
34217	0.0
34218	0.0
34219	0.0
34220	0.0
34221	0.0
34222	0.0
34223	0.0
34224	0.0
34225	0.0
34226	0.0
34227	0.0
34228	0.0
34229	0.0
34230	0.0
34231	0.0
34232	0.0
34233	0.0
34234	0.0
34235	0.0
34236	0.00392156862745098
34237	0.00392156862745098
34238	0.00392156862745098
34239	0.0
34240	0.0
34241	0.0
34242	0.0
34243	0.0
34244	0.0
34245	0.0
34246	0.0
34247	0.0
34248	0.0
34249	0.0
34250	0.0
34251	0.0
34252	0.0
34253	0.0
34254	0.0
34255	0.0
34256	0.0
34257	0.0
34258	0.0
34259	0.0
34260	0.00392156862745098
34261	0.00392156862745098
34262	0.00392156862745098
34263	0.00392156862745098
34264	0.00392156862745098
34265	0.00392156862745098
34266	0.0
34267	0.0
34268	0.0
34269	0.0
34270	0.0
34271	0.0
34272	0.0
34273	0.0
34274	0.0
34275	0.0
34276	0.0
34277	0.0
34278	0.0
34279	0.0
34280	0.0
34281	0.0
34282	0.0
34283	0.0
34284	0.0
34285	0.0
34286	0.0
34287	0.0
34288	0.0
34289	0.0
34290	0.0
34291	0.0
34292	0.0
34293	0.00392156862745098
34294	0.00392156862745098
34295	0.00392156862745098
34296	0.0
34297	0.0
34298	0.0
34299	0.0
34300	0.0
34301	0.0
34302	0.0
34303	0.0
34304	0.0
34305	0.0
34306	0.0
34307	0.0
34308	0.00392156862745098
34309	0.00392156862745098
34310	0.00392156862745098
34311	0.00784313725490196
34312	0.00784313725490196
34313	0.00784313725490196
34314	0.00392156862745098
34315	0.00392156862745098
34316	0.00392156862745098
34317	0.00392156862745098
34318	0.00392156862745098
34319	0.00392156862745098
34320	0.0
34321	0.0
34322	0.0
34323	0.00392156862745098
34324	0.00392156862745098
34325	0.00392156862745098
34326	0.00784313725490196
34327	0.00784313725490196
34328	0.00784313725490196
34329	0.0
34330	0.0
34331	0.0
34332	0.0
34333	0.0
34334	0.0
34335	0.00784313725490196
34336	0.00784313725490196
34337	0.00784313725490196
34338	0.0
34339	0.0
34340	0.0
34341	0.00392156862745098
34342	0.00392156862745098
34343	0.00392156862745098
34344	0.00392156862745098
34345	0.00392156862745098
34346	0.00392156862745098
34347	0.00392156862745098
34348	0.00392156862745098
34349	0.00392156862745098
34350	0.00392156862745098
34351	0.00392156862745098
34352	0.00392156862745098
34353	0.00392156862745098
34354	0.00392156862745098
34355	0.00392156862745098
34356	0.00392156862745098
34357	0.00392156862745098
34358	0.00392156862745098
34359	0.00784313725490196
34360	0.00784313725490196
34361	0.00784313725490196
34362	0.0
34363	0.0
34364	0.0
34365	0.0
34366	0.0
34367	0.0
34368	0.0
34369	0.0
34370	0.0
34371	0.0
34372	0.0
34373	0.0
34374	0.0
34375	0.0
34376	0.0
34377	0.00784313725490196
34378	0.00784313725490196
34379	0.00784313725490196
34380	0.00392156862745098
34381	0.00392156862745098
34382	0.00392156862745098
34383	0.00392156862745098
34384	0.00392156862745098
34385	0.00392156862745098
34386	0.00392156862745098
34387	0.00392156862745098
34388	0.00392156862745098
34389	0.0
34390	0.00392156862745098
34391	0.00392156862745098
34392	0.0
34393	0.00392156862745098
34394	0.0196078431372549
34395	0.00392156862745098
34396	0.00392156862745098
34397	0.023529411764705882
34398	0.00392156862745098
34399	0.00392156862745098
34400	0.011764705882352941
34401	0.00392156862745098
34402	0.00392156862745098
34403	0.0
34404	0.00392156862745098
34405	0.00392156862745098
34406	0.00392156862745098
34407	0.00392156862745098
34408	0.00392156862745098
34409	0.00392156862745098
34410	0.0
34411	0.0
34412	0.0
34413	0.0
34414	0.0
34415	0.0
34416	0.0
34417	0.0
34418	0.0
34419	0.0
34420	0.0
34421	0.0
34422	0.0
34423	0.0
34424	0.0
34425	0.0
34426	0.0
34427	0.0
34428	0.00392156862745098
34429	0.00392156862745098
34430	0.00392156862745098
34431	0.00784313725490196
34432	0.00784313725490196
34433	0.00784313725490196
34434	0.00784313725490196
34435	0.00784313725490196
34436	0.00784313725490196
34437	0.0
34438	0.0
34439	0.0
34440	0.0
34441	0.0
34442	0.0
34443	0.011764705882352941
34444	0.011764705882352941
34445	0.011764705882352941
34446	0.00392156862745098
34447	0.00392156862745098
34448	0.00392156862745098
34449	0.00392156862745098
34450	0.00392156862745098
34451	0.00392156862745098
34452	0.00392156862745098
34453	0.00392156862745098
34454	0.00392156862745098
34455	0.0
34456	0.0
34457	0.0
34458	0.0
34459	0.0
34460	0.0
34461	0.00392156862745098
34462	0.00392156862745098
34463	0.00392156862745098
34464	0.00392156862745098
34465	0.00392156862745098
34466	0.00392156862745098
34467	0.0
34468	0.0
34469	0.0
34470	0.0
34471	0.0
34472	0.0
34473	0.0
34474	0.0
34475	0.0
34476	0.0
34477	0.0
34478	0.0
34479	0.0
34480	0.0
34481	0.0
34482	0.0
34483	0.0
34484	0.0
34485	0.0
34486	0.0
34487	0.0
34488	0.0
34489	0.0
34490	0.0
34491	0.0
34492	0.0
34493	0.0
34494	0.0
34495	0.0
34496	0.0
34497	0.0
34498	0.0
34499	0.0
34500	0.0
34501	0.0
34502	0.0
34503	0.0
34504	0.0
34505	0.0
34506	0.0
34507	0.0
34508	0.0
34509	0.0
34510	0.0
34511	0.0
34512	0.0
34513	0.0
34514	0.0
34515	0.0
34516	0.0
34517	0.0
34518	0.0
34519	0.0
34520	0.0
34521	0.0
34522	0.0
34523	0.0
34524	0.0
34525	0.0
34526	0.0
34527	0.0
34528	0.0
34529	0.0
34530	0.00392156862745098
34531	0.00392156862745098
34532	0.00392156862745098
34533	0.0
34534	0.0
34535	0.0
34536	0.0
34537	0.0
34538	0.0
34539	0.00392156862745098
34540	0.00392156862745098
34541	0.00392156862745098
34542	0.00784313725490196
34543	0.00784313725490196
34544	0.00784313725490196
34545	0.00392156862745098
34546	0.00392156862745098
34547	0.00392156862745098
34548	0.0
34549	0.0
34550	0.0
34551	0.0
34552	0.0
34553	0.0
34554	0.00392156862745098
34555	0.00392156862745098
34556	0.00392156862745098
34557	0.00392156862745098
34558	0.00392156862745098
34559	0.00392156862745098
34560	0.0
34561	0.0
34562	0.0
34563	0.0
34564	0.0
34565	0.0
34566	0.00392156862745098
34567	0.00392156862745098
34568	0.00392156862745098
34569	0.0
34570	0.0
34571	0.0
34572	0.0
34573	0.0
34574	0.0
34575	0.0
34576	0.0
34577	0.0
34578	0.0
34579	0.0
34580	0.0
34581	0.0
34582	0.0
34583	0.0
34584	0.00392156862745098
34585	0.00392156862745098
34586	0.00392156862745098
34587	0.0
34588	0.0
34589	0.0
34590	0.0
34591	0.0
34592	0.0
34593	0.00392156862745098
34594	0.00392156862745098
34595	0.00392156862745098
34596	0.0
34597	0.0
34598	0.0
34599	0.0
34600	0.0
34601	0.0
34602	0.0
34603	0.0
34604	0.0
34605	0.0
34606	0.0
34607	0.0
34608	0.00392156862745098
34609	0.00392156862745098
34610	0.00392156862745098
34611	0.0
34612	0.0
34613	0.0
34614	0.0
34615	0.0
34616	0.0
34617	0.0
34618	0.0
34619	0.0
34620	0.0
34621	0.0
34622	0.0
34623	0.0
34624	0.0
34625	0.0
34626	0.0
34627	0.0
34628	0.0
34629	0.0
34630	0.0
34631	0.0
34632	0.0
34633	0.0
34634	0.0
34635	0.0
34636	0.0
34637	0.0
34638	0.0
34639	0.0
34640	0.0
34641	0.0
34642	0.0
34643	0.0
34644	0.0
34645	0.0
34646	0.0
34647	0.00784313725490196
34648	0.00784313725490196
34649	0.00784313725490196
34650	0.0
34651	0.0
34652	0.0
34653	0.0
34654	0.0
34655	0.0
34656	0.0
34657	0.0
34658	0.0
34659	0.0
34660	0.0
34661	0.0
34662	0.0
34663	0.0
34664	0.0
34665	0.0
34666	0.0
34667	0.0
34668	0.0
34669	0.0
34670	0.0
34671	0.0
34672	0.0
34673	0.0
34674	0.0
34675	0.0
34676	0.0
34677	0.0
34678	0.0
34679	0.0
34680	0.0
34681	0.0
34682	0.0
34683	0.0
34684	0.0
34685	0.0
34686	0.00392156862745098
34687	0.00392156862745098
34688	0.00392156862745098
34689	0.0
34690	0.0
34691	0.0
34692	0.00392156862745098
34693	0.00392156862745098
34694	0.00392156862745098
34695	0.00392156862745098
34696	0.00392156862745098
34697	0.00392156862745098
34698	0.00392156862745098
34699	0.00392156862745098
34700	0.00392156862745098
34701	0.00392156862745098
34702	0.00392156862745098
34703	0.00392156862745098
34704	0.00392156862745098
34705	0.00392156862745098
34706	0.00392156862745098
34707	0.00392156862745098
34708	0.00392156862745098
34709	0.00392156862745098
34710	0.00392156862745098
34711	0.00392156862745098
34712	0.00392156862745098
34713	0.00392156862745098
34714	0.00392156862745098
34715	0.00392156862745098
34716	0.0
34717	0.0
34718	0.0
34719	0.00392156862745098
34720	0.00392156862745098
34721	0.00392156862745098
34722	0.0
34723	0.0
34724	0.0
34725	0.00784313725490196
34726	0.00784313725490196
34727	0.00784313725490196
34728	0.00392156862745098
34729	0.00392156862745098
34730	0.00392156862745098
34731	0.00392156862745098
34732	0.00392156862745098
34733	0.00392156862745098
34734	0.00392156862745098
34735	0.00392156862745098
34736	0.00392156862745098
34737	0.00392156862745098
34738	0.00392156862745098
34739	0.011764705882352941
34740	0.00392156862745098
34741	0.00392156862745098
34742	0.00392156862745098
34743	0.00392156862745098
34744	0.00392156862745098
34745	0.00392156862745098
34746	0.00392156862745098
34747	0.00392156862745098
34748	0.00392156862745098
34749	0.0
34750	0.0
34751	0.0
34752	0.0
34753	0.0
34754	0.0
34755	0.0
34756	0.0
34757	0.0
34758	0.0
34759	0.0
34760	0.0
34761	0.0
34762	0.0
34763	0.0
34764	0.0
34765	0.0
34766	0.0
34767	0.00392156862745098
34768	0.00392156862745098
34769	0.00392156862745098
34770	0.00392156862745098
34771	0.00392156862745098
34772	0.00392156862745098
34773	0.0
34774	0.0
34775	0.0
34776	0.00392156862745098
34777	0.00784313725490196
34778	0.00784313725490196
34779	0.00392156862745098
34780	0.0
34781	0.011764705882352941
34782	0.0
34783	0.0
34784	0.00392156862745098
34785	0.0
34786	0.0
34787	0.0
34788	0.00392156862745098
34789	0.00392156862745098
34790	0.00392156862745098
34791	0.00392156862745098
34792	0.00392156862745098
34793	0.00392156862745098
34794	0.0
34795	0.0
34796	0.0
34797	0.0
34798	0.0
34799	0.0
34800	0.0
34801	0.0
34802	0.0
34803	0.0
34804	0.0
34805	0.0
34806	0.00392156862745098
34807	0.00392156862745098
34808	0.00392156862745098
34809	0.00392156862745098
34810	0.00392156862745098
34811	0.00392156862745098
34812	0.011764705882352941
34813	0.011764705882352941
34814	0.011764705882352941
34815	0.011764705882352941
34816	0.011764705882352941
34817	0.011764705882352941
34818	0.00392156862745098
34819	0.00392156862745098
34820	0.00392156862745098
34821	0.00392156862745098
34822	0.00392156862745098
34823	0.00392156862745098
34824	0.00392156862745098
34825	0.00392156862745098
34826	0.00392156862745098
34827	0.00392156862745098
34828	0.00392156862745098
34829	0.00392156862745098
34830	0.00392156862745098
34831	0.00392156862745098
34832	0.00392156862745098
34833	0.00392156862745098
34834	0.00392156862745098
34835	0.00392156862745098
34836	0.00392156862745098
34837	0.00392156862745098
34838	0.00392156862745098
34839	0.0
34840	0.0
34841	0.0
34842	0.00392156862745098
34843	0.00392156862745098
34844	0.00392156862745098
34845	0.00392156862745098
34846	0.00392156862745098
34847	0.00392156862745098
34848	0.0
34849	0.0
34850	0.0
34851	0.0
34852	0.0
34853	0.0
34854	0.0
34855	0.0
34856	0.0
34857	0.0
34858	0.0
34859	0.0
34860	0.0
34861	0.0
34862	0.0
34863	0.0
34864	0.0
34865	0.0
34866	0.0
34867	0.0
34868	0.0
34869	0.0
34870	0.0
34871	0.0
34872	0.0
34873	0.0
34874	0.0
34875	0.0
34876	0.0
34877	0.0
34878	0.0
34879	0.0
34880	0.0
34881	0.0
34882	0.0
34883	0.0
34884	0.0
34885	0.0
34886	0.0
34887	0.00392156862745098
34888	0.00392156862745098
34889	0.00392156862745098
34890	0.0
34891	0.0
34892	0.0
34893	0.0
34894	0.0
34895	0.0
34896	0.0
34897	0.0
34898	0.0
34899	0.0
34900	0.0
34901	0.0
34902	0.0
34903	0.0
34904	0.0
34905	0.0
34906	0.0
34907	0.0
34908	0.0
34909	0.0
34910	0.0
34911	0.0
34912	0.0
34913	0.0
34914	0.0
34915	0.0
34916	0.0
34917	0.0
34918	0.0
34919	0.0
34920	0.0
34921	0.0
34922	0.0
34923	0.00392156862745098
34924	0.00392156862745098
34925	0.00392156862745098
34926	0.0
34927	0.0
34928	0.0
34929	0.0
34930	0.0
34931	0.0
34932	0.0
34933	0.0
34934	0.0
34935	0.0
34936	0.0
34937	0.0
34938	0.00392156862745098
34939	0.00392156862745098
34940	0.00392156862745098
34941	0.00392156862745098
34942	0.00392156862745098
34943	0.00392156862745098
34944	0.0
34945	0.0
34946	0.0
34947	0.0
34948	0.0
34949	0.0
34950	0.0
34951	0.0
34952	0.0
34953	0.0
34954	0.0
34955	0.0
34956	0.0
34957	0.0
34958	0.0
34959	0.0
34960	0.0
34961	0.0
34962	0.0
34963	0.0
34964	0.0
34965	0.0
34966	0.0
34967	0.0
34968	0.00392156862745098
34969	0.00392156862745098
34970	0.00392156862745098
34971	0.0
34972	0.0
34973	0.0
34974	0.0
34975	0.0
34976	0.0
34977	0.0
34978	0.0
34979	0.0
34980	0.0
34981	0.0
34982	0.0
34983	0.00392156862745098
34984	0.00392156862745098
34985	0.00392156862745098
34986	0.0
34987	0.0
34988	0.0
34989	0.00392156862745098
34990	0.00392156862745098
34991	0.00392156862745098
34992	0.0
34993	0.0
34994	0.0
34995	0.0
34996	0.0
34997	0.0
34998	0.0
34999	0.0
35000	0.0
35001	0.0
35002	0.0
35003	0.0
35004	0.0
35005	0.0
35006	0.0
35007	0.0
35008	0.0
35009	0.0
35010	0.0
35011	0.0
35012	0.0
35013	0.0
35014	0.0
35015	0.0
35016	0.0
35017	0.0
35018	0.0
35019	0.0
35020	0.0
35021	0.0
35022	0.0
35023	0.0
35024	0.0
35025	0.0
35026	0.0
35027	0.0
35028	0.0
35029	0.0
35030	0.0
35031	0.0
35032	0.0
35033	0.0
35034	0.0
35035	0.0
35036	0.0
35037	0.0
35038	0.0
35039	0.0
35040	0.0
35041	0.0
35042	0.0
35043	0.0
35044	0.0
35045	0.0
35046	0.0
35047	0.0
35048	0.0
35049	0.0
35050	0.0
35051	0.0
35052	0.0
35053	0.0
35054	0.0
35055	0.0
35056	0.0
35057	0.0
35058	0.0
35059	0.0
35060	0.0
35061	0.0
35062	0.0
35063	0.0
35064	0.0
35065	0.0
35066	0.0
35067	0.00392156862745098
35068	0.00392156862745098
35069	0.00392156862745098
35070	0.0
35071	0.0
35072	0.0
35073	0.00392156862745098
35074	0.00392156862745098
35075	0.00392156862745098
35076	0.00784313725490196
35077	0.00784313725490196
35078	0.00784313725490196
35079	0.00392156862745098
35080	0.00392156862745098
35081	0.00392156862745098
35082	0.0
35083	0.0
35084	0.0
35085	0.00392156862745098
35086	0.00392156862745098
35087	0.00392156862745098
35088	0.0
35089	0.0
35090	0.0
35091	0.00784313725490196
35092	0.00784313725490196
35093	0.00784313725490196
35094	0.0
35095	0.0
35096	0.0
35097	0.00392156862745098
35098	0.00392156862745098
35099	0.00392156862745098
35100	0.0
35101	0.0
35102	0.0
35103	0.0
35104	0.0
35105	0.0
35106	0.0
35107	0.0
35108	0.0
35109	0.0
35110	0.0
35111	0.0
35112	0.00392156862745098
35113	0.00392156862745098
35114	0.00392156862745098
35115	0.00392156862745098
35116	0.00392156862745098
35117	0.00392156862745098
35118	0.0
35119	0.0
35120	0.0
35121	0.0
35122	0.0
35123	0.0
35124	0.00392156862745098
35125	0.00392156862745098
35126	0.00392156862745098
35127	0.00392156862745098
35128	0.00392156862745098
35129	0.00392156862745098
35130	0.00392156862745098
35131	0.00392156862745098
35132	0.00392156862745098
35133	0.0
35134	0.0
35135	0.0
35136	0.0
35137	0.0
35138	0.0
35139	0.00392156862745098
35140	0.00392156862745098
35141	0.00392156862745098
35142	0.00784313725490196
35143	0.00784313725490196
35144	0.00784313725490196
35145	0.00784313725490196
35146	0.00784313725490196
35147	0.00784313725490196
35148	0.0
35149	0.0
35150	0.0
35151	0.0
35152	0.0
35153	0.0
35154	0.0
35155	0.0
35156	0.0
35157	0.0
35158	0.0
35159	0.0
35160	0.00392156862745098
35161	0.00392156862745098
35162	0.00392156862745098
35163	0.00392156862745098
35164	0.00392156862745098
35165	0.00392156862745098
35166	0.0
35167	0.0
35168	0.0
35169	0.0
35170	0.0
35171	0.0
35172	0.0
35173	0.0
35174	0.0
35175	0.00392156862745098
35176	0.00392156862745098
35177	0.00392156862745098
35178	0.00392156862745098
35179	0.00392156862745098
35180	0.00392156862745098
35181	0.0
35182	0.0
35183	0.0
35184	0.0
35185	0.0
35186	0.0
35187	0.00392156862745098
35188	0.00392156862745098
35189	0.00392156862745098
35190	0.00392156862745098
35191	0.00392156862745098
35192	0.00392156862745098
35193	0.00392156862745098
35194	0.00392156862745098
35195	0.00392156862745098
35196	0.00392156862745098
35197	0.00392156862745098
35198	0.00392156862745098
35199	0.00392156862745098
35200	0.00392156862745098
35201	0.00392156862745098
35202	0.00392156862745098
35203	0.00392156862745098
35204	0.00392156862745098
35205	0.00392156862745098
35206	0.00392156862745098
35207	0.00392156862745098
35208	0.0
35209	0.0
35210	0.0
35211	0.0
35212	0.0
35213	0.0
35214	0.0
35215	0.0
35216	0.0
35217	0.00784313725490196
35218	0.00784313725490196
35219	0.00784313725490196
35220	0.00392156862745098
35221	0.00392156862745098
35222	0.00392156862745098
35223	0.0
35224	0.0
35225	0.0
35226	0.0
35227	0.0
35228	0.0
35229	0.0
35230	0.0
35231	0.0
35232	0.0
35233	0.0
35234	0.0
35235	0.0
35236	0.0
35237	0.0
35238	0.0
35239	0.0
35240	0.0
35241	0.0
35242	0.0
35243	0.0
35244	0.0
35245	0.0
35246	0.0
35247	0.0
35248	0.0
35249	0.0
35250	0.0
35251	0.0
35252	0.0
35253	0.0
35254	0.0
35255	0.0
35256	0.0
35257	0.0
35258	0.0
35259	0.0
35260	0.0
35261	0.0
35262	0.0
35263	0.0
35264	0.0
35265	0.0
35266	0.0
35267	0.0
35268	0.00784313725490196
35269	0.00784313725490196
35270	0.00784313725490196
35271	0.00392156862745098
35272	0.00392156862745098
35273	0.00392156862745098
35274	0.00392156862745098
35275	0.00392156862745098
35276	0.00392156862745098
35277	0.0
35278	0.0
35279	0.0
35280	0.00392156862745098
35281	0.00392156862745098
35282	0.00392156862745098
35283	0.00392156862745098
35284	0.00392156862745098
35285	0.00392156862745098
35286	0.0
35287	0.0
35288	0.0
35289	0.0
35290	0.0
35291	0.0
35292	0.0
35293	0.0
35294	0.0
35295	0.0
35296	0.0
35297	0.0
35298	0.0
35299	0.0
35300	0.0
35301	0.0
35302	0.0
35303	0.0
35304	0.0
35305	0.0
35306	0.0
35307	0.0
35308	0.0
35309	0.0
35310	0.0
35311	0.0
35312	0.0
35313	0.0
35314	0.0
35315	0.0
35316	0.0
35317	0.0
35318	0.0
35319	0.0
35320	0.0
35321	0.0
35322	0.0
35323	0.0
35324	0.0
35325	0.00392156862745098
35326	0.00392156862745098
35327	0.00392156862745098
35328	0.0
35329	0.0
35330	0.0
35331	0.0
35332	0.0
35333	0.0
35334	0.0
35335	0.0
35336	0.0
35337	0.0
35338	0.0
35339	0.0
35340	0.0
35341	0.0
35342	0.0
35343	0.0
35344	0.0
35345	0.0
35346	0.0
35347	0.0
35348	0.0
35349	0.00392156862745098
35350	0.00392156862745098
35351	0.00392156862745098
35352	0.0
35353	0.0
35354	0.0
35355	0.0
35356	0.0
35357	0.0
35358	0.0
35359	0.0
35360	0.0
35361	0.0
35362	0.0
35363	0.0
35364	0.0
35365	0.0
35366	0.0
35367	0.0
35368	0.0
35369	0.0
35370	0.00392156862745098
35371	0.00392156862745098
35372	0.00392156862745098
35373	0.0
35374	0.0
35375	0.0
35376	0.00392156862745098
35377	0.00392156862745098
35378	0.00392156862745098
35379	0.0
35380	0.0
35381	0.0
35382	0.0
35383	0.0
35384	0.0
35385	0.0
35386	0.0
35387	0.0
35388	0.0
35389	0.0
35390	0.0
35391	0.00392156862745098
35392	0.00392156862745098
35393	0.00392156862745098
35394	0.0
35395	0.0
35396	0.0
35397	0.0
35398	0.0
35399	0.0
35400	0.00392156862745098
35401	0.00392156862745098
35402	0.00392156862745098
35403	0.00392156862745098
35404	0.00392156862745098
35405	0.00392156862745098
35406	0.0
35407	0.0
35408	0.0
35409	0.0
35410	0.0
35411	0.0
35412	0.0
35413	0.0
35414	0.0
35415	0.0
35416	0.0
35417	0.0
35418	0.0
35419	0.0
35420	0.0
35421	0.0
35422	0.0
35423	0.0
35424	0.0
35425	0.0
35426	0.0
35427	0.0
35428	0.0
35429	0.0
35430	0.0
35431	0.0
35432	0.0
35433	0.0
35434	0.0
35435	0.0
35436	0.0
35437	0.0
35438	0.0
35439	0.0
35440	0.0
35441	0.0
35442	0.0
35443	0.0
35444	0.0
35445	0.0
35446	0.0
35447	0.0
35448	0.0
35449	0.0
35450	0.0
35451	0.0
35452	0.0
35453	0.0
35454	0.0
35455	0.0
35456	0.0
35457	0.0
35458	0.0
35459	0.0
35460	0.00392156862745098
35461	0.00392156862745098
35462	0.00392156862745098
35463	0.00392156862745098
35464	0.00392156862745098
35465	0.00392156862745098
35466	0.00784313725490196
35467	0.00784313725490196
35468	0.00784313725490196
35469	0.0
35470	0.0
35471	0.0
35472	0.0
35473	0.0
35474	0.0
35475	0.00392156862745098
35476	0.00392156862745098
35477	0.00392156862745098
35478	0.0
35479	0.0
35480	0.0
35481	0.00392156862745098
35482	0.00392156862745098
35483	0.00392156862745098
35484	0.00392156862745098
35485	0.00392156862745098
35486	0.00392156862745098
35487	0.00392156862745098
35488	0.00392156862745098
35489	0.00392156862745098
35490	0.00784313725490196
35491	0.00784313725490196
35492	0.00784313725490196
35493	0.00392156862745098
35494	0.00392156862745098
35495	0.00392156862745098
35496	0.00392156862745098
35497	0.00392156862745098
35498	0.00392156862745098
35499	0.0
35500	0.0
35501	0.0
35502	0.0
35503	0.0
35504	0.0
35505	0.00392156862745098
35506	0.00392156862745098
35507	0.0
35508	0.00784313725490196
35509	0.00784313725490196
35510	0.00784313725490196
35511	0.0
35512	0.0
35513	0.0
35514	0.011764705882352941
35515	0.011764705882352941
35516	0.011764705882352941
35517	0.00784313725490196
35518	0.00784313725490196
35519	0.00784313725490196
35520	0.00392156862745098
35521	0.00392156862745098
35522	0.00392156862745098
35523	0.00392156862745098
35524	0.00392156862745098
35525	0.00392156862745098
35526	0.00392156862745098
35527	0.00392156862745098
35528	0.00392156862745098
35529	0.00392156862745098
35530	0.00392156862745098
35531	0.00392156862745098
35532	0.0
35533	0.0
35534	0.0
35535	0.0
35536	0.0
35537	0.0
35538	0.00392156862745098
35539	0.00392156862745098
35540	0.00392156862745098
35541	0.00392156862745098
35542	0.00392156862745098
35543	0.00392156862745098
35544	0.00392156862745098
35545	0.00392156862745098
35546	0.00392156862745098
35547	0.0
35548	0.0
35549	0.0
35550	0.00392156862745098
35551	0.00392156862745098
35552	0.00392156862745098
35553	0.00392156862745098
35554	0.00392156862745098
35555	0.00392156862745098
35556	0.00784313725490196
35557	0.00784313725490196
35558	0.00784313725490196
35559	0.00392156862745098
35560	0.00392156862745098
35561	0.00392156862745098
35562	0.0
35563	0.0
35564	0.0
35565	0.0
35566	0.0
35567	0.0
35568	0.00392156862745098
35569	0.00392156862745098
35570	0.00392156862745098
35571	0.00392156862745098
35572	0.00392156862745098
35573	0.00392156862745098
35574	0.00392156862745098
35575	0.00392156862745098
35576	0.00392156862745098
35577	0.0
35578	0.0
35579	0.0
35580	0.0
35581	0.0
35582	0.0
35583	0.00392156862745098
35584	0.00392156862745098
35585	0.00392156862745098
35586	0.00392156862745098
35587	0.00392156862745098
35588	0.00392156862745098
35589	0.00392156862745098
35590	0.00392156862745098
35591	0.00392156862745098
35592	0.0
35593	0.0
35594	0.0
35595	0.0
35596	0.0
35597	0.0
35598	0.00392156862745098
35599	0.00392156862745098
35600	0.00392156862745098
35601	0.00784313725490196
35602	0.00392156862745098
35603	0.00392156862745098
35604	0.00784313725490196
35605	0.00392156862745098
35606	0.00392156862745098
35607	0.0
35608	0.0
35609	0.0
35610	0.0
35611	0.0
35612	0.0
35613	0.00392156862745098
35614	0.00392156862745098
35615	0.00392156862745098
35616	0.0
35617	0.0
35618	0.0
35619	0.00392156862745098
35620	0.00392156862745098
35621	0.00392156862745098
35622	0.0
35623	0.0
35624	0.0
35625	0.0
35626	0.0
35627	0.0
35628	0.0
35629	0.0
35630	0.0
35631	0.0
35632	0.0
35633	0.0
35634	0.0
35635	0.0
35636	0.0
35637	0.0
35638	0.0
35639	0.0
35640	0.0
35641	0.0
35642	0.0
35643	0.0
35644	0.0
35645	0.0
35646	0.00392156862745098
35647	0.00392156862745098
35648	0.00392156862745098
35649	0.0
35650	0.0
35651	0.0
35652	0.0
35653	0.0
35654	0.0
35655	0.0
35656	0.0
35657	0.0
35658	0.0
35659	0.0
35660	0.0
35661	0.0
35662	0.0
35663	0.0
35664	0.0
35665	0.0
35666	0.0
35667	0.0
35668	0.0
35669	0.0
35670	0.0
35671	0.0
35672	0.0
35673	0.0
35674	0.0
35675	0.0
35676	0.00392156862745098
35677	0.00392156862745098
35678	0.00392156862745098
35679	0.00392156862745098
35680	0.00392156862745098
35681	0.00392156862745098
35682	0.0
35683	0.0
35684	0.0
35685	0.00392156862745098
35686	0.00392156862745098
35687	0.00392156862745098
35688	0.0
35689	0.0
35690	0.0
35691	0.0
35692	0.0
35693	0.0
35694	0.0
35695	0.0
35696	0.0
35697	0.0
35698	0.0
35699	0.0
35700	0.0
35701	0.0
35702	0.0
35703	0.0
35704	0.0
35705	0.0
35706	0.0
35707	0.0
35708	0.0
35709	0.00392156862745098
35710	0.00392156862745098
35711	0.00392156862745098
35712	0.0
35713	0.0
35714	0.0
35715	0.0
35716	0.0
35717	0.0
35718	0.0
35719	0.0
35720	0.0
35721	0.0
35722	0.0
35723	0.0
35724	0.0
35725	0.0
35726	0.0
35727	0.0
35728	0.0
35729	0.0
35730	0.0
35731	0.0
35732	0.0
35733	0.0
35734	0.0
35735	0.0
35736	0.0
35737	0.0
35738	0.0
35739	0.0
35740	0.0
35741	0.0
35742	0.0
35743	0.0
35744	0.0
35745	0.0
35746	0.0
35747	0.0
35748	0.0
35749	0.0
35750	0.0
35751	0.0
35752	0.0
35753	0.0
35754	0.0
35755	0.0
35756	0.0
35757	0.0
35758	0.0
35759	0.0
35760	0.0
35761	0.0
35762	0.0
35763	0.0
35764	0.0
35765	0.0
35766	0.0
35767	0.0
35768	0.0
35769	0.0
35770	0.0
35771	0.0
35772	0.0
35773	0.0
35774	0.0
35775	0.00392156862745098
35776	0.00392156862745098
35777	0.00392156862745098
35778	0.00392156862745098
35779	0.00392156862745098
35780	0.00392156862745098
35781	0.0
35782	0.0
35783	0.0
35784	0.0
35785	0.0
35786	0.0
35787	0.00392156862745098
35788	0.00392156862745098
35789	0.00392156862745098
35790	0.0
35791	0.0
35792	0.0
35793	0.0
35794	0.0
35795	0.0
35796	0.0
35797	0.0
35798	0.0
35799	0.0
35800	0.0
35801	0.0
35802	0.0
35803	0.0
35804	0.0
35805	0.0
35806	0.0
35807	0.0
35808	0.0
35809	0.0
35810	0.0
35811	0.0
35812	0.0
35813	0.0
35814	0.0
35815	0.0
35816	0.0
35817	0.0
35818	0.0
35819	0.0
35820	0.0
35821	0.0
35822	0.0
35823	0.0
35824	0.0
35825	0.0
35826	0.0
35827	0.0
35828	0.0
35829	0.0
35830	0.0
35831	0.0
35832	0.0
35833	0.0
35834	0.0
35835	0.0
35836	0.0
35837	0.0
35838	0.0
35839	0.0
35840	0.0
35841	0.0
35842	0.0
35843	0.0
35844	0.0
35845	0.0
35846	0.0
35847	0.0
35848	0.0
35849	0.0
35850	0.00392156862745098
35851	0.00392156862745098
35852	0.00392156862745098
35853	0.0
35854	0.0
35855	0.0
35856	0.0
35857	0.0
35858	0.0
35859	0.0
35860	0.0
35861	0.0
35862	0.00392156862745098
35863	0.00392156862745098
35864	0.00392156862745098
35865	0.0
35866	0.0
35867	0.0
35868	0.00392156862745098
35869	0.00392156862745098
35870	0.00392156862745098
35871	0.00784313725490196
35872	0.00784313725490196
35873	0.00784313725490196
35874	0.00392156862745098
35875	0.00392156862745098
35876	0.00392156862745098
35877	0.0
35878	0.0
35879	0.0
35880	0.0
35881	0.0
35882	0.0
35883	0.0
35884	0.0
35885	0.0
35886	0.0
35887	0.0
35888	0.0
35889	0.00392156862745098
35890	0.00392156862745098
35891	0.00784313725490196
35892	0.00392156862745098
35893	0.00392156862745098
35894	0.00784313725490196
35895	0.0
35896	0.0
35897	0.0
35898	0.00784313725490196
35899	0.00784313725490196
35900	0.00784313725490196
35901	0.00392156862745098
35902	0.00392156862745098
35903	0.00392156862745098
35904	0.00784313725490196
35905	0.00784313725490196
35906	0.00784313725490196
35907	0.00392156862745098
35908	0.00392156862745098
35909	0.00392156862745098
35910	0.00392156862745098
35911	0.00392156862745098
35912	0.00392156862745098
35913	0.0
35914	0.0
35915	0.0
35916	0.0
35917	0.0
35918	0.0
35919	0.0
35920	0.0
35921	0.0
35922	0.0
35923	0.0
35924	0.0
35925	0.0
35926	0.0
35927	0.0
35928	0.0
35929	0.0
35930	0.0
35931	0.0
35932	0.0
35933	0.0
35934	0.00784313725490196
35935	0.00784313725490196
35936	0.00784313725490196
35937	0.00392156862745098
35938	0.00392156862745098
35939	0.00392156862745098
35940	0.00784313725490196
35941	0.00784313725490196
35942	0.00784313725490196
35943	0.00784313725490196
35944	0.00784313725490196
35945	0.00784313725490196
35946	0.0
35947	0.0
35948	0.0
35949	0.0
35950	0.00392156862745098
35951	0.0
35952	0.0
35953	0.00392156862745098
35954	0.0
35955	0.00392156862745098
35956	0.00392156862745098
35957	0.00392156862745098
35958	0.00784313725490196
35959	0.00784313725490196
35960	0.00784313725490196
35961	0.00392156862745098
35962	0.00392156862745098
35963	0.00392156862745098
35964	0.00392156862745098
35965	0.00392156862745098
35966	0.00392156862745098
35967	0.0
35968	0.0
35969	0.0
35970	0.0
35971	0.0
35972	0.0
35973	0.00784313725490196
35974	0.00784313725490196
35975	0.00784313725490196
35976	0.00392156862745098
35977	0.00392156862745098
35978	0.00392156862745098
35979	0.0
35980	0.0
35981	0.0
35982	0.00392156862745098
35983	0.00392156862745098
35984	0.00392156862745098
35985	0.01568627450980392
35986	0.00392156862745098
35987	0.00392156862745098
35988	0.00784313725490196
35989	0.00392156862745098
35990	0.00392156862745098
35991	0.0
35992	0.0
35993	0.0
35994	0.00392156862745098
35995	0.00392156862745098
35996	0.00392156862745098
35997	0.00392156862745098
35998	0.00392156862745098
35999	0.00392156862745098
36000	0.00392156862745098
36001	0.00392156862745098
36002	0.00392156862745098
36003	0.00784313725490196
36004	0.00784313725490196
36005	0.00784313725490196
36006	0.0
36007	0.0
36008	0.0
36009	0.0
36010	0.0
36011	0.0
36012	0.0
36013	0.0
36014	0.0
36015	0.0
36016	0.0
36017	0.0
36018	0.0
36019	0.0
36020	0.0
36021	0.0
36022	0.0
36023	0.0
36024	0.0
36025	0.0
36026	0.0
36027	0.0
36028	0.0
36029	0.0
36030	0.00392156862745098
36031	0.00392156862745098
36032	0.00392156862745098
36033	0.0
36034	0.0
36035	0.0
36036	0.0
36037	0.0
36038	0.0
36039	0.0
36040	0.0
36041	0.0
36042	0.0
36043	0.0
36044	0.0
36045	0.0
36046	0.0
36047	0.0
36048	0.0
36049	0.0
36050	0.0
36051	0.0
36052	0.0
36053	0.0
36054	0.0
36055	0.0
36056	0.0
36057	0.0
36058	0.0
36059	0.0
36060	0.00392156862745098
36061	0.00392156862745098
36062	0.00392156862745098
36063	0.00784313725490196
36064	0.00784313725490196
36065	0.00784313725490196
36066	0.0
36067	0.0
36068	0.0
36069	0.0
36070	0.0
36071	0.0
36072	0.0
36073	0.0
36074	0.0
36075	0.0
36076	0.0
36077	0.0
36078	0.0
36079	0.0
36080	0.0
36081	0.0
36082	0.0
36083	0.0
36084	0.0
36085	0.0
36086	0.0
36087	0.0
36088	0.0
36089	0.0
36090	0.0
36091	0.0
36092	0.0
36093	0.00784313725490196
36094	0.00784313725490196
36095	0.00784313725490196
36096	0.0
36097	0.0
36098	0.0
36099	0.0
36100	0.0
36101	0.0
36102	0.00392156862745098
36103	0.00392156862745098
36104	0.00392156862745098
36105	0.00392156862745098
36106	0.00392156862745098
36107	0.00392156862745098
36108	0.0
36109	0.0
36110	0.0
36111	0.0
36112	0.0
36113	0.0
36114	0.0
36115	0.0
36116	0.0
36117	0.0
36118	0.0
36119	0.0
36120	0.0
36121	0.0
36122	0.0
36123	0.0
36124	0.0
36125	0.0
36126	0.0
36127	0.0
36128	0.0
36129	0.0
36130	0.0
36131	0.0
36132	0.0
36133	0.0
36134	0.0
36135	0.0
36136	0.0
36137	0.0
36138	0.00392156862745098
36139	0.00392156862745098
36140	0.00392156862745098
36141	0.0
36142	0.0
36143	0.0
36144	0.0
36145	0.0
36146	0.0
36147	0.0
36148	0.0
36149	0.0
36150	0.0
36151	0.0
36152	0.0
36153	0.0
36154	0.0
36155	0.0
36156	0.0
36157	0.0
36158	0.0
36159	0.0
36160	0.0
36161	0.0
36162	0.0
36163	0.0
36164	0.0
36165	0.0
36166	0.0
36167	0.0
36168	0.0
36169	0.0
36170	0.0
36171	0.0
36172	0.0
36173	0.0
36174	0.0
36175	0.0
36176	0.0
36177	0.0
36178	0.0
36179	0.0
36180	0.0
36181	0.0
36182	0.0
36183	0.0
36184	0.0
36185	0.0
36186	0.0
36187	0.0
36188	0.0
36189	0.0
36190	0.0
36191	0.0
36192	0.0
36193	0.0
36194	0.0
36195	0.0
36196	0.0
36197	0.0
36198	0.0
36199	0.0
36200	0.0
36201	0.0
36202	0.0
36203	0.0
36204	0.0
36205	0.0
36206	0.0
36207	0.0
36208	0.0
36209	0.0
36210	0.0
36211	0.0
36212	0.0
36213	0.0
36214	0.0
36215	0.0
36216	0.0
36217	0.0
36218	0.0
36219	0.0
36220	0.0
36221	0.0
36222	0.0
36223	0.0
36224	0.0
36225	0.0
36226	0.0
36227	0.0
36228	0.0
36229	0.0
36230	0.0
36231	0.0
36232	0.0
36233	0.0
36234	0.0
36235	0.0
36236	0.0
36237	0.0
36238	0.0
36239	0.0
36240	0.0
36241	0.0
36242	0.0
36243	0.00392156862745098
36244	0.00392156862745098
36245	0.00392156862745098
36246	0.0
36247	0.0
36248	0.0
36249	0.00392156862745098
36250	0.00392156862745098
36251	0.00392156862745098
36252	0.0
36253	0.0
36254	0.0
36255	0.011764705882352941
36256	0.011764705882352941
36257	0.011764705882352941
36258	0.00784313725490196
36259	0.00784313725490196
36260	0.00784313725490196
36261	0.00392156862745098
36262	0.00392156862745098
36263	0.00392156862745098
36264	0.00392156862745098
36265	0.00392156862745098
36266	0.00392156862745098
36267	0.0
36268	0.0
36269	0.00392156862745098
36270	0.0
36271	0.0
36272	0.00392156862745098
36273	0.0
36274	0.0
36275	0.011764705882352941
36276	0.0
36277	0.0
36278	0.0
36279	0.00392156862745098
36280	0.00392156862745098
36281	0.00392156862745098
36282	0.0
36283	0.0
36284	0.0
36285	0.0
36286	0.0
36287	0.0
36288	0.00392156862745098
36289	0.00392156862745098
36290	0.00392156862745098
36291	0.00784313725490196
36292	0.00784313725490196
36293	0.00784313725490196
36294	0.0
36295	0.0
36296	0.0
36297	0.0
36298	0.0
36299	0.0
36300	0.00784313725490196
36301	0.00784313725490196
36302	0.00784313725490196
36303	0.00392156862745098
36304	0.00392156862745098
36305	0.00392156862745098
36306	0.0
36307	0.0
36308	0.0
36309	0.0
36310	0.0
36311	0.0
36312	0.0
36313	0.0
36314	0.0
36315	0.0
36316	0.0
36317	0.0
36318	0.0
36319	0.0
36320	0.0
36321	0.0
36322	0.0
36323	0.0
36324	0.00392156862745098
36325	0.00392156862745098
36326	0.00392156862745098
36327	0.00784313725490196
36328	0.00784313725490196
36329	0.00784313725490196
36330	0.00392156862745098
36331	0.0
36332	0.0
36333	0.011764705882352941
36334	0.00392156862745098
36335	0.011764705882352941
36336	0.00392156862745098
36337	0.00784313725490196
36338	0.00784313725490196
36339	0.0
36340	0.0
36341	0.0
36342	0.0
36343	0.0
36344	0.0
36345	0.0
36346	0.0
36347	0.0
36348	0.00784313725490196
36349	0.00784313725490196
36350	0.00784313725490196
36351	0.0
36352	0.0
36353	0.0
36354	0.0
36355	0.0
36356	0.0
36357	0.0
36358	0.0
36359	0.0
36360	0.0
36361	0.0
36362	0.0
36363	0.00392156862745098
36364	0.00392156862745098
36365	0.00392156862745098
36366	0.00392156862745098
36367	0.00392156862745098
36368	0.00392156862745098
36369	0.0
36370	0.0
36371	0.0
36372	0.00392156862745098
36373	0.00392156862745098
36374	0.00392156862745098
36375	0.0
36376	0.0
36377	0.0
36378	0.0
36379	0.0
36380	0.0
36381	0.00392156862745098
36382	0.00392156862745098
36383	0.00392156862745098
36384	0.0
36385	0.0
36386	0.0
36387	0.0
36388	0.0
36389	0.0
36390	0.0
36391	0.0
36392	0.0
36393	0.0
36394	0.0
36395	0.0
36396	0.0
36397	0.0
36398	0.0
36399	0.0
36400	0.0
36401	0.0
36402	0.0
36403	0.0
36404	0.0
36405	0.0
36406	0.0
36407	0.0
36408	0.0
36409	0.0
36410	0.0
36411	0.0
36412	0.0
36413	0.0
36414	0.0
36415	0.0
36416	0.0
36417	0.00392156862745098
36418	0.00392156862745098
36419	0.00392156862745098
36420	0.0
36421	0.0
36422	0.0
36423	0.0
36424	0.0
36425	0.0
36426	0.0
36427	0.0
36428	0.0
36429	0.0
36430	0.0
36431	0.0
36432	0.0
36433	0.0
36434	0.0
36435	0.00392156862745098
36436	0.00392156862745098
36437	0.00392156862745098
36438	0.0
36439	0.0
36440	0.0
36441	0.0
36442	0.0
36443	0.0
36444	0.0
36445	0.0
36446	0.0
36447	0.00392156862745098
36448	0.00392156862745098
36449	0.00392156862745098
36450	0.0
36451	0.0
36452	0.0
36453	0.0
36454	0.0
36455	0.0
36456	0.0
36457	0.0
36458	0.0
36459	0.0
36460	0.0
36461	0.0
36462	0.0
36463	0.0
36464	0.0
36465	0.0
36466	0.0
36467	0.0
36468	0.0
36469	0.0
36470	0.0
36471	0.00392156862745098
36472	0.00392156862745098
36473	0.00392156862745098
36474	0.00392156862745098
36475	0.00392156862745098
36476	0.00392156862745098
36477	0.0
36478	0.0
36479	0.0
36480	0.0
36481	0.0
36482	0.0
36483	0.0
36484	0.0
36485	0.0
36486	0.00392156862745098
36487	0.00392156862745098
36488	0.00392156862745098
36489	0.0
36490	0.0
36491	0.0
36492	0.0
36493	0.0
36494	0.0
36495	0.0
36496	0.0
36497	0.0
36498	0.0
36499	0.0
36500	0.0
36501	0.0
36502	0.0
36503	0.0
36504	0.0
36505	0.0
36506	0.0
36507	0.0
36508	0.0
36509	0.0
36510	0.0
36511	0.0
36512	0.0
36513	0.0
36514	0.0
36515	0.0
36516	0.0
36517	0.0
36518	0.0
36519	0.00392156862745098
36520	0.00392156862745098
36521	0.00392156862745098
36522	0.00784313725490196
36523	0.00784313725490196
36524	0.00784313725490196
36525	0.0
36526	0.0
36527	0.0
36528	0.0
36529	0.0
36530	0.0
36531	0.0
36532	0.0
36533	0.0
36534	0.0
36535	0.0
36536	0.0
36537	0.0
36538	0.0
36539	0.0
36540	0.0
36541	0.0
36542	0.0
36543	0.0
36544	0.0
36545	0.0
36546	0.0
36547	0.0
36548	0.0
36549	0.0
36550	0.0
36551	0.0
36552	0.0
36553	0.0
36554	0.0
36555	0.0
36556	0.0
36557	0.0
36558	0.0
36559	0.0
36560	0.0
36561	0.0
36562	0.0
36563	0.0
36564	0.0
36565	0.0
36566	0.0
36567	0.0
36568	0.0
36569	0.0
36570	0.0
36571	0.0
36572	0.0
36573	0.0
36574	0.0
36575	0.0
36576	0.0
36577	0.0
36578	0.0
36579	0.0
36580	0.0
36581	0.0
36582	0.0
36583	0.0
36584	0.0
36585	0.0
36586	0.0
36587	0.0
36588	0.0
36589	0.0
36590	0.0
36591	0.0
36592	0.0
36593	0.0
36594	0.0
36595	0.0
36596	0.0
36597	0.0
36598	0.0
36599	0.0
36600	0.0
36601	0.0
36602	0.0
36603	0.0
36604	0.0
36605	0.0
36606	0.0
36607	0.0
36608	0.0
36609	0.0
36610	0.0
36611	0.0
36612	0.0
36613	0.0
36614	0.0
36615	0.0
36616	0.0
36617	0.0
36618	0.0
36619	0.0
36620	0.0
36621	0.0
36622	0.0
36623	0.0
36624	0.0
36625	0.0
36626	0.0
36627	0.0
36628	0.0
36629	0.0
36630	0.0
36631	0.0
36632	0.0
36633	0.00392156862745098
36634	0.00392156862745098
36635	0.00392156862745098
36636	0.0
36637	0.0
36638	0.0
36639	0.00784313725490196
36640	0.00784313725490196
36641	0.00784313725490196
36642	0.00392156862745098
36643	0.00392156862745098
36644	0.00392156862745098
36645	0.011764705882352941
36646	0.011764705882352941
36647	0.011764705882352941
36648	0.00392156862745098
36649	0.00392156862745098
36650	0.00392156862745098
36651	0.0
36652	0.0
36653	0.011764705882352941
36654	0.0
36655	0.0
36656	0.011764705882352941
36657	0.0
36658	0.0
36659	0.011764705882352941
36660	0.00392156862745098
36661	0.00392156862745098
36662	0.0
36663	0.00784313725490196
36664	0.00784313725490196
36665	0.00784313725490196
36666	0.0
36667	0.0
36668	0.0
36669	0.0
36670	0.0
36671	0.0
36672	0.00392156862745098
36673	0.00392156862745098
36674	0.00392156862745098
36675	0.00784313725490196
36676	0.00784313725490196
36677	0.00784313725490196
36678	0.0
36679	0.0
36680	0.0
36681	0.0
36682	0.0
36683	0.0
36684	0.0
36685	0.0
36686	0.0
36687	0.0
36688	0.0
36689	0.0
36690	0.0
36691	0.00784313725490196
36692	0.0196078431372549
36693	0.0
36694	0.00392156862745098
36695	0.027450980392156862
36696	0.0
36697	0.00392156862745098
36698	0.00784313725490196
36699	0.0
36700	0.0
36701	0.0
36702	0.0
36703	0.0
36704	0.0
36705	0.0
36706	0.0
36707	0.0
36708	0.0
36709	0.0
36710	0.0
36711	0.00784313725490196
36712	0.00784313725490196
36713	0.00784313725490196
36714	0.00784313725490196
36715	0.011764705882352941
36716	0.011764705882352941
36717	0.00784313725490196
36718	0.011764705882352941
36719	0.023529411764705882
36720	0.00392156862745098
36721	0.00392156862745098
36722	0.011764705882352941
36723	0.00392156862745098
36724	0.00392156862745098
36725	0.00392156862745098
36726	0.0
36727	0.0
36728	0.0
36729	0.0
36730	0.0
36731	0.0
36732	0.00392156862745098
36733	0.00392156862745098
36734	0.00392156862745098
36735	0.0
36736	0.0
36737	0.0
36738	0.0
36739	0.0
36740	0.0
36741	0.0
36742	0.0
36743	0.0
36744	0.0
36745	0.0
36746	0.0
36747	0.0
36748	0.0
36749	0.0
36750	0.00392156862745098
36751	0.00392156862745098
36752	0.00392156862745098
36753	0.0
36754	0.0
36755	0.0
36756	0.0
36757	0.0
36758	0.0
36759	0.00392156862745098
36760	0.00392156862745098
36761	0.00392156862745098
36762	0.00392156862745098
36763	0.00392156862745098
36764	0.00392156862745098
36765	0.00784313725490196
36766	0.00784313725490196
36767	0.00784313725490196
36768	0.00392156862745098
36769	0.00392156862745098
36770	0.00392156862745098
36771	0.0
36772	0.0
36773	0.0
36774	0.0
36775	0.0
36776	0.0
36777	0.0
36778	0.0
36779	0.0
36780	0.0
36781	0.0
36782	0.0
36783	0.0
36784	0.0
36785	0.0
36786	0.0
36787	0.0
36788	0.0
36789	0.0
36790	0.0
36791	0.0
36792	0.0
36793	0.0
36794	0.0
36795	0.0
36796	0.0
36797	0.0
36798	0.0
36799	0.0
36800	0.0
36801	0.00392156862745098
36802	0.00392156862745098
36803	0.00392156862745098
36804	0.0
36805	0.0
36806	0.0
36807	0.0
36808	0.0
36809	0.0
36810	0.0
36811	0.0
36812	0.0
36813	0.0
36814	0.0
36815	0.0
36816	0.0
36817	0.0
36818	0.0
36819	0.0
36820	0.0
36821	0.0
36822	0.0
36823	0.0
36824	0.0
36825	0.0
36826	0.0
36827	0.0
36828	0.0
36829	0.0
36830	0.0
36831	0.0
36832	0.0
36833	0.0
36834	0.0
36835	0.0
36836	0.0
36837	0.0
36838	0.0
36839	0.0
36840	0.0
36841	0.0
36842	0.0
36843	0.0
36844	0.0
36845	0.0
36846	0.0
36847	0.0
36848	0.0
36849	0.0
36850	0.0
36851	0.0
36852	0.0
36853	0.0
36854	0.0
36855	0.0
36856	0.0
36857	0.0
36858	0.00392156862745098
36859	0.00392156862745098
36860	0.00392156862745098
36861	0.00392156862745098
36862	0.00392156862745098
36863	0.00392156862745098
36864	0.0
36865	0.0
36866	0.0
36867	0.0
36868	0.0
36869	0.0
36870	0.0
36871	0.0
36872	0.0
36873	0.0
36874	0.0
36875	0.0
36876	0.0
36877	0.0
36878	0.0
36879	0.0
36880	0.0
36881	0.0
36882	0.00392156862745098
36883	0.00392156862745098
36884	0.00392156862745098
36885	0.0
36886	0.0
36887	0.0
36888	0.0
36889	0.0
36890	0.0
36891	0.0
36892	0.0
36893	0.0
36894	0.0
36895	0.0
36896	0.0
36897	0.0
36898	0.0
36899	0.0
36900	0.0
36901	0.0
36902	0.0
36903	0.0
36904	0.0
36905	0.0
36906	0.0
36907	0.0
36908	0.0
36909	0.0
36910	0.0
36911	0.0
36912	0.0
36913	0.0
36914	0.0
36915	0.0
36916	0.0
36917	0.0
36918	0.0
36919	0.0
36920	0.0
36921	0.0
36922	0.0
36923	0.0
36924	0.0
36925	0.0
36926	0.0
36927	0.0
36928	0.0
36929	0.0
36930	0.0
36931	0.0
36932	0.0
36933	0.0
36934	0.0
36935	0.0
36936	0.0
36937	0.0
36938	0.0
36939	0.0
36940	0.0
36941	0.0
36942	0.00392156862745098
36943	0.00392156862745098
36944	0.00392156862745098
36945	0.00392156862745098
36946	0.00392156862745098
36947	0.00392156862745098
36948	0.0
36949	0.0
36950	0.0
36951	0.0
36952	0.0
36953	0.0
36954	0.00392156862745098
36955	0.00392156862745098
36956	0.00392156862745098
36957	0.0
36958	0.0
36959	0.0
36960	0.0
36961	0.0
36962	0.0
36963	0.0
36964	0.0
36965	0.0
36966	0.0
36967	0.0
36968	0.0
36969	0.0
36970	0.0
36971	0.0
36972	0.0
36973	0.0
36974	0.0
36975	0.0
36976	0.0
36977	0.0
36978	0.0
36979	0.0
36980	0.0
36981	0.0
36982	0.0
36983	0.0
36984	0.0
36985	0.0
36986	0.0
36987	0.0
36988	0.0
36989	0.0
36990	0.0
36991	0.0
36992	0.0
36993	0.0
36994	0.0
36995	0.0
36996	0.0
36997	0.0
36998	0.0
36999	0.0
37000	0.0
37001	0.0
37002	0.0
37003	0.0
37004	0.0
37005	0.0
37006	0.0
37007	0.0
37008	0.00392156862745098
37009	0.00392156862745098
37010	0.00392156862745098
37011	0.0
37012	0.0
37013	0.0
37014	0.0
37015	0.0
37016	0.0
37017	0.0
37018	0.0
37019	0.0
37020	0.0
37021	0.0
37022	0.0
37023	0.00392156862745098
37024	0.00392156862745098
37025	0.00392156862745098
37026	0.00392156862745098
37027	0.00392156862745098
37028	0.00392156862745098
37029	0.0
37030	0.0
37031	0.0
37032	0.0
37033	0.0
37034	0.0
37035	0.00392156862745098
37036	0.00392156862745098
37037	0.00784313725490196
37038	0.00392156862745098
37039	0.011764705882352941
37040	0.0196078431372549
37041	0.0
37042	0.0
37043	0.00392156862745098
37044	0.0
37045	0.0
37046	0.0
37047	0.00784313725490196
37048	0.00784313725490196
37049	0.00784313725490196
37050	0.00392156862745098
37051	0.00392156862745098
37052	0.00392156862745098
37053	0.00392156862745098
37054	0.00392156862745098
37055	0.00392156862745098
37056	0.00784313725490196
37057	0.00784313725490196
37058	0.00784313725490196
37059	0.0
37060	0.0
37061	0.0
37062	0.0
37063	0.0
37064	0.0
37065	0.0
37066	0.0
37067	0.0
37068	0.0
37069	0.0
37070	0.0
37071	0.00392156862745098
37072	0.00392156862745098
37073	0.00392156862745098
37074	0.00392156862745098
37075	0.00784313725490196
37076	0.011764705882352941
37077	0.0
37078	0.00392156862745098
37079	0.01568627450980392
37080	0.0
37081	0.00392156862745098
37082	0.00784313725490196
37083	0.00392156862745098
37084	0.00392156862745098
37085	0.00392156862745098
37086	0.0
37087	0.0
37088	0.0
37089	0.00392156862745098
37090	0.00392156862745098
37091	0.00392156862745098
37092	0.00392156862745098
37093	0.00392156862745098
37094	0.00392156862745098
37095	0.00784313725490196
37096	0.00784313725490196
37097	0.00784313725490196
37098	0.0
37099	0.00392156862745098
37100	0.00784313725490196
37101	0.0
37102	0.00392156862745098
37103	0.0196078431372549
37104	0.0
37105	0.00392156862745098
37106	0.01568627450980392
37107	0.0
37108	0.0
37109	0.0
37110	0.0
37111	0.0
37112	0.0
37113	0.0
37114	0.0
37115	0.0
37116	0.0
37117	0.0
37118	0.0
37119	0.0
37120	0.0
37121	0.0
37122	0.00784313725490196
37123	0.00784313725490196
37124	0.00784313725490196
37125	0.0
37126	0.0
37127	0.0
37128	0.0
37129	0.0
37130	0.0
37131	0.0
37132	0.0
37133	0.0
37134	0.00392156862745098
37135	0.00392156862745098
37136	0.00392156862745098
37137	0.0
37138	0.0
37139	0.0
37140	0.0
37141	0.0
37142	0.0
37143	0.00392156862745098
37144	0.00392156862745098
37145	0.00392156862745098
37146	0.0
37147	0.0
37148	0.0
37149	0.0
37150	0.0
37151	0.0
37152	0.0
37153	0.0
37154	0.0
37155	0.0
37156	0.0
37157	0.0
37158	0.0
37159	0.0
37160	0.0
37161	0.0
37162	0.0
37163	0.0
37164	0.0
37165	0.0
37166	0.0
37167	0.0
37168	0.0
37169	0.0
37170	0.00392156862745098
37171	0.00392156862745098
37172	0.00392156862745098
37173	0.0
37174	0.0
37175	0.0
37176	0.0
37177	0.0
37178	0.0
37179	0.0
37180	0.0
37181	0.0
37182	0.0
37183	0.0
37184	0.0
37185	0.0
37186	0.0
37187	0.0
37188	0.0
37189	0.0
37190	0.0
37191	0.0
37192	0.0
37193	0.0
37194	0.0
37195	0.0
37196	0.0
37197	0.0
37198	0.0
37199	0.0
37200	0.0
37201	0.0
37202	0.0
37203	0.0
37204	0.0
37205	0.0
37206	0.00392156862745098
37207	0.00392156862745098
37208	0.00392156862745098
37209	0.0
37210	0.0
37211	0.0
37212	0.0
37213	0.0
37214	0.0
37215	0.0
37216	0.0
37217	0.0
37218	0.0
37219	0.0
37220	0.0
37221	0.0
37222	0.0
37223	0.0
37224	0.0
37225	0.0
37226	0.0
37227	0.0
37228	0.0
37229	0.0
37230	0.0
37231	0.0
37232	0.0
37233	0.0
37234	0.0
37235	0.0
37236	0.0
37237	0.0
37238	0.0
37239	0.0
37240	0.0
37241	0.0
37242	0.0
37243	0.0
37244	0.0
37245	0.00392156862745098
37246	0.00392156862745098
37247	0.00392156862745098
37248	0.0
37249	0.0
37250	0.0
37251	0.0
37252	0.0
37253	0.0
37254	0.0
37255	0.0
37256	0.0
37257	0.0
37258	0.0
37259	0.0
37260	0.0
37261	0.0
37262	0.0
37263	0.0
37264	0.0
37265	0.0
37266	0.0
37267	0.0
37268	0.0
37269	0.0
37270	0.0
37271	0.0
37272	0.0
37273	0.0
37274	0.0
37275	0.0
37276	0.0
37277	0.0
37278	0.0
37279	0.0
37280	0.0
37281	0.0
37282	0.0
37283	0.0
37284	0.0
37285	0.0
37286	0.0
37287	0.0
37288	0.0
37289	0.0
37290	0.0
37291	0.0
37292	0.0
37293	0.0
37294	0.0
37295	0.0
37296	0.0
37297	0.0
37298	0.0
37299	0.0
37300	0.0
37301	0.0
37302	0.0
37303	0.0
37304	0.0
37305	0.0
37306	0.0
37307	0.0
37308	0.0
37309	0.0
37310	0.0
37311	0.0
37312	0.0
37313	0.0
37314	0.0
37315	0.0
37316	0.0
37317	0.0
37318	0.0
37319	0.0
37320	0.0
37321	0.0
37322	0.0
37323	0.0
37324	0.0
37325	0.0
37326	0.0
37327	0.0
37328	0.0
37329	0.0
37330	0.0
37331	0.0
37332	0.0
37333	0.0
37334	0.0
37335	0.0
37336	0.0
37337	0.0
37338	0.0
37339	0.0
37340	0.0
37341	0.0
37342	0.0
37343	0.0
37344	0.0
37345	0.0
37346	0.0
37347	0.0
37348	0.0
37349	0.0
37350	0.0
37351	0.0
37352	0.0
37353	0.00392156862745098
37354	0.00392156862745098
37355	0.00392156862745098
37356	0.0
37357	0.0
37358	0.0
37359	0.0
37360	0.0
37361	0.0
37362	0.0
37363	0.0
37364	0.0
37365	0.0
37366	0.0
37367	0.0
37368	0.0
37369	0.0
37370	0.0
37371	0.0
37372	0.0
37373	0.0
37374	0.0
37375	0.0
37376	0.0
37377	0.0
37378	0.0
37379	0.0
37380	0.0
37381	0.0
37382	0.0
37383	0.0
37384	0.0
37385	0.0
37386	0.0
37387	0.0
37388	0.0
37389	0.0
37390	0.0
37391	0.0
37392	0.0
37393	0.0
37394	0.0
37395	0.0
37396	0.0
37397	0.0
37398	0.0
37399	0.0
37400	0.0
37401	0.00784313725490196
37402	0.00784313725490196
37403	0.00784313725490196
37404	0.0
37405	0.0
37406	0.0
37407	0.0
37408	0.0
37409	0.0
37410	0.0
37411	0.0
37412	0.0
37413	0.0
37414	0.0
37415	0.0
37416	0.00392156862745098
37417	0.00392156862745098
37418	0.00392156862745098
37419	0.0
37420	0.0
37421	0.0
37422	0.00784313725490196
37423	0.00784313725490196
37424	0.00784313725490196
37425	0.0
37426	0.0
37427	0.00392156862745098
37428	0.0
37429	0.0
37430	0.0
37431	0.00392156862745098
37432	0.00392156862745098
37433	0.00392156862745098
37434	0.00392156862745098
37435	0.00392156862745098
37436	0.00392156862745098
37437	0.00392156862745098
37438	0.00392156862745098
37439	0.00392156862745098
37440	0.00392156862745098
37441	0.00392156862745098
37442	0.00392156862745098
37443	0.0
37444	0.0
37445	0.0
37446	0.0
37447	0.0
37448	0.0
37449	0.0
37450	0.0
37451	0.0
37452	0.0
37453	0.0
37454	0.0
37455	0.00392156862745098
37456	0.00392156862745098
37457	0.00392156862745098
37458	0.0
37459	0.00784313725490196
37460	0.00784313725490196
37461	0.00392156862745098
37462	0.00784313725490196
37463	0.011764705882352941
37464	0.00392156862745098
37465	0.00392156862745098
37466	0.00392156862745098
37467	0.0
37468	0.0
37469	0.0
37470	0.00392156862745098
37471	0.00392156862745098
37472	0.00392156862745098
37473	0.0
37474	0.0
37475	0.0
37476	0.00392156862745098
37477	0.00392156862745098
37478	0.00392156862745098
37479	0.00392156862745098
37480	0.00392156862745098
37481	0.00392156862745098
37482	0.0
37483	0.0
37484	0.0
37485	0.0
37486	0.0
37487	0.0
37488	0.0
37489	0.0
37490	0.0
37491	0.0
37492	0.0
37493	0.0
37494	0.0
37495	0.0
37496	0.0
37497	0.00392156862745098
37498	0.00392156862745098
37499	0.00392156862745098
37500	0.00392156862745098
37501	0.00392156862745098
37502	0.00392156862745098
37503	0.0
37504	0.0
37505	0.0
37506	0.00392156862745098
37507	0.00392156862745098
37508	0.00392156862745098
37509	0.0
37510	0.0
37511	0.0
37512	0.0
37513	0.0
37514	0.0
37515	0.0
37516	0.0
37517	0.0
37518	0.00784313725490196
37519	0.00784313725490196
37520	0.00784313725490196
37521	0.00392156862745098
37522	0.00392156862745098
37523	0.00392156862745098
37524	0.0
37525	0.0
37526	0.0
37527	0.0
37528	0.0
37529	0.0
37530	0.0
37531	0.0
37532	0.0
37533	0.0
37534	0.0
37535	0.0
37536	0.0
37537	0.0
37538	0.0
37539	0.0
37540	0.0
37541	0.0
37542	0.0
37543	0.0
37544	0.0
37545	0.0
37546	0.0
37547	0.0
37548	0.0
37549	0.0
37550	0.0
37551	0.0
37552	0.0
37553	0.0
37554	0.0
37555	0.0
37556	0.0
37557	0.0
37558	0.0
37559	0.0
37560	0.0
37561	0.0
37562	0.0
37563	0.0
37564	0.0
37565	0.0
37566	0.0
37567	0.0
37568	0.0
37569	0.00392156862745098
37570	0.00392156862745098
37571	0.00392156862745098
37572	0.0
37573	0.0
37574	0.0
37575	0.00392156862745098
37576	0.00392156862745098
37577	0.00392156862745098
37578	0.0
37579	0.0
37580	0.0
37581	0.0
37582	0.0
37583	0.0
37584	0.0
37585	0.0
37586	0.0
37587	0.0
37588	0.0
37589	0.0
37590	0.00392156862745098
37591	0.00392156862745098
37592	0.00392156862745098
37593	0.0
37594	0.0
37595	0.0
37596	0.0
37597	0.0
37598	0.0
37599	0.0
37600	0.0
37601	0.0
37602	0.0
37603	0.0
37604	0.0
37605	0.0
37606	0.0
37607	0.0
37608	0.0
37609	0.0
37610	0.0
37611	0.0
37612	0.0
37613	0.0
37614	0.0
37615	0.0
37616	0.0
37617	0.0
37618	0.0
37619	0.0
37620	0.00392156862745098
37621	0.00392156862745098
37622	0.00392156862745098
37623	0.0
37624	0.0
37625	0.0
37626	0.0
37627	0.0
37628	0.0
37629	0.0
37630	0.0
37631	0.0
37632	0.0
37633	0.0
37634	0.0
37635	0.0
37636	0.0
37637	0.0
37638	0.0
37639	0.0
37640	0.0
37641	0.0
37642	0.0
37643	0.0
37644	0.0
37645	0.0
37646	0.0
37647	0.0
37648	0.0
37649	0.0
37650	0.0
37651	0.0
37652	0.0
37653	0.0
37654	0.0
37655	0.0
37656	0.0
37657	0.0
37658	0.0
37659	0.0
37660	0.0
37661	0.0
37662	0.00392156862745098
37663	0.00392156862745098
37664	0.00392156862745098
37665	0.00784313725490196
37666	0.00784313725490196
37667	0.00784313725490196
37668	0.0
37669	0.0
37670	0.0
37671	0.0
37672	0.0
37673	0.0
37674	0.0
37675	0.0
37676	0.0
37677	0.0
37678	0.0
37679	0.0
37680	0.0
37681	0.0
37682	0.0
37683	0.0
37684	0.0
37685	0.0
37686	0.0
37687	0.0
37688	0.0
37689	0.0
37690	0.0
37691	0.0
37692	0.0
37693	0.0
37694	0.0
37695	0.0
37696	0.0
37697	0.0
37698	0.0
37699	0.0
37700	0.0
37701	0.0
37702	0.0
37703	0.0
37704	0.0
37705	0.0
37706	0.0
37707	0.0
37708	0.0
37709	0.0
37710	0.0
37711	0.0
37712	0.0
37713	0.0
37714	0.0
37715	0.0
37716	0.0
37717	0.0
37718	0.0
37719	0.0
37720	0.0
37721	0.0
37722	0.0
37723	0.0
37724	0.0
37725	0.0
37726	0.0
37727	0.0
37728	0.0
37729	0.0
37730	0.0
37731	0.0
37732	0.0
37733	0.0
37734	0.0
37735	0.0
37736	0.0
37737	0.00392156862745098
37738	0.00392156862745098
37739	0.00392156862745098
37740	0.0
37741	0.0
37742	0.0
37743	0.0
37744	0.0
37745	0.0
37746	0.0
37747	0.0
37748	0.0
37749	0.00784313725490196
37750	0.00784313725490196
37751	0.00784313725490196
37752	0.00392156862745098
37753	0.00392156862745098
37754	0.00392156862745098
37755	0.0
37756	0.0
37757	0.0
37758	0.0
37759	0.0
37760	0.0
37761	0.0
37762	0.0
37763	0.0
37764	0.0
37765	0.0
37766	0.0
37767	0.0
37768	0.0
37769	0.0
37770	0.0
37771	0.0
37772	0.0
37773	0.0
37774	0.0
37775	0.0
37776	0.0
37777	0.0
37778	0.0
37779	0.00392156862745098
37780	0.00392156862745098
37781	0.00392156862745098
37782	0.0
37783	0.0
37784	0.0
37785	0.00392156862745098
37786	0.00392156862745098
37787	0.00392156862745098
37788	0.0
37789	0.0
37790	0.0
37791	0.00392156862745098
37792	0.00392156862745098
37793	0.00392156862745098
37794	0.00392156862745098
37795	0.00392156862745098
37796	0.00392156862745098
37797	0.0
37798	0.0
37799	0.0
37800	0.00392156862745098
37801	0.00392156862745098
37802	0.00392156862745098
37803	0.0
37804	0.0
37805	0.0
37806	0.00392156862745098
37807	0.00392156862745098
37808	0.00392156862745098
37809	0.0
37810	0.0
37811	0.0
37812	0.0
37813	0.0
37814	0.0
37815	0.0
37816	0.0
37817	0.0
37818	0.00392156862745098
37819	0.00392156862745098
37820	0.00392156862745098
37821	0.0
37822	0.0
37823	0.0
37824	0.0
37825	0.0
37826	0.0
37827	0.0
37828	0.0
37829	0.0
37830	0.0
37831	0.0
37832	0.0
37833	0.0
37834	0.0
37835	0.0
37836	0.0
37837	0.0
37838	0.0
37839	0.0
37840	0.0
37841	0.0
37842	0.0
37843	0.0
37844	0.0
37845	0.0
37846	0.0
37847	0.0
37848	0.0
37849	0.0
37850	0.0
37851	0.0
37852	0.0
37853	0.0
37854	0.00392156862745098
37855	0.00392156862745098
37856	0.00392156862745098
37857	0.0
37858	0.0
37859	0.0
37860	0.0
37861	0.0
37862	0.0
37863	0.0
37864	0.0
37865	0.0
37866	0.0
37867	0.0
37868	0.0
37869	0.0
37870	0.0
37871	0.0
37872	0.0
37873	0.0
37874	0.0
37875	0.0
37876	0.0
37877	0.0
37878	0.0
37879	0.0
37880	0.0
37881	0.00392156862745098
37882	0.00392156862745098
37883	0.00392156862745098
37884	0.00784313725490196
37885	0.00784313725490196
37886	0.00784313725490196
37887	0.0
37888	0.0
37889	0.0
37890	0.0
37891	0.0
37892	0.0
37893	0.0
37894	0.0
37895	0.0
37896	0.0
37897	0.0
37898	0.0
37899	0.0
37900	0.0
37901	0.0
37902	0.0
37903	0.0
37904	0.0
37905	0.0
37906	0.0
37907	0.0
37908	0.0
37909	0.0
37910	0.0
37911	0.00392156862745098
37912	0.00392156862745098
37913	0.00392156862745098
37914	0.00392156862745098
37915	0.00392156862745098
37916	0.00392156862745098
37917	0.0
37918	0.0
37919	0.0
37920	0.0
37921	0.0
37922	0.0
37923	0.0
37924	0.0
37925	0.0
37926	0.0
37927	0.0
37928	0.0
37929	0.00392156862745098
37930	0.00392156862745098
37931	0.00392156862745098
37932	0.00392156862745098
37933	0.00392156862745098
37934	0.00392156862745098
37935	0.0
37936	0.0
37937	0.0
37938	0.0
37939	0.0
37940	0.0
37941	0.0
37942	0.0
37943	0.0
37944	0.0
37945	0.0
37946	0.0
37947	0.0
37948	0.0
37949	0.0
37950	0.00784313725490196
37951	0.00784313725490196
37952	0.00784313725490196
37953	0.00392156862745098
37954	0.00392156862745098
37955	0.00392156862745098
37956	0.0
37957	0.0
37958	0.0
37959	0.00392156862745098
37960	0.00392156862745098
37961	0.00392156862745098
37962	0.0
37963	0.0
37964	0.0
37965	0.0
37966	0.0
37967	0.0
37968	0.0
37969	0.0
37970	0.0
37971	0.00392156862745098
37972	0.00392156862745098
37973	0.00392156862745098
37974	0.0
37975	0.0
37976	0.0
37977	0.0
37978	0.0
37979	0.0
37980	0.0
37981	0.0
37982	0.0
37983	0.0
37984	0.0
37985	0.0
37986	0.0
37987	0.0
37988	0.0
37989	0.0
37990	0.0
37991	0.0
37992	0.0
37993	0.0
37994	0.0
37995	0.0
37996	0.0
37997	0.0
37998	0.0
37999	0.0
38000	0.0
38001	0.0
38002	0.0
38003	0.0
38004	0.00392156862745098
38005	0.00392156862745098
38006	0.00392156862745098
38007	0.00392156862745098
38008	0.00392156862745098
38009	0.00392156862745098
38010	0.0
38011	0.0
38012	0.0
38013	0.0
38014	0.0
38015	0.0
38016	0.0
38017	0.0
38018	0.0
38019	0.0
38020	0.0
38021	0.0
38022	0.0
38023	0.0
38024	0.0
38025	0.0
38026	0.0
38027	0.0
38028	0.0
38029	0.0
38030	0.0
38031	0.0
38032	0.0
38033	0.0
38034	0.0
38035	0.0
38036	0.0
38037	0.0
38038	0.0
38039	0.0
38040	0.0
38041	0.0
38042	0.0
38043	0.0
38044	0.0
38045	0.0
38046	0.00392156862745098
38047	0.00392156862745098
38048	0.00392156862745098
38049	0.0
38050	0.0
38051	0.0
38052	0.0
38053	0.0
38054	0.0
38055	0.0
38056	0.0
38057	0.0
38058	0.0
38059	0.0
38060	0.0
38061	0.0
38062	0.0
38063	0.0
38064	0.0
38065	0.0
38066	0.0
38067	0.0
38068	0.0
38069	0.0
38070	0.0
38071	0.0
38072	0.0
38073	0.0
38074	0.0
38075	0.0
38076	0.0
38077	0.0
38078	0.0
38079	0.0
38080	0.0
38081	0.0
38082	0.0
38083	0.0
38084	0.0
38085	0.0
38086	0.0
38087	0.0
38088	0.0
38089	0.0
38090	0.0
38091	0.0
38092	0.0
38093	0.0
38094	0.0
38095	0.0
38096	0.0
38097	0.0
38098	0.0
38099	0.0
38100	0.0
38101	0.0
38102	0.0
38103	0.0
38104	0.0
38105	0.0
38106	0.0
38107	0.0
38108	0.0
38109	0.0
38110	0.0
38111	0.0
38112	0.0
38113	0.0
38114	0.0
38115	0.0
38116	0.0
38117	0.0
38118	0.0
38119	0.0
38120	0.0
38121	0.0
38122	0.0
38123	0.0
38124	0.0
38125	0.0
38126	0.0
38127	0.0
38128	0.0
38129	0.0
38130	0.0
38131	0.0
38132	0.0
38133	0.0
38134	0.0
38135	0.0
38136	0.0
38137	0.0
38138	0.0
38139	0.0
38140	0.0
38141	0.0
38142	0.0
38143	0.0
38144	0.0
38145	0.0
38146	0.0
38147	0.0
38148	0.0
38149	0.0
38150	0.0
38151	0.0
38152	0.0
38153	0.0
38154	0.0
38155	0.0
38156	0.0
38157	0.0
38158	0.0
38159	0.0
38160	0.0
38161	0.0
38162	0.0
38163	0.00392156862745098
38164	0.00392156862745098
38165	0.00392156862745098
38166	0.0
38167	0.0
38168	0.0
38169	0.0
38170	0.0
38171	0.0
38172	0.0
38173	0.0
38174	0.0
38175	0.0
38176	0.0
38177	0.0
38178	0.00392156862745098
38179	0.00392156862745098
38180	0.00392156862745098
38181	0.0
38182	0.0
38183	0.0
38184	0.0
38185	0.0
38186	0.0
38187	0.0
38188	0.0
38189	0.0
38190	0.00392156862745098
38191	0.00392156862745098
38192	0.00392156862745098
38193	0.0
38194	0.0
38195	0.0
38196	0.0
38197	0.0
38198	0.0
38199	0.0
38200	0.0
38201	0.0
38202	0.0
38203	0.0
38204	0.0
38205	0.0
38206	0.0
38207	0.0
38208	0.0
38209	0.0
38210	0.0
38211	0.0
38212	0.0
38213	0.0
38214	0.00392156862745098
38215	0.00392156862745098
38216	0.00392156862745098
38217	0.0
38218	0.0
38219	0.0
38220	0.0
38221	0.0
38222	0.0
38223	0.0
38224	0.0
38225	0.0
38226	0.0
38227	0.0
38228	0.0
38229	0.0
38230	0.0
38231	0.0
38232	0.0
38233	0.0
38234	0.0
38235	0.0
38236	0.0
38237	0.0
38238	0.0
38239	0.0
38240	0.0
38241	0.0
38242	0.0
38243	0.0
38244	0.0
38245	0.0
38246	0.0
38247	0.0
38248	0.0
38249	0.0
38250	0.0
38251	0.0
38252	0.0
38253	0.0
38254	0.0
38255	0.0
38256	0.0
38257	0.0
38258	0.0
38259	0.0
38260	0.0
38261	0.0
38262	0.0
38263	0.0
38264	0.0
38265	0.0
38266	0.0
38267	0.0
38268	0.0
38269	0.0
38270	0.0
38271	0.0
38272	0.0
38273	0.0
38274	0.0
38275	0.0
38276	0.0
38277	0.0
38278	0.0
38279	0.0
38280	0.0
38281	0.0
38282	0.0
38283	0.0
38284	0.0
38285	0.0
38286	0.0
38287	0.0
38288	0.0
38289	0.0
38290	0.0
38291	0.0
38292	0.0
38293	0.0
38294	0.0
38295	0.00392156862745098
38296	0.00392156862745098
38297	0.00392156862745098
38298	0.0
38299	0.0
38300	0.0
38301	0.0
38302	0.0
38303	0.0
38304	0.0
38305	0.0
38306	0.0
38307	0.0
38308	0.0
38309	0.0
38310	0.0
38311	0.0
38312	0.0
38313	0.00392156862745098
38314	0.00392156862745098
38315	0.00392156862745098
38316	0.0
38317	0.0
38318	0.0
38319	0.0
38320	0.0
38321	0.0
38322	0.0
38323	0.0
38324	0.0
38325	0.0
38326	0.0
38327	0.0
38328	0.0
38329	0.0
38330	0.0
38331	0.0
38332	0.0
38333	0.0
38334	0.0
38335	0.0
38336	0.0
38337	0.0
38338	0.0
38339	0.0
38340	0.0
38341	0.0
38342	0.0
38343	0.00392156862745098
38344	0.00392156862745098
38345	0.00392156862745098
38346	0.0
38347	0.0
38348	0.0
38349	0.00392156862745098
38350	0.00392156862745098
38351	0.00392156862745098
38352	0.0
38353	0.0
38354	0.0
38355	0.00392156862745098
38356	0.00392156862745098
38357	0.00392156862745098
38358	0.0
38359	0.0
38360	0.0
38361	0.0
38362	0.0
38363	0.0
38364	0.0
38365	0.0
38366	0.0
38367	0.0
38368	0.0
38369	0.0
38370	0.0
38371	0.0
38372	0.0
38373	0.00392156862745098
38374	0.00392156862745098
38375	0.00392156862745098
38376	0.0
38377	0.0
38378	0.0
38379	0.0
38380	0.0
38381	0.0
38382	0.0
38383	0.0
38384	0.0
38385	0.0
38386	0.0
38387	0.0
38388	0.0
38389	0.0
38390	0.0
38391	0.0
38392	0.0
38393	0.0
38394	0.0
38395	0.0
38396	0.0
38397	0.0
38398	0.0
38399	0.0
38400	0.0
38401	0.0
38402	0.0
38403	0.0
38404	0.0
38405	0.0
38406	0.0
38407	0.0
38408	0.0
38409	0.00392156862745098
38410	0.00392156862745098
38411	0.00392156862745098
38412	0.00392156862745098
38413	0.00392156862745098
38414	0.00392156862745098
38415	0.0
38416	0.0
38417	0.0
38418	0.0
38419	0.0
38420	0.0
38421	0.0
38422	0.0
38423	0.0
38424	0.0
38425	0.0
38426	0.0
38427	0.0
38428	0.0
38429	0.0
38430	0.0
38431	0.0
38432	0.0
38433	0.0
38434	0.0
38435	0.0
38436	0.0
38437	0.0
38438	0.0
38439	0.0
38440	0.0
38441	0.0
38442	0.0
38443	0.0
38444	0.0
38445	0.0
38446	0.0
38447	0.0
38448	0.0
38449	0.0
38450	0.0
38451	0.00392156862745098
38452	0.00392156862745098
38453	0.00392156862745098
38454	0.0
38455	0.0
38456	0.0
38457	0.0
38458	0.0
38459	0.0
38460	0.0
38461	0.0
38462	0.0
38463	0.0
38464	0.0
38465	0.0
38466	0.0
38467	0.0
38468	0.0
38469	0.0
38470	0.0
38471	0.0
38472	0.0
38473	0.0
38474	0.0
38475	0.0
38476	0.0
38477	0.0
38478	0.0
38479	0.0
38480	0.0
38481	0.0
38482	0.0
38483	0.0
38484	0.0
38485	0.0
38486	0.0
38487	0.0
38488	0.0
38489	0.0
38490	0.0
38491	0.0
38492	0.0
38493	0.0
38494	0.0
38495	0.0
38496	0.0
38497	0.0
38498	0.0
38499	0.0
38500	0.0
38501	0.0
38502	0.0
38503	0.0
38504	0.0
38505	0.0
38506	0.0
38507	0.0
38508	0.0
38509	0.0
38510	0.0
38511	0.0
38512	0.0
38513	0.0
38514	0.0
38515	0.0
38516	0.0
38517	0.0
38518	0.0
38519	0.0
38520	0.0
38521	0.0
38522	0.0
38523	0.0
38524	0.0
38525	0.0
38526	0.0
38527	0.0
38528	0.0
38529	0.0
38530	0.0
38531	0.0
38532	0.0
38533	0.0
38534	0.0
38535	0.0
38536	0.0
38537	0.0
38538	0.0
38539	0.0
38540	0.0
38541	0.0
38542	0.0
38543	0.0
38544	0.0
38545	0.0
38546	0.0
38547	0.0
38548	0.0
38549	0.0
38550	0.0
38551	0.0
38552	0.0
38553	0.0
38554	0.0
38555	0.0
38556	0.0
38557	0.0
38558	0.0
38559	0.0
38560	0.0
38561	0.0
38562	0.0
38563	0.0
38564	0.0
38565	0.0
38566	0.0
38567	0.0
38568	0.0
38569	0.0
38570	0.0
38571	0.0
38572	0.0
38573	0.0
38574	0.0
38575	0.0
38576	0.0
38577	0.00392156862745098
38578	0.00392156862745098
38579	0.00392156862745098
38580	0.0
38581	0.0
38582	0.0
38583	0.0
38584	0.0
38585	0.0
38586	0.0
38587	0.0
38588	0.0
38589	0.00392156862745098
38590	0.00392156862745098
38591	0.00392156862745098
38592	0.0
38593	0.0
38594	0.0
38595	0.0
38596	0.0
38597	0.0
38598	0.00392156862745098
38599	0.00392156862745098
38600	0.00392156862745098
38601	0.00392156862745098
38602	0.00392156862745098
38603	0.00392156862745098
38604	0.0
38605	0.0
38606	0.0
38607	0.0
38608	0.0
38609	0.0
38610	0.0
38611	0.0
38612	0.0
38613	0.0
38614	0.0
38615	0.0
38616	0.0
38617	0.0
38618	0.0
38619	0.0
38620	0.0
38621	0.0
38622	0.0
38623	0.0
38624	0.0
38625	0.0
38626	0.0
38627	0.0
38628	0.0
38629	0.0
38630	0.0
38631	0.0
38632	0.0
38633	0.0
38634	0.0
38635	0.0
38636	0.0
38637	0.0
38638	0.0
38639	0.0
38640	0.0
38641	0.0
38642	0.0
38643	0.0
38644	0.0
38645	0.0
38646	0.0
38647	0.0
38648	0.0
38649	0.0
38650	0.0
38651	0.0
38652	0.0
38653	0.0
38654	0.0
38655	0.00392156862745098
38656	0.00392156862745098
38657	0.00392156862745098
38658	0.0
38659	0.0
38660	0.0
38661	0.0
38662	0.0
38663	0.0
38664	0.0
38665	0.0
38666	0.0
38667	0.0
38668	0.0
38669	0.0
38670	0.0
38671	0.0
38672	0.0
38673	0.0
38674	0.0
38675	0.0
38676	0.0
38677	0.0
38678	0.0
38679	0.0
38680	0.0
38681	0.0
38682	0.0
38683	0.0
38684	0.0
38685	0.0
38686	0.0
38687	0.0
38688	0.0
38689	0.0
38690	0.0
38691	0.0
38692	0.0
38693	0.0
38694	0.0
38695	0.0
38696	0.0
38697	0.0
38698	0.0
38699	0.0
38700	0.0
38701	0.0
38702	0.0
38703	0.0
38704	0.0
38705	0.0
38706	0.0
38707	0.0
38708	0.0
38709	0.0
38710	0.0
38711	0.0
38712	0.0
38713	0.0
38714	0.0
38715	0.0
38716	0.0
38717	0.0
38718	0.0
38719	0.0
38720	0.0
38721	0.0
38722	0.0
38723	0.0
38724	0.0
38725	0.0
38726	0.0
38727	0.0
38728	0.0
38729	0.0
38730	0.00392156862745098
38731	0.00392156862745098
38732	0.00392156862745098
38733	0.0
38734	0.0
38735	0.0
38736	0.0
38737	0.0
38738	0.0
38739	0.0
38740	0.0
38741	0.0
38742	0.00392156862745098
38743	0.00392156862745098
38744	0.00392156862745098
38745	0.0
38746	0.0
38747	0.0
38748	0.0
38749	0.0
38750	0.0
38751	0.0
38752	0.0
38753	0.0
38754	0.0
38755	0.0
38756	0.0
38757	0.0
38758	0.0
38759	0.0
38760	0.0
38761	0.0
38762	0.0
38763	0.0
38764	0.0
38765	0.0
38766	0.0
38767	0.0
38768	0.0
38769	0.0
38770	0.0
38771	0.0
38772	0.0
38773	0.0
38774	0.0
38775	0.0
38776	0.0
38777	0.0
38778	0.0
38779	0.0
38780	0.0
38781	0.0
38782	0.0
38783	0.0
38784	0.0
38785	0.0
38786	0.0
38787	0.0
38788	0.0
38789	0.0
38790	0.0
38791	0.0
38792	0.0
38793	0.0
38794	0.0
38795	0.0
38796	0.0
38797	0.0
38798	0.0
38799	0.0
38800	0.0
38801	0.0
38802	0.0
38803	0.0
38804	0.0
38805	0.0
38806	0.0
38807	0.0
38808	0.0
38809	0.0
38810	0.0
38811	0.0
38812	0.0
38813	0.0
38814	0.0
38815	0.0
38816	0.0
38817	0.0
38818	0.0
38819	0.0
38820	0.0
38821	0.0
38822	0.0
38823	0.0
38824	0.0
38825	0.0
38826	0.0
38827	0.0
38828	0.0
38829	0.0
38830	0.0
38831	0.0
38832	0.0
38833	0.0
38834	0.0
38835	0.0
38836	0.0
38837	0.0
38838	0.0
38839	0.0
38840	0.0
38841	0.0
38842	0.0
38843	0.0
38844	0.0
38845	0.0
38846	0.0
38847	0.0
38848	0.0
38849	0.0
38850	0.0
38851	0.0
38852	0.0
38853	0.0
38854	0.0
38855	0.0
38856	0.0
38857	0.0
38858	0.0
38859	0.0
38860	0.0
38861	0.0
38862	0.0
38863	0.0
38864	0.0
38865	0.0
38866	0.0
38867	0.0
38868	0.0
38869	0.0
38870	0.0
38871	0.0
38872	0.0
38873	0.0
38874	0.0
38875	0.0
38876	0.0
38877	0.0
38878	0.0
38879	0.0
38880	0.0
38881	0.0
38882	0.0
38883	0.0
38884	0.0
38885	0.0
38886	0.0
38887	0.0
38888	0.0
38889	0.0
38890	0.0
38891	0.0
38892	0.0
38893	0.0
38894	0.0
38895	0.0
38896	0.0
38897	0.0
38898	0.0
38899	0.0
38900	0.0
38901	0.00392156862745098
38902	0.00392156862745098
38903	0.00392156862745098
38904	0.00784313725490196
38905	0.00784313725490196
38906	0.00784313725490196
38907	0.00392156862745098
38908	0.00392156862745098
38909	0.00392156862745098
38910	0.0
38911	0.0
38912	0.0
38913	0.0
38914	0.0
38915	0.0
38916	0.0
38917	0.0
38918	0.0
38919	0.0
38920	0.0
38921	0.0
38922	0.0
38923	0.0
38924	0.0
38925	0.00392156862745098
38926	0.00392156862745098
38927	0.00392156862745098
38928	0.0
38929	0.0
38930	0.0
38931	0.0
38932	0.0
38933	0.0
38934	0.0
38935	0.0
38936	0.0
38937	0.0
38938	0.0
38939	0.0
38940	0.0
38941	0.0
38942	0.0
38943	0.0
38944	0.0
38945	0.0
38946	0.0
38947	0.0
38948	0.0
38949	0.0
38950	0.0
38951	0.0
38952	0.0
38953	0.0
38954	0.0
38955	0.0
38956	0.0
38957	0.0
38958	0.0
38959	0.0
38960	0.0
38961	0.00392156862745098
38962	0.00392156862745098
38963	0.00392156862745098
38964	0.0
38965	0.0
38966	0.0
38967	0.0
38968	0.0
38969	0.0
38970	0.00392156862745098
38971	0.00392156862745098
38972	0.00392156862745098
38973	0.0
38974	0.0
38975	0.0
38976	0.00392156862745098
38977	0.00392156862745098
38978	0.00392156862745098
38979	0.00392156862745098
38980	0.00392156862745098
38981	0.00392156862745098
38982	0.00392156862745098
38983	0.00392156862745098
38984	0.00392156862745098
38985	0.00392156862745098
38986	0.00392156862745098
38987	0.00392156862745098
38988	0.0
38989	0.0
38990	0.0
38991	0.0
38992	0.0
38993	0.0
38994	0.0
38995	0.0
38996	0.0
38997	0.0
38998	0.0
38999	0.0
39000	0.00392156862745098
39001	0.00392156862745098
39002	0.00392156862745098
39003	0.0
39004	0.0
39005	0.0
39006	0.0
39007	0.0
39008	0.0
39009	0.0
39010	0.0
39011	0.0
39012	0.0
39013	0.0
39014	0.0
39015	0.00392156862745098
39016	0.00392156862745098
39017	0.00392156862745098
39018	0.00392156862745098
39019	0.00392156862745098
39020	0.00392156862745098
39021	0.0
39022	0.0
39023	0.0
39024	0.0
39025	0.0
39026	0.0
39027	0.0
39028	0.0
39029	0.0
39030	0.0
39031	0.0
39032	0.0
39033	0.0
39034	0.0
39035	0.0
39036	0.0
39037	0.0
39038	0.0
39039	0.00392156862745098
39040	0.00392156862745098
39041	0.00392156862745098
39042	0.0
39043	0.0
39044	0.0
39045	0.0
39046	0.0
39047	0.0
39048	0.0
39049	0.0
39050	0.0
39051	0.00784313725490196
39052	0.00784313725490196
39053	0.00784313725490196
39054	0.0
39055	0.0
39056	0.0
39057	0.0
39058	0.0
39059	0.0
39060	0.0
39061	0.0
39062	0.0
39063	0.0
39064	0.0
39065	0.0
39066	0.0
39067	0.0
39068	0.0
39069	0.0
39070	0.0
39071	0.0
39072	0.0
39073	0.0
39074	0.0
39075	0.0
39076	0.0
39077	0.0
39078	0.0
39079	0.0
39080	0.0
39081	0.0
39082	0.0
39083	0.0
39084	0.0
39085	0.0
39086	0.0
39087	0.0
39088	0.0
39089	0.0
39090	0.0
39091	0.0
39092	0.0
39093	0.0
39094	0.0
39095	0.0
39096	0.0
39097	0.0
39098	0.0
39099	0.0
39100	0.0
39101	0.0
39102	0.0
39103	0.0
39104	0.0
39105	0.0
39106	0.0
39107	0.0
39108	0.0
39109	0.0
39110	0.0
39111	0.00392156862745098
39112	0.00392156862745098
39113	0.00392156862745098
39114	0.00392156862745098
39115	0.00392156862745098
39116	0.00392156862745098
39117	0.0
39118	0.0
39119	0.0
39120	0.0
39121	0.0
39122	0.0
39123	0.0
39124	0.0
39125	0.0
39126	0.00392156862745098
39127	0.00392156862745098
39128	0.00392156862745098
39129	0.0
39130	0.0
39131	0.0
39132	0.0
39133	0.0
39134	0.0
39135	0.0
39136	0.0
39137	0.0
39138	0.0
39139	0.0
39140	0.0
39141	0.0
39142	0.0
39143	0.0
39144	0.0
39145	0.0
39146	0.0
39147	0.0
39148	0.0
39149	0.0
39150	0.0
39151	0.0
39152	0.0
39153	0.0
39154	0.0
39155	0.0
39156	0.0
39157	0.0
39158	0.0
39159	0.0
39160	0.0
39161	0.0
39162	0.00392156862745098
39163	0.00392156862745098
39164	0.00392156862745098
39165	0.0
39166	0.0
39167	0.0
39168	0.0
39169	0.0
39170	0.0
39171	0.0
39172	0.0
39173	0.0
39174	0.0
39175	0.0
39176	0.0
39177	0.0
39178	0.0
39179	0.0
39180	0.0
39181	0.0
39182	0.0
39183	0.0
39184	0.0
39185	0.0
39186	0.0
39187	0.0
39188	0.0
39189	0.0
39190	0.0
39191	0.0
39192	0.0
39193	0.0
39194	0.0
39195	0.0
39196	0.0
39197	0.0
39198	0.0
39199	0.0
39200	0.0
39201	0.0
39202	0.0
39203	0.0
39204	0.0
39205	0.0
39206	0.0
39207	0.0
39208	0.0
39209	0.0
39210	0.0
39211	0.0
39212	0.0
39213	0.0
39214	0.0
39215	0.0
39216	0.0
39217	0.0
39218	0.0
39219	0.0
39220	0.0
39221	0.0
39222	0.0
39223	0.0
39224	0.0
39225	0.0
39226	0.0
39227	0.0
39228	0.0
39229	0.0
39230	0.0
39231	0.0
39232	0.0
39233	0.0
39234	0.0
39235	0.0
39236	0.0
39237	0.0
39238	0.0
39239	0.0
39240	0.0
39241	0.0
39242	0.0
39243	0.0
39244	0.0
39245	0.0
39246	0.0
39247	0.0
39248	0.0
39249	0.0
39250	0.0
39251	0.0
39252	0.0
39253	0.0
39254	0.0
39255	0.0
39256	0.0
39257	0.0
39258	0.0
39259	0.0
39260	0.0
39261	0.0
39262	0.0
39263	0.0
39264	0.0
39265	0.0
39266	0.0
39267	0.0
39268	0.0
39269	0.0
39270	0.00392156862745098
39271	0.00392156862745098
39272	0.00392156862745098
39273	0.0
39274	0.0
39275	0.0
39276	0.0
39277	0.0
39278	0.0
39279	0.0
39280	0.0
39281	0.0
39282	0.0
39283	0.0
39284	0.0
39285	0.00392156862745098
39286	0.00392156862745098
39287	0.00392156862745098
39288	0.00392156862745098
39289	0.00392156862745098
39290	0.00392156862745098
39291	0.00392156862745098
39292	0.00392156862745098
39293	0.00392156862745098
39294	0.0
39295	0.0
39296	0.0
39297	0.0
39298	0.0
39299	0.0
39300	0.0
39301	0.0
39302	0.0
39303	0.0
39304	0.0
39305	0.0
39306	0.0
39307	0.0
39308	0.0
39309	0.0
39310	0.0
39311	0.0
39312	0.0
39313	0.0
39314	0.0
39315	0.0
39316	0.0
39317	0.0
39318	0.0
39319	0.0
39320	0.0
39321	0.0
39322	0.0
39323	0.0
39324	0.0
39325	0.0
39326	0.0
39327	0.0
39328	0.0
39329	0.0
39330	0.0
39331	0.0
39332	0.0
39333	0.0
39334	0.0
39335	0.0
39336	0.0
39337	0.0
39338	0.0
39339	0.0
39340	0.0
39341	0.0
39342	0.0
39343	0.0
39344	0.0
39345	0.0
39346	0.0
39347	0.0
39348	0.0
39349	0.0
39350	0.0
39351	0.0
39352	0.0
39353	0.0
39354	0.0
39355	0.0
39356	0.0
39357	0.0
39358	0.0
39359	0.0
39360	0.0
39361	0.0
39362	0.0
39363	0.00392156862745098
39364	0.00392156862745098
39365	0.00392156862745098
39366	0.0
39367	0.0
39368	0.0
39369	0.0
39370	0.0
39371	0.0
39372	0.0
39373	0.0
39374	0.0
39375	0.0
39376	0.0
39377	0.0
39378	0.0
39379	0.0
39380	0.0
39381	0.0
39382	0.0
39383	0.0
39384	0.00392156862745098
39385	0.00392156862745098
39386	0.00392156862745098
39387	0.0
39388	0.0
39389	0.0
39390	0.0
39391	0.0
39392	0.0
39393	0.0
39394	0.0
39395	0.0
39396	0.0
39397	0.0
39398	0.0
39399	0.0
39400	0.0
39401	0.0
39402	0.00392156862745098
39403	0.00392156862745098
39404	0.00392156862745098
39405	0.00392156862745098
39406	0.00392156862745098
39407	0.00392156862745098
39408	0.00392156862745098
39409	0.00392156862745098
39410	0.00392156862745098
39411	0.0
39412	0.0
39413	0.0
39414	0.0
39415	0.0
39416	0.0
39417	0.00392156862745098
39418	0.00392156862745098
39419	0.00392156862745098
39420	0.00784313725490196
39421	0.00784313725490196
39422	0.00784313725490196
39423	0.0
39424	0.0
39425	0.0
39426	0.0
39427	0.0
39428	0.0
39429	0.0
39430	0.0
39431	0.0
39432	0.0
39433	0.0
39434	0.0
39435	0.00392156862745098
39436	0.00392156862745098
39437	0.00392156862745098
39438	0.0
39439	0.0
39440	0.0
39441	0.0
39442	0.0
39443	0.0
39444	0.0
39445	0.0
39446	0.0
39447	0.0
39448	0.0
39449	0.0
39450	0.0
39451	0.0
39452	0.0
39453	0.0
39454	0.0
39455	0.0
39456	0.0
39457	0.0
39458	0.0
39459	0.0
39460	0.0
39461	0.0
39462	0.0
39463	0.0
39464	0.0
39465	0.0
39466	0.0
39467	0.0
39468	0.0
39469	0.0
39470	0.0
39471	0.0
39472	0.0
39473	0.0
39474	0.0
39475	0.0
39476	0.0
39477	0.0
39478	0.0
39479	0.0
39480	0.0
39481	0.0
39482	0.0
39483	0.0
39484	0.0
39485	0.0
39486	0.0
39487	0.0
39488	0.0
39489	0.0
39490	0.0
39491	0.0
39492	0.0
39493	0.0
39494	0.0
39495	0.00392156862745098
39496	0.00392156862745098
39497	0.00392156862745098
39498	0.00392156862745098
39499	0.00392156862745098
39500	0.00392156862745098
39501	0.0
39502	0.0
39503	0.0
39504	0.0
39505	0.0
39506	0.0
39507	0.0
39508	0.0
39509	0.0
39510	0.0
39511	0.0
39512	0.0
39513	0.00392156862745098
39514	0.00392156862745098
39515	0.00392156862745098
39516	0.0
39517	0.0
39518	0.0
39519	0.0
39520	0.0
39521	0.0
39522	0.0
39523	0.0
39524	0.0
39525	0.00392156862745098
39526	0.00392156862745098
39527	0.00392156862745098
39528	0.0
39529	0.0
39530	0.0
39531	0.0
39532	0.0
39533	0.0
39534	0.0
39535	0.0
39536	0.0
39537	0.0
39538	0.0
39539	0.0
39540	0.0
39541	0.0
39542	0.0
39543	0.0
39544	0.0
39545	0.0
39546	0.0
39547	0.0
39548	0.0
39549	0.0
39550	0.0
39551	0.0
39552	0.0
39553	0.0
39554	0.0
39555	0.0
39556	0.0
39557	0.0
39558	0.0
39559	0.0
39560	0.0
39561	0.0
39562	0.0
39563	0.0
39564	0.0
39565	0.0
39566	0.0
39567	0.0
39568	0.0
39569	0.0
39570	0.0
39571	0.0
39572	0.0
39573	0.0
39574	0.0
39575	0.0
39576	0.0
39577	0.0
39578	0.0
39579	0.0
39580	0.0
39581	0.0
39582	0.0
39583	0.0
39584	0.0
39585	0.00392156862745098
39586	0.00392156862745098
39587	0.00392156862745098
39588	0.0
39589	0.0
39590	0.0
39591	0.0
39592	0.0
39593	0.0
39594	0.0
39595	0.0
39596	0.0
39597	0.0
39598	0.0
39599	0.0
39600	0.0
39601	0.0
39602	0.0
39603	0.0
39604	0.0
39605	0.0
39606	0.0
39607	0.0
39608	0.0
39609	0.0
39610	0.0
39611	0.0
39612	0.0
39613	0.0
39614	0.0
39615	0.0
39616	0.0
39617	0.0
39618	0.0
39619	0.0
39620	0.0
39621	0.0
39622	0.0
39623	0.0
39624	0.0
39625	0.0
39626	0.0
39627	0.00392156862745098
39628	0.00392156862745098
39629	0.00392156862745098
39630	0.0
39631	0.0
39632	0.0
39633	0.0
39634	0.0
39635	0.0
39636	0.0
39637	0.0
39638	0.0
39639	0.0
39640	0.0
39641	0.0
39642	0.0
39643	0.0
39644	0.0
39645	0.0
39646	0.0
39647	0.0
39648	0.0
39649	0.0
39650	0.0
39651	0.0
39652	0.0
39653	0.0
39654	0.0
39655	0.0
39656	0.0
39657	0.0
39658	0.0
39659	0.0
39660	0.0
39661	0.0
39662	0.0
39663	0.0
39664	0.0
39665	0.0
39666	0.0
39667	0.0
39668	0.0
39669	0.0
39670	0.0
39671	0.0
39672	0.0
39673	0.0
39674	0.0
39675	0.0
39676	0.0
39677	0.0
39678	0.0
39679	0.0
39680	0.0
39681	0.0
39682	0.0
39683	0.0
39684	0.0
39685	0.0
39686	0.0
39687	0.0
39688	0.0
39689	0.0
39690	0.0
39691	0.0
39692	0.0
39693	0.0
39694	0.0
39695	0.0
39696	0.0
39697	0.0
39698	0.0
39699	0.0
39700	0.0
39701	0.0
39702	0.0
39703	0.0
39704	0.0
39705	0.0
39706	0.0
39707	0.0
39708	0.0
39709	0.0
39710	0.0
39711	0.0
39712	0.0
39713	0.0
39714	0.0
39715	0.0
39716	0.0
39717	0.0
39718	0.0
39719	0.0
39720	0.0
39721	0.0
39722	0.0
39723	0.0
39724	0.0
39725	0.0
39726	0.0
39727	0.0
39728	0.0
39729	0.0
39730	0.0
39731	0.0
39732	0.0
39733	0.0
39734	0.0
39735	0.0
39736	0.0
39737	0.0
39738	0.0
39739	0.0
39740	0.0
39741	0.0
39742	0.0
39743	0.0
39744	0.0
39745	0.0
39746	0.0
39747	0.0
39748	0.0
39749	0.0
39750	0.0
39751	0.0
39752	0.0
39753	0.0
39754	0.0
39755	0.0
39756	0.0
39757	0.0
39758	0.0
39759	0.0
39760	0.0
39761	0.0
39762	0.0
39763	0.0
39764	0.0
39765	0.0
39766	0.0
39767	0.0
39768	0.0
39769	0.0
39770	0.0
39771	0.0
39772	0.0
39773	0.0
39774	0.0
39775	0.0
39776	0.0
39777	0.0
39778	0.0
39779	0.0
39780	0.0
39781	0.0
39782	0.0
39783	0.0
39784	0.0
39785	0.0
39786	0.0
39787	0.0
39788	0.0
39789	0.0
39790	0.0
39791	0.0
39792	0.00392156862745098
39793	0.00392156862745098
39794	0.00392156862745098
39795	0.0
39796	0.0
39797	0.0
39798	0.0
39799	0.0
39800	0.0
39801	0.0
39802	0.0
39803	0.0
39804	0.0
39805	0.0
39806	0.0
39807	0.00392156862745098
39808	0.00392156862745098
39809	0.00392156862745098
39810	0.0
39811	0.0
39812	0.0
39813	0.0
39814	0.0
39815	0.0
39816	0.0
39817	0.0
39818	0.0
39819	0.0
39820	0.0
39821	0.0
39822	0.0
39823	0.0
39824	0.0
39825	0.0
39826	0.0
39827	0.0
39828	0.00392156862745098
39829	0.00392156862745098
39830	0.00392156862745098
39831	0.0
39832	0.0
39833	0.0
39834	0.0
39835	0.0
39836	0.0
39837	0.0
39838	0.0
39839	0.0
39840	0.0
39841	0.0
39842	0.0
39843	0.0
39844	0.0
39845	0.0
39846	0.0
39847	0.0
39848	0.0
39849	0.0
39850	0.0
39851	0.0
39852	0.0
39853	0.0
39854	0.0
39855	0.0
39856	0.0
39857	0.0
39858	0.0
39859	0.0
39860	0.0
39861	0.00784313725490196
39862	0.00784313725490196
39863	0.00784313725490196
39864	0.00392156862745098
39865	0.00392156862745098
39866	0.00392156862745098
39867	0.0
39868	0.0
39869	0.0
39870	0.0
39871	0.0
39872	0.0
39873	0.0
39874	0.0
39875	0.0
39876	0.0
39877	0.0
39878	0.0
39879	0.0
39880	0.0
39881	0.0
39882	0.0
39883	0.0
39884	0.0
39885	0.0
39886	0.0
39887	0.0
39888	0.0
39889	0.0
39890	0.0
39891	0.0
39892	0.0
39893	0.0
39894	0.0
39895	0.0
39896	0.0
39897	0.0
39898	0.0
39899	0.0
39900	0.00392156862745098
39901	0.00392156862745098
39902	0.00392156862745098
39903	0.0
39904	0.0
39905	0.0
39906	0.0
39907	0.0
39908	0.0
39909	0.0
39910	0.0
39911	0.0
39912	0.0
39913	0.0
39914	0.0
39915	0.0
39916	0.0
39917	0.0
39918	0.0
39919	0.0
39920	0.0
39921	0.0
39922	0.0
39923	0.0
39924	0.0
39925	0.0
39926	0.0
39927	0.0
39928	0.0
39929	0.0
39930	0.0
39931	0.0
39932	0.0
39933	0.00392156862745098
39934	0.00392156862745098
39935	0.00392156862745098
39936	0.0
39937	0.0
39938	0.0
39939	0.0
39940	0.0
39941	0.0
39942	0.0
39943	0.0
39944	0.0
39945	0.0
39946	0.0
39947	0.0
39948	0.0
39949	0.0
39950	0.0
39951	0.0
39952	0.0
39953	0.0
39954	0.0
39955	0.0
39956	0.0
39957	0.0
39958	0.0
39959	0.0
39960	0.0
39961	0.0
39962	0.0
39963	0.0
39964	0.0
39965	0.0
39966	0.00392156862745098
39967	0.00392156862745098
39968	0.00392156862745098
39969	0.0
39970	0.0
39971	0.0
39972	0.0
39973	0.0
39974	0.0
39975	0.0
39976	0.0
39977	0.0
39978	0.0
39979	0.0
39980	0.0
39981	0.0
39982	0.0
39983	0.0
39984	0.0
39985	0.0
39986	0.0
39987	0.0
39988	0.0
39989	0.0
39990	0.0
39991	0.0
39992	0.0
39993	0.0
39994	0.0
39995	0.0
39996	0.0
39997	0.0
39998	0.0
39999	0.0
40000	0.0
40001	0.0
40002	0.0
40003	0.0
40004	0.0
40005	0.0
40006	0.0
40007	0.0
40008	0.0
40009	0.0
40010	0.0
40011	0.00392156862745098
40012	0.00392156862745098
40013	0.00392156862745098
40014	0.0
40015	0.0
40016	0.0
40017	0.0
40018	0.0
40019	0.0
40020	0.0
40021	0.0
40022	0.0
40023	0.0
40024	0.0
40025	0.0
40026	0.0
40027	0.0
40028	0.0
40029	0.0
40030	0.0
40031	0.0
40032	0.0
40033	0.0
40034	0.0
40035	0.0
40036	0.0
40037	0.0
40038	0.0
40039	0.0
40040	0.0
40041	0.0
40042	0.0
40043	0.0
40044	0.0
40045	0.0
40046	0.0
40047	0.0
40048	0.0
40049	0.0
40050	0.0
40051	0.0
40052	0.0
40053	0.0
40054	0.0
40055	0.0
40056	0.0
40057	0.0
40058	0.0
40059	0.0
40060	0.0
40061	0.0
40062	0.0
40063	0.0
40064	0.0
40065	0.0
40066	0.0
40067	0.0
40068	0.0
40069	0.0
40070	0.0
40071	0.0
40072	0.0
40073	0.0
40074	0.0
40075	0.0
40076	0.0
40077	0.0
40078	0.0
40079	0.0
40080	0.0
40081	0.0
40082	0.0
40083	0.0
40084	0.0
40085	0.0
40086	0.0
40087	0.0
40088	0.0
40089	0.0
40090	0.0
40091	0.0
40092	0.0
40093	0.0
40094	0.0
40095	0.0
40096	0.0
40097	0.0
40098	0.0
40099	0.0
40100	0.0
40101	0.0
40102	0.0
40103	0.0
40104	0.0
40105	0.0
40106	0.0
40107	0.0
40108	0.0
40109	0.0
40110	0.0
40111	0.0
40112	0.0
40113	0.0
40114	0.0
40115	0.0
40116	0.0
40117	0.0
40118	0.0
40119	0.0
40120	0.0
40121	0.0
40122	0.0
40123	0.0
40124	0.0
40125	0.0
40126	0.0
40127	0.0
40128	0.0
40129	0.0
40130	0.0
40131	0.0
40132	0.0
40133	0.0
40134	0.0
40135	0.0
40136	0.0
40137	0.0
40138	0.0
40139	0.0
40140	0.0
40141	0.0
40142	0.0
40143	0.0
40144	0.0
40145	0.0
40146	0.0
40147	0.0
40148	0.0
40149	0.0
40150	0.0
40151	0.0
40152	0.0
40153	0.0
40154	0.0
40155	0.0
40156	0.0
40157	0.0
40158	0.0
40159	0.0
40160	0.0
40161	0.0
40162	0.0
40163	0.0
40164	0.0
40165	0.0
40166	0.0
40167	0.0
40168	0.0
40169	0.0
40170	0.0
40171	0.0
40172	0.0
40173	0.0
40174	0.0
40175	0.0
40176	0.0
40177	0.0
40178	0.0
40179	0.0
40180	0.0
40181	0.0
40182	0.0
40183	0.0
40184	0.0
40185	0.0
40186	0.0
40187	0.0
40188	0.0
40189	0.0
40190	0.0
40191	0.00392156862745098
40192	0.00392156862745098
40193	0.00392156862745098
40194	0.0
40195	0.0
40196	0.0
40197	0.0
40198	0.0
40199	0.0
40200	0.00392156862745098
40201	0.00392156862745098
40202	0.00392156862745098
40203	0.0
40204	0.0
40205	0.0
40206	0.00392156862745098
40207	0.00392156862745098
40208	0.00392156862745098
40209	0.00392156862745098
40210	0.00392156862745098
40211	0.00392156862745098
40212	0.00392156862745098
40213	0.00392156862745098
40214	0.00392156862745098
40215	0.0
40216	0.0
40217	0.0
40218	0.0
40219	0.0
40220	0.0
40221	0.0
40222	0.0
40223	0.0
40224	0.0
40225	0.0
40226	0.0
40227	0.0
40228	0.0
40229	0.0
40230	0.0
40231	0.0
40232	0.0
40233	0.0
40234	0.0
40235	0.0
40236	0.0
40237	0.0
40238	0.0
40239	0.0
40240	0.0
40241	0.0
40242	0.0
40243	0.0
40244	0.0
40245	0.00784313725490196
40246	0.00784313725490196
40247	0.00784313725490196
40248	0.0
40249	0.0
40250	0.0
40251	0.0
40252	0.0
40253	0.0
40254	0.0
40255	0.0
40256	0.0
40257	0.0
40258	0.0
40259	0.0
40260	0.0
40261	0.0
40262	0.0
40263	0.0
40264	0.0
40265	0.0
40266	0.0
40267	0.0
40268	0.0
40269	0.0
40270	0.0
40271	0.0
40272	0.0
40273	0.0
40274	0.0
40275	0.0
40276	0.0
40277	0.0
40278	0.0
40279	0.0
40280	0.0
40281	0.0
40282	0.0
40283	0.0
40284	0.00392156862745098
40285	0.00392156862745098
40286	0.00392156862745098
40287	0.0
40288	0.0
40289	0.0
40290	0.0
40291	0.0
40292	0.0
40293	0.0
40294	0.0
40295	0.0
40296	0.0
40297	0.0
40298	0.0
40299	0.0
40300	0.0
40301	0.0
40302	0.0
40303	0.0
40304	0.0
40305	0.0
40306	0.0
40307	0.0
40308	0.0
40309	0.0
40310	0.0
40311	0.0
40312	0.0
40313	0.0
40314	0.0
40315	0.0
40316	0.0
40317	0.00392156862745098
40318	0.00392156862745098
40319	0.00392156862745098
40320	0.0
40321	0.0
40322	0.0
40323	0.0
40324	0.0
40325	0.0
40326	0.0
40327	0.0
40328	0.0
40329	0.0
40330	0.0
40331	0.0
40332	0.0
40333	0.0
40334	0.0
40335	0.0
40336	0.0
40337	0.0
40338	0.0
40339	0.0
40340	0.0
40341	0.0
40342	0.0
40343	0.0
40344	0.0
40345	0.0
40346	0.0
40347	0.0
40348	0.0
40349	0.0
40350	0.0
40351	0.0
40352	0.0
40353	0.0
40354	0.0
40355	0.0
40356	0.0
40357	0.0
40358	0.0
40359	0.0
40360	0.0
40361	0.0
40362	0.0
40363	0.0
40364	0.0
40365	0.0
40366	0.0
40367	0.0
40368	0.0
40369	0.0
40370	0.0
40371	0.0
40372	0.0
40373	0.0
40374	0.0
40375	0.0
40376	0.0
40377	0.0
40378	0.0
40379	0.0
40380	0.0
40381	0.0
40382	0.0
40383	0.0
40384	0.0
40385	0.0
40386	0.0
40387	0.0
40388	0.0
40389	0.0
40390	0.0
40391	0.0
40392	0.00392156862745098
40393	0.00392156862745098
40394	0.00392156862745098
40395	0.00392156862745098
40396	0.00392156862745098
40397	0.00392156862745098
40398	0.0
40399	0.0
40400	0.0
40401	0.00392156862745098
40402	0.00392156862745098
40403	0.00392156862745098
40404	0.0
40405	0.0
40406	0.0
40407	0.0
40408	0.0
40409	0.0
40410	0.0
40411	0.0
40412	0.0
40413	0.0
40414	0.0
40415	0.0
40416	0.0
40417	0.0
40418	0.0
40419	0.0
40420	0.0
40421	0.0
40422	0.0
40423	0.0
40424	0.0
40425	0.0
40426	0.0
40427	0.0
40428	0.0
40429	0.0
40430	0.0
40431	0.0
40432	0.0
40433	0.0
40434	0.0
40435	0.0
40436	0.0
40437	0.00392156862745098
40438	0.00392156862745098
40439	0.00392156862745098
40440	0.0
40441	0.0
40442	0.0
40443	0.00392156862745098
40444	0.00392156862745098
40445	0.00392156862745098
40446	0.00392156862745098
40447	0.00392156862745098
40448	0.00392156862745098
40449	0.0
40450	0.0
40451	0.0
40452	0.0
40453	0.0
40454	0.0
40455	0.0
40456	0.0
40457	0.0
40458	0.0
40459	0.0
40460	0.0
40461	0.0
40462	0.0
40463	0.0
40464	0.0
40465	0.0
40466	0.0
40467	0.0
40468	0.0
40469	0.0
40470	0.0
40471	0.0
40472	0.0
40473	0.0
40474	0.0
40475	0.0
40476	0.0
40477	0.0
40478	0.0
40479	0.0
40480	0.0
40481	0.0
40482	0.0
40483	0.0
40484	0.0
40485	0.0
40486	0.0
40487	0.0
40488	0.0
40489	0.0
40490	0.0
40491	0.0
40492	0.0
40493	0.0
40494	0.0
40495	0.0
40496	0.0
40497	0.0
40498	0.0
40499	0.0
40500	0.00392156862745098
40501	0.00392156862745098
40502	0.00392156862745098
40503	0.0
40504	0.0
40505	0.0
40506	0.0
40507	0.0
40508	0.0
40509	0.0
40510	0.0
40511	0.0
40512	0.0
40513	0.0
40514	0.0
40515	0.0
40516	0.0
40517	0.0
40518	0.0
40519	0.0
40520	0.0
40521	0.0
40522	0.0
40523	0.0
40524	0.0
40525	0.0
40526	0.0
40527	0.0
40528	0.0
40529	0.0
40530	0.0
40531	0.0
40532	0.0
40533	0.0
40534	0.0
40535	0.0
40536	0.0
40537	0.0
40538	0.0
40539	0.0
40540	0.0
40541	0.0
40542	0.0
40543	0.0
40544	0.0
40545	0.0
40546	0.0
40547	0.0
40548	0.0
40549	0.0
40550	0.0
40551	0.0
40552	0.0
40553	0.0
40554	0.0
40555	0.0
40556	0.0
40557	0.0
40558	0.0
40559	0.0
40560	0.0
40561	0.0
40562	0.0
40563	0.00392156862745098
40564	0.00392156862745098
40565	0.00392156862745098
40566	0.0
40567	0.0
40568	0.0
40569	0.0
40570	0.0
40571	0.0
40572	0.0
40573	0.0
40574	0.0
40575	0.0
40576	0.0
40577	0.0
40578	0.0
40579	0.0
40580	0.0
40581	0.0
40582	0.0
40583	0.0
40584	0.0
40585	0.0
40586	0.0
40587	0.00784313725490196
40588	0.00784313725490196
40589	0.00784313725490196
40590	0.00392156862745098
40591	0.00392156862745098
40592	0.00392156862745098
40593	0.0
40594	0.0
40595	0.0
40596	0.0
40597	0.0
40598	0.0
40599	0.0
40600	0.0
40601	0.0
40602	0.0
40603	0.0
40604	0.0
40605	0.0
40606	0.0
40607	0.0
40608	0.0
40609	0.0
40610	0.0
40611	0.0
40612	0.0
40613	0.0
40614	0.0
40615	0.0
40616	0.0
40617	0.0
40618	0.0
40619	0.0
40620	0.0
40621	0.0
40622	0.0
40623	0.0
40624	0.0
40625	0.0
40626	0.00392156862745098
40627	0.00392156862745098
40628	0.00392156862745098
40629	0.0
40630	0.0
40631	0.0
40632	0.0
40633	0.0
40634	0.0
40635	0.0
40636	0.0
40637	0.0
40638	0.0
40639	0.0
40640	0.0
40641	0.0
40642	0.0
40643	0.0
40644	0.0
40645	0.0
40646	0.0
40647	0.0
40648	0.0
40649	0.0
40650	0.0
40651	0.0
40652	0.0
40653	0.0
40654	0.0
40655	0.0
40656	0.0
40657	0.0
40658	0.0
40659	0.0
40660	0.0
40661	0.0
40662	0.0
40663	0.0
40664	0.0
40665	0.0
40666	0.0
40667	0.0
40668	0.0
40669	0.0
40670	0.0
40671	0.0
40672	0.0
40673	0.0
40674	0.0
40675	0.0
40676	0.0
40677	0.0
40678	0.0
40679	0.0
40680	0.0
40681	0.0
40682	0.0
40683	0.0
40684	0.0
40685	0.0
40686	0.0
40687	0.0
40688	0.0
40689	0.0
40690	0.0
40691	0.0
40692	0.0
40693	0.0
40694	0.0
40695	0.0
40696	0.0
40697	0.0
40698	0.0
40699	0.0
40700	0.0
40701	0.0
40702	0.0
40703	0.0
40704	0.0
40705	0.0
40706	0.0
40707	0.0
40708	0.0
40709	0.0
40710	0.0
40711	0.0
40712	0.0
40713	0.0
40714	0.0
40715	0.0
40716	0.0
40717	0.0
40718	0.0
40719	0.0
40720	0.0
40721	0.0
40722	0.0
40723	0.0
40724	0.0
40725	0.0
40726	0.0
40727	0.0
40728	0.0
40729	0.0
40730	0.0
40731	0.0
40732	0.0
40733	0.0
40734	0.0
40735	0.0
40736	0.0
40737	0.0
40738	0.0
40739	0.0
40740	0.0
40741	0.0
40742	0.0
40743	0.0
40744	0.0
40745	0.0
40746	0.0
40747	0.0
40748	0.0
40749	0.0
40750	0.0
40751	0.0
40752	0.0
40753	0.0
40754	0.0
40755	0.0
40756	0.0
40757	0.0
40758	0.0
40759	0.0
40760	0.0
40761	0.0
40762	0.0
40763	0.0
40764	0.0
40765	0.0
40766	0.0
40767	0.0
40768	0.0
40769	0.0
40770	0.0
40771	0.0
40772	0.0
40773	0.0
40774	0.0
40775	0.0
40776	0.0
40777	0.0
40778	0.0
40779	0.0
40780	0.0
40781	0.0
40782	0.0
40783	0.0
40784	0.0
40785	0.00392156862745098
40786	0.00392156862745098
40787	0.00392156862745098
40788	0.0
40789	0.0
40790	0.0
40791	0.0
40792	0.0
40793	0.0
40794	0.0
40795	0.0
40796	0.0
40797	0.0
40798	0.0
40799	0.0
40800	0.0
40801	0.0
40802	0.0
40803	0.0
40804	0.0
40805	0.0
40806	0.0
40807	0.0
40808	0.0
40809	0.0
40810	0.0
40811	0.0
40812	0.0
40813	0.0
40814	0.0
40815	0.0
40816	0.0
40817	0.0
40818	0.0
40819	0.0
40820	0.0
40821	0.00392156862745098
40822	0.00392156862745098
40823	0.00392156862745098
40824	0.0
40825	0.0
40826	0.0
40827	0.00392156862745098
40828	0.00392156862745098
40829	0.00392156862745098
40830	0.0
40831	0.0
40832	0.0
40833	0.0
40834	0.0
40835	0.0
40836	0.0
40837	0.0
40838	0.0
40839	0.0
40840	0.0
40841	0.0
40842	0.0
40843	0.0
40844	0.0
40845	0.0
40846	0.0
40847	0.0
40848	0.0
40849	0.0
40850	0.0
40851	0.0
40852	0.0
40853	0.0
40854	0.0
40855	0.0
40856	0.0
40857	0.0
40858	0.0
40859	0.0
40860	0.0
40861	0.0
40862	0.0
40863	0.0
40864	0.0
40865	0.0
40866	0.0
40867	0.0
40868	0.0
40869	0.0
40870	0.0
40871	0.0
40872	0.0
40873	0.0
40874	0.0
40875	0.0
40876	0.0
40877	0.0
40878	0.0
40879	0.0
40880	0.0
40881	0.00392156862745098
40882	0.00392156862745098
40883	0.00392156862745098
40884	0.00392156862745098
40885	0.00392156862745098
40886	0.00392156862745098
40887	0.0
40888	0.0
40889	0.0
40890	0.0
40891	0.0
40892	0.0
40893	0.0
40894	0.0
40895	0.0
40896	0.0
40897	0.0
40898	0.0
40899	0.0
40900	0.0
40901	0.0
40902	0.00392156862745098
40903	0.00392156862745098
40904	0.00392156862745098
40905	0.0
40906	0.0
40907	0.0
40908	0.0
40909	0.0
40910	0.0
40911	0.0
40912	0.0
40913	0.0
40914	0.0
40915	0.0
40916	0.0
40917	0.0
40918	0.0
40919	0.0
40920	0.0
40921	0.0
40922	0.0
40923	0.0
40924	0.0
40925	0.0
40926	0.0
40927	0.0
40928	0.0
40929	0.0
40930	0.0
40931	0.0
40932	0.0
40933	0.0
40934	0.0
40935	0.0
40936	0.0
40937	0.0
40938	0.0
40939	0.0
40940	0.0
40941	0.0
40942	0.0
40943	0.0
40944	0.0
40945	0.0
40946	0.0
40947	0.0
40948	0.0
40949	0.0
40950	0.0
40951	0.0
40952	0.0
40953	0.0
40954	0.0
40955	0.0
40956	0.0
40957	0.0
40958	0.0
40959	0.0
40960	0.0
40961	0.0
40962	0.0
40963	0.0
40964	0.0
40965	0.0
40966	0.0
40967	0.0
40968	0.0
40969	0.0
40970	0.0
40971	0.00392156862745098
40972	0.00392156862745098
40973	0.00392156862745098
40974	0.00392156862745098
40975	0.00392156862745098
40976	0.00392156862745098
40977	0.0
40978	0.0
40979	0.0
40980	0.0
40981	0.0
40982	0.0
40983	0.0
40984	0.0
40985	0.0
40986	0.0
40987	0.0
40988	0.0
40989	0.0
40990	0.0
40991	0.0
40992	0.0
40993	0.0
40994	0.0
40995	0.0
40996	0.0
40997	0.0
40998	0.0
40999	0.0
41000	0.0
41001	0.0
41002	0.0
41003	0.0
41004	0.0
41005	0.0
41006	0.0
41007	0.0
41008	0.0
41009	0.0
41010	0.0
41011	0.0
41012	0.0
41013	0.0
41014	0.0
41015	0.0
41016	0.0
41017	0.0
41018	0.0
41019	0.00392156862745098
41020	0.00392156862745098
41021	0.00392156862745098
41022	0.0
41023	0.0
41024	0.0
41025	0.0
41026	0.0
41027	0.0
41028	0.0
41029	0.0
41030	0.0
41031	0.0
41032	0.0
41033	0.0
41034	0.0
41035	0.0
41036	0.0
41037	0.00392156862745098
41038	0.00392156862745098
41039	0.00392156862745098
41040	0.0
41041	0.0
41042	0.0
41043	0.0
41044	0.0
41045	0.0
41046	0.0
41047	0.0
41048	0.0
41049	0.0
41050	0.0
41051	0.0
41052	0.0
41053	0.0
41054	0.0
41055	0.0
41056	0.0
41057	0.0
41058	0.0
41059	0.0
41060	0.0
41061	0.0
41062	0.0
41063	0.0
41064	0.0
41065	0.0
41066	0.0
41067	0.0
41068	0.0
41069	0.0
41070	0.0
41071	0.0
41072	0.0
41073	0.0
41074	0.0
41075	0.0
41076	0.0
41077	0.0
41078	0.0
41079	0.0
41080	0.0
41081	0.0
41082	0.0
41083	0.0
41084	0.0
41085	0.00784313725490196
41086	0.00784313725490196
41087	0.00784313725490196
41088	0.0
41089	0.0
41090	0.0
41091	0.0
41092	0.0
41093	0.0
41094	0.0
41095	0.0
41096	0.0
41097	0.00392156862745098
41098	0.00392156862745098
41099	0.00392156862745098
41100	0.0
41101	0.0
41102	0.0
41103	0.0
41104	0.0
41105	0.0
41106	0.0
41107	0.0
41108	0.0
41109	0.0
41110	0.0
41111	0.0
41112	0.0
41113	0.0
41114	0.0
41115	0.0
41116	0.0
41117	0.0
41118	0.0
41119	0.0
41120	0.0
41121	0.0
41122	0.0
41123	0.0
41124	0.0
41125	0.0
41126	0.0
41127	0.0
41128	0.0
41129	0.0
41130	0.0
41131	0.0
41132	0.0
41133	0.0
41134	0.0
41135	0.0
41136	0.0
41137	0.0
41138	0.0
41139	0.0
41140	0.0
41141	0.0
41142	0.0
41143	0.0
41144	0.0
41145	0.0
41146	0.0
41147	0.0
41148	0.0
41149	0.0
41150	0.0
41151	0.0
41152	0.0
41153	0.0
41154	0.0
41155	0.0
41156	0.0
41157	0.0
41158	0.0
41159	0.0
41160	0.0
41161	0.0
41162	0.0
41163	0.0
41164	0.0
41165	0.0
41166	0.0
41167	0.0
41168	0.0
41169	0.0
41170	0.0
41171	0.0
41172	0.0
41173	0.0
41174	0.0
41175	0.0
41176	0.0
41177	0.0
41178	0.0
41179	0.0
41180	0.0
41181	0.00784313725490196
41182	0.00784313725490196
41183	0.00784313725490196
41184	0.0
41185	0.0
41186	0.0
41187	0.0
41188	0.0
41189	0.0
41190	0.0
41191	0.0
41192	0.0
41193	0.0
41194	0.0
41195	0.0
41196	0.0
41197	0.0
41198	0.0
41199	0.0
41200	0.0
41201	0.0
41202	0.0
41203	0.0
41204	0.0
41205	0.0
41206	0.0
41207	0.0
41208	0.0
41209	0.0
41210	0.0
41211	0.0
41212	0.0
41213	0.0
41214	0.0
41215	0.0
41216	0.0
41217	0.0
41218	0.0
41219	0.0
41220	0.0
41221	0.0
41222	0.0
41223	0.0
41224	0.0
41225	0.0
41226	0.0
41227	0.0
41228	0.0
41229	0.0
41230	0.0
41231	0.0
41232	0.0
41233	0.0
41234	0.0
41235	0.0
41236	0.0
41237	0.0
41238	0.0
41239	0.0
41240	0.0
41241	0.0
41242	0.0
41243	0.0
41244	0.0
41245	0.0
41246	0.0
41247	0.0
41248	0.0
41249	0.0
41250	0.0
41251	0.0
41252	0.0
41253	0.0
41254	0.0
41255	0.0
41256	0.0
41257	0.0
41258	0.0
41259	0.0
41260	0.0
41261	0.0
41262	0.0
41263	0.0
41264	0.0
41265	0.00392156862745098
41266	0.00392156862745098
41267	0.00392156862745098
41268	0.00392156862745098
41269	0.00392156862745098
41270	0.00392156862745098
41271	0.0
41272	0.0
41273	0.0
41274	0.0
41275	0.0
41276	0.0
41277	0.0
41278	0.0
41279	0.0
41280	0.0
41281	0.0
41282	0.0
41283	0.0
41284	0.0
41285	0.0
41286	0.0
41287	0.0
41288	0.0
41289	0.0
41290	0.0
41291	0.0
41292	0.0
41293	0.0
41294	0.0
41295	0.0
41296	0.0
41297	0.0
41298	0.0
41299	0.0
41300	0.0
41301	0.0
41302	0.0
41303	0.0
41304	0.0
41305	0.0
41306	0.0
41307	0.0
41308	0.0
41309	0.0
41310	0.0
41311	0.0
41312	0.0
41313	0.00392156862745098
41314	0.00392156862745098
41315	0.00392156862745098
41316	0.0
41317	0.0
41318	0.0
41319	0.0
41320	0.0
41321	0.0
41322	0.0
41323	0.0
41324	0.0
41325	0.0
41326	0.0
41327	0.0
41328	0.0
41329	0.0
41330	0.0
41331	0.0
41332	0.0
41333	0.0
41334	0.00392156862745098
41335	0.00392156862745098
41336	0.00392156862745098
41337	0.0
41338	0.0
41339	0.0
41340	0.0
41341	0.0
41342	0.0
41343	0.0
41344	0.0
41345	0.0
41346	0.0
41347	0.0
41348	0.0
41349	0.0
41350	0.0
41351	0.0
41352	0.0
41353	0.0
41354	0.0
41355	0.0
41356	0.0
41357	0.0
41358	0.0
41359	0.0
41360	0.0
41361	0.0
41362	0.0
41363	0.0
41364	0.0
41365	0.0
41366	0.0
41367	0.0
41368	0.0
41369	0.0
41370	0.0
41371	0.0
41372	0.0
41373	0.0
41374	0.0
41375	0.0
41376	0.0
41377	0.0
41378	0.0
41379	0.0
41380	0.0
41381	0.0
41382	0.0
41383	0.0
41384	0.0
41385	0.0
41386	0.0
41387	0.0
41388	0.0
41389	0.0
41390	0.0
41391	0.0
41392	0.0
41393	0.0
41394	0.0
41395	0.0
41396	0.0
41397	0.0
41398	0.0
41399	0.0
41400	0.00784313725490196
41401	0.00784313725490196
41402	0.00784313725490196
41403	0.0
41404	0.0
41405	0.0
41406	0.0
41407	0.0
41408	0.0
41409	0.0
41410	0.0
41411	0.0
41412	0.00392156862745098
41413	0.00392156862745098
41414	0.00392156862745098
41415	0.0
41416	0.0
41417	0.0
41418	0.0
41419	0.0
41420	0.0
41421	0.0
41422	0.0
41423	0.0
41424	0.0
41425	0.0
41426	0.0
41427	0.0
41428	0.0
41429	0.0
41430	0.0
41431	0.0
41432	0.0
41433	0.0
41434	0.0
41435	0.0
41436	0.0
41437	0.0
41438	0.0
41439	0.0
41440	0.0
41441	0.0
41442	0.0
41443	0.0
41444	0.0
41445	0.0
41446	0.0
41447	0.0
41448	0.00784313725490196
41449	0.00784313725490196
41450	0.00784313725490196
41451	0.0
41452	0.0
41453	0.0
41454	0.0
41455	0.0
41456	0.0
41457	0.0
41458	0.0
41459	0.0
41460	0.0
41461	0.0
41462	0.0
41463	0.00784313725490196
41464	0.00784313725490196
41465	0.00784313725490196
41466	0.00392156862745098
41467	0.00392156862745098
41468	0.00392156862745098
41469	0.0
41470	0.0
41471	0.0
41472	0.0
41473	0.0
41474	0.0
41475	0.0
41476	0.0
41477	0.0
41478	0.0
41479	0.0
41480	0.0
41481	0.0
41482	0.0
41483	0.0
41484	0.0
41485	0.0
41486	0.0
41487	0.0
41488	0.0
41489	0.0
41490	0.0
41491	0.0
41492	0.0
41493	0.0
41494	0.0
41495	0.0
41496	0.0
41497	0.0
41498	0.0
41499	0.0
41500	0.0
41501	0.00392156862745098
41502	0.0
41503	0.00392156862745098
41504	0.01568627450980392
41505	0.0
41506	0.0
41507	0.0
41508	0.0
41509	0.0
41510	0.0
41511	0.0
41512	0.0
41513	0.0
41514	0.0
41515	0.0
41516	0.0
41517	0.0
41518	0.0
41519	0.0
41520	0.0
41521	0.0
41522	0.0
41523	0.0
41524	0.0
41525	0.0
41526	0.0
41527	0.0
41528	0.0
41529	0.0
41530	0.0
41531	0.0
41532	0.0
41533	0.0
41534	0.0
41535	0.0
41536	0.0
41537	0.0
41538	0.0
41539	0.0
41540	0.0
41541	0.0
41542	0.0
41543	0.0
41544	0.0
41545	0.0
41546	0.0
41547	0.0
41548	0.0
41549	0.0
41550	0.0
41551	0.0
41552	0.0
41553	0.0
41554	0.0
41555	0.0
41556	0.0
41557	0.0
41558	0.0
41559	0.0
41560	0.0
41561	0.0
41562	0.0
41563	0.0
41564	0.0
41565	0.00392156862745098
41566	0.00392156862745098
41567	0.00392156862745098
41568	0.00392156862745098
41569	0.00392156862745098
41570	0.00392156862745098
41571	0.0
41572	0.0
41573	0.0
41574	0.0
41575	0.0
41576	0.0
41577	0.0
41578	0.0
41579	0.0
41580	0.0
41581	0.0
41582	0.0
41583	0.0
41584	0.0
41585	0.0
41586	0.0
41587	0.0
41588	0.0
41589	0.0
41590	0.0
41591	0.0
41592	0.0
41593	0.0
41594	0.0
41595	0.0
41596	0.0
41597	0.0
41598	0.0
41599	0.0
41600	0.0
41601	0.00392156862745098
41602	0.00392156862745098
41603	0.00392156862745098
41604	0.0
41605	0.0
41606	0.0
41607	0.0
41608	0.0
41609	0.0
41610	0.0
41611	0.0
41612	0.0
41613	0.0
41614	0.0
41615	0.0
41616	0.0
41617	0.0
41618	0.0
41619	0.0
41620	0.0
41621	0.0
41622	0.0
41623	0.0
41624	0.0
41625	0.0
41626	0.0
41627	0.0
41628	0.0
41629	0.0
41630	0.0
41631	0.00392156862745098
41632	0.00392156862745098
41633	0.00392156862745098
41634	0.0
41635	0.0
41636	0.0
41637	0.0
41638	0.0
41639	0.0
41640	0.0
41641	0.0
41642	0.0
41643	0.0
41644	0.0
41645	0.0
41646	0.0
41647	0.0
41648	0.0
41649	0.0
41650	0.0
41651	0.0
41652	0.0
41653	0.0
41654	0.0
41655	0.0
41656	0.0
41657	0.0
41658	0.0
41659	0.0
41660	0.0
41661	0.0
41662	0.0
41663	0.0
41664	0.0
41665	0.0
41666	0.0
41667	0.0
41668	0.0
41669	0.0
41670	0.0
41671	0.0
41672	0.0
41673	0.0
41674	0.0
41675	0.0
41676	0.0
41677	0.0
41678	0.0
41679	0.0
41680	0.0
41681	0.0
41682	0.0
41683	0.0
41684	0.0
41685	0.0
41686	0.0
41687	0.0
41688	0.0
41689	0.0
41690	0.0
41691	0.0
41692	0.0
41693	0.0
41694	0.0
41695	0.0
41696	0.0
41697	0.00392156862745098
41698	0.00392156862745098
41699	0.00392156862745098
41700	0.0
41701	0.0
41702	0.0
41703	0.0
41704	0.0
41705	0.0
41706	0.0
41707	0.0
41708	0.0
41709	0.0
41710	0.0
41711	0.0
41712	0.00392156862745098
41713	0.00392156862745098
41714	0.00392156862745098
41715	0.0
41716	0.0
41717	0.0
41718	0.0
41719	0.0
41720	0.0
41721	0.0
41722	0.0
41723	0.0
41724	0.0
41725	0.0
41726	0.0
41727	0.0
41728	0.0
41729	0.0
41730	0.0
41731	0.0
41732	0.0
41733	0.0
41734	0.0
41735	0.0
41736	0.0
41737	0.0
41738	0.0
41739	0.00392156862745098
41740	0.00392156862745098
41741	0.00392156862745098
41742	0.0
41743	0.0
41744	0.0
41745	0.0
41746	0.0
41747	0.0
41748	0.0
41749	0.0
41750	0.0
41751	0.0
41752	0.0
41753	0.0
41754	0.0
41755	0.0
41756	0.0
41757	0.00392156862745098
41758	0.00392156862745098
41759	0.00392156862745098
41760	0.0
41761	0.0
41762	0.0
41763	0.0
41764	0.0
41765	0.0
41766	0.0
41767	0.0
41768	0.0
41769	0.0
41770	0.0
41771	0.0
41772	0.0
41773	0.0
41774	0.0
41775	0.0
41776	0.0
41777	0.0
41778	0.0
41779	0.0
41780	0.0
41781	0.0
41782	0.0
41783	0.0
41784	0.00392156862745098
41785	0.00392156862745098
41786	0.00392156862745098
41787	0.0
41788	0.0
41789	0.0
41790	0.0
41791	0.0
41792	0.0
41793	0.0
41794	0.0
41795	0.0
41796	0.0
41797	0.0
41798	0.0
41799	0.00392156862745098
41800	0.00392156862745098
41801	0.00392156862745098
41802	0.0
41803	0.0
41804	0.0
41805	0.0
41806	0.0
41807	0.0
41808	0.0
41809	0.0
41810	0.0
41811	0.0
41812	0.0
41813	0.0
41814	0.0
41815	0.0
41816	0.0
41817	0.00392156862745098
41818	0.00392156862745098
41819	0.00392156862745098
41820	0.0
41821	0.0
41822	0.0
41823	0.0
41824	0.0
41825	0.0
41826	0.0
41827	0.0
41828	0.0
41829	0.0
41830	0.0
41831	0.0
41832	0.0
41833	0.0
41834	0.0
41835	0.0
41836	0.0
41837	0.0
41838	0.0
41839	0.0
41840	0.0
41841	0.0
41842	0.0
41843	0.0
41844	0.0
41845	0.0
41846	0.0
41847	0.0
41848	0.0
41849	0.0
41850	0.00392156862745098
41851	0.00392156862745098
41852	0.00392156862745098
41853	0.0
41854	0.0
41855	0.0
41856	0.0
41857	0.0
41858	0.0
41859	0.0
41860	0.0
41861	0.0
41862	0.0
41863	0.0
41864	0.0
41865	0.0
41866	0.0
41867	0.0
41868	0.0
41869	0.0
41870	0.0
41871	0.0
41872	0.0
41873	0.0
41874	0.0
41875	0.0
41876	0.0
41877	0.0
41878	0.0
41879	0.0
41880	0.0
41881	0.0
41882	0.0
41883	0.0
41884	0.00392156862745098
41885	0.00784313725490196
41886	0.0
41887	0.00392156862745098
41888	0.011764705882352941
41889	0.0
41890	0.0
41891	0.0
41892	0.0
41893	0.0
41894	0.0
41895	0.0
41896	0.0
41897	0.0
41898	0.0
41899	0.0
41900	0.0
41901	0.0
41902	0.0
41903	0.0
41904	0.0
41905	0.0
41906	0.0
41907	0.0
41908	0.0
41909	0.0
41910	0.0
41911	0.0
41912	0.0
41913	0.0
41914	0.0
41915	0.0
41916	0.0
41917	0.0
41918	0.0
41919	0.0
41920	0.0
41921	0.0
41922	0.0
41923	0.0
41924	0.0
41925	0.0
41926	0.0
41927	0.0
41928	0.0
41929	0.0
41930	0.0
41931	0.0
41932	0.0
41933	0.0
41934	0.0
41935	0.0
41936	0.0
41937	0.0
41938	0.0
41939	0.0
41940	0.0
41941	0.0
41942	0.0
41943	0.0
41944	0.0
41945	0.0
41946	0.0
41947	0.0
41948	0.0
41949	0.0
41950	0.0
41951	0.0
41952	0.00392156862745098
41953	0.00392156862745098
41954	0.00392156862745098
41955	0.0
41956	0.0
41957	0.0
41958	0.0
41959	0.0
41960	0.0
41961	0.0
41962	0.0
41963	0.0
41964	0.0
41965	0.0
41966	0.0
41967	0.0
41968	0.0
41969	0.0
41970	0.0
41971	0.0
41972	0.0
41973	0.0
41974	0.0
41975	0.0
41976	0.0
41977	0.0
41978	0.0
41979	0.0
41980	0.0
41981	0.0
41982	0.00784313725490196
41983	0.00784313725490196
41984	0.00784313725490196
41985	0.0
41986	0.0
41987	0.0
41988	0.0
41989	0.0
41990	0.0
41991	0.0
41992	0.0
41993	0.0
41994	0.0
41995	0.0
41996	0.0
41997	0.0
41998	0.0
41999	0.0
42000	0.0
42001	0.0
42002	0.0
42003	0.0
42004	0.0
42005	0.0
42006	0.0
42007	0.0
42008	0.0
42009	0.0
42010	0.0
42011	0.0
42012	0.0
42013	0.0
42014	0.0
42015	0.00784313725490196
42016	0.00784313725490196
42017	0.00784313725490196
42018	0.0
42019	0.0
42020	0.0
42021	0.0
42022	0.0
42023	0.0
42024	0.0
42025	0.0
42026	0.0
42027	0.0
42028	0.0
42029	0.0
42030	0.0
42031	0.0
42032	0.0
42033	0.0
42034	0.0
42035	0.0
42036	0.0
42037	0.0
42038	0.0
42039	0.0
42040	0.0
42041	0.0
42042	0.00392156862745098
42043	0.00392156862745098
42044	0.00392156862745098
42045	0.00784313725490196
42046	0.00784313725490196
42047	0.00784313725490196
42048	0.0
42049	0.0
42050	0.0
42051	0.0
42052	0.0
42053	0.0
42054	0.0
42055	0.0
42056	0.0
42057	0.0
42058	0.0
42059	0.0
42060	0.0
42061	0.0
42062	0.0
42063	0.0
42064	0.0
42065	0.0
42066	0.0
42067	0.0
42068	0.0
42069	0.0
42070	0.0
42071	0.0
42072	0.00392156862745098
42073	0.00392156862745098
42074	0.00392156862745098
42075	0.0
42076	0.0
42077	0.0
42078	0.0
42079	0.0
42080	0.0
42081	0.0
42082	0.0
42083	0.0
42084	0.0
42085	0.0
42086	0.0
42087	0.0
42088	0.0
42089	0.0
42090	0.0
42091	0.0
42092	0.0
42093	0.0
42094	0.0
42095	0.0
42096	0.0
42097	0.0
42098	0.0
42099	0.0
42100	0.0
42101	0.0
42102	0.0
42103	0.0
42104	0.0
42105	0.0
42106	0.0
42107	0.0
42108	0.0
42109	0.0
42110	0.0
42111	0.0
42112	0.0
42113	0.0
42114	0.0
42115	0.0
42116	0.0
42117	0.0
42118	0.0
42119	0.0
42120	0.0
42121	0.0
42122	0.0
42123	0.0
42124	0.0
42125	0.0
42126	0.0
42127	0.0
42128	0.0
42129	0.0
42130	0.0
42131	0.0
42132	0.0
42133	0.0
42134	0.0
42135	0.0
42136	0.0
42137	0.0
42138	0.0
42139	0.0
42140	0.0
42141	0.00392156862745098
42142	0.00392156862745098
42143	0.00392156862745098
42144	0.00392156862745098
42145	0.00392156862745098
42146	0.00392156862745098
42147	0.0
42148	0.0
42149	0.0
42150	0.0
42151	0.0
42152	0.0
42153	0.0
42154	0.0
42155	0.0
42156	0.00392156862745098
42157	0.00392156862745098
42158	0.00392156862745098
42159	0.0
42160	0.0
42161	0.0
42162	0.0
42163	0.0
42164	0.0
42165	0.0
42166	0.0
42167	0.0
42168	0.0
42169	0.0
42170	0.0
42171	0.0
42172	0.0
42173	0.0
42174	0.0
42175	0.0
42176	0.0
42177	0.0
42178	0.0
42179	0.0
42180	0.0
42181	0.0
42182	0.0
42183	0.0
42184	0.0
42185	0.0
42186	0.0
42187	0.0
42188	0.0
42189	0.0
42190	0.0
42191	0.0
42192	0.0
42193	0.0
42194	0.0
42195	0.0
42196	0.0
42197	0.0
42198	0.0
42199	0.0
42200	0.0
42201	0.00392156862745098
42202	0.00392156862745098
42203	0.00392156862745098
42204	0.0
42205	0.0
42206	0.0
42207	0.0
42208	0.0
42209	0.0
42210	0.0
42211	0.0
42212	0.0
42213	0.0
42214	0.0
42215	0.0
42216	0.0
42217	0.0
42218	0.0
42219	0.0
42220	0.0
42221	0.0
42222	0.00392156862745098
42223	0.00392156862745098
42224	0.00392156862745098
42225	0.0
42226	0.0
42227	0.0
42228	0.0
42229	0.0
42230	0.0
42231	0.0
42232	0.0
42233	0.0
42234	0.0
42235	0.0
42236	0.0
42237	0.0
42238	0.0
42239	0.0
42240	0.0
42241	0.0
42242	0.0
42243	0.0
42244	0.0
42245	0.0
42246	0.0
42247	0.0
42248	0.0
42249	0.0
42250	0.0
42251	0.0
42252	0.0
42253	0.0
42254	0.0
42255	0.0
42256	0.0
42257	0.0
42258	0.0
42259	0.0
42260	0.0
42261	0.0
42262	0.0
42263	0.0
42264	0.0
42265	0.0
42266	0.0
42267	0.0
42268	0.00392156862745098
42269	0.00784313725490196
42270	0.0
42271	0.0
42272	0.00392156862745098
42273	0.0
42274	0.0
42275	0.0
42276	0.0
42277	0.0
42278	0.0
42279	0.0
42280	0.0
42281	0.0
42282	0.0
42283	0.0
42284	0.0
42285	0.0
42286	0.0
42287	0.0
42288	0.0
42289	0.0
42290	0.0
42291	0.0
42292	0.0
42293	0.0
42294	0.0
42295	0.0
42296	0.0
42297	0.0
42298	0.0
42299	0.0
42300	0.0
42301	0.0
42302	0.0
42303	0.0
42304	0.0
42305	0.0
42306	0.0
42307	0.0
42308	0.0
42309	0.0
42310	0.0
42311	0.0
42312	0.0
42313	0.0
42314	0.0
42315	0.0
42316	0.0
42317	0.0
42318	0.0
42319	0.0
42320	0.0
42321	0.0
42322	0.0
42323	0.0
42324	0.0
42325	0.0
42326	0.0
42327	0.0
42328	0.0
42329	0.0
42330	0.0
42331	0.0
42332	0.0
42333	0.0
42334	0.0
42335	0.0
42336	0.0
42337	0.0
42338	0.0
42339	0.0
42340	0.0
42341	0.0
42342	0.0
42343	0.0
42344	0.0
42345	0.0
42346	0.0
42347	0.0
42348	0.0
42349	0.0
42350	0.0
42351	0.0
42352	0.0
42353	0.0
42354	0.0
42355	0.0
42356	0.0
42357	0.0
42358	0.0
42359	0.0
42360	0.0
42361	0.0
42362	0.0
42363	0.0
42364	0.0
42365	0.0
42366	0.0
42367	0.0
42368	0.0
42369	0.00392156862745098
42370	0.00392156862745098
42371	0.00392156862745098
42372	0.00392156862745098
42373	0.00392156862745098
42374	0.00392156862745098
42375	0.0
42376	0.0
42377	0.0
42378	0.0
42379	0.0
42380	0.0
42381	0.0
42382	0.0
42383	0.0
42384	0.0
42385	0.0
42386	0.0
42387	0.0
42388	0.0
42389	0.0
42390	0.0
42391	0.0
42392	0.0
42393	0.0
42394	0.0
42395	0.0
42396	0.0
42397	0.0
42398	0.0
42399	0.0
42400	0.0
42401	0.0
42402	0.0
42403	0.0
42404	0.0
42405	0.0
42406	0.0
42407	0.0
42408	0.0
42409	0.0
42410	0.0
42411	0.0
42412	0.0
42413	0.0
42414	0.0
42415	0.0
42416	0.0
42417	0.0
42418	0.0
42419	0.0
42420	0.00392156862745098
42421	0.00392156862745098
42422	0.00392156862745098
42423	0.0
42424	0.0
42425	0.0
42426	0.00392156862745098
42427	0.00392156862745098
42428	0.00392156862745098
42429	0.00392156862745098
42430	0.00392156862745098
42431	0.00392156862745098
42432	0.0
42433	0.0
42434	0.0
42435	0.0
42436	0.0
42437	0.0
42438	0.0
42439	0.0
42440	0.0
42441	0.0
42442	0.0
42443	0.0
42444	0.0
42445	0.0
42446	0.0
42447	0.0
42448	0.0
42449	0.0
42450	0.0
42451	0.0
42452	0.0
42453	0.0
42454	0.0
42455	0.0
42456	0.0
42457	0.0
42458	0.0
42459	0.0
42460	0.0
42461	0.0
42462	0.0
42463	0.0
42464	0.0
42465	0.0
42466	0.0
42467	0.0
42468	0.0
42469	0.0
42470	0.0
42471	0.0
42472	0.0
42473	0.0
42474	0.0
42475	0.0
42476	0.0
42477	0.00392156862745098
42478	0.00392156862745098
42479	0.00392156862745098
42480	0.0
42481	0.0
42482	0.0
42483	0.0
42484	0.0
42485	0.0
42486	0.0
42487	0.0
42488	0.0
42489	0.0
42490	0.0
42491	0.0
42492	0.0
42493	0.0
42494	0.0
42495	0.0
42496	0.0
42497	0.0
42498	0.0
42499	0.0
42500	0.0
42501	0.00392156862745098
42502	0.00392156862745098
42503	0.00392156862745098
42504	0.011764705882352941
42505	0.011764705882352941
42506	0.011764705882352941
42507	0.00392156862745098
42508	0.00392156862745098
42509	0.00392156862745098
42510	0.0
42511	0.0
42512	0.0
42513	0.0
42514	0.0
42515	0.0
42516	0.0
42517	0.0
42518	0.0
42519	0.0
42520	0.0
42521	0.0
42522	0.0
42523	0.0
42524	0.0
42525	0.0
42526	0.0
42527	0.0
42528	0.00392156862745098
42529	0.00392156862745098
42530	0.00392156862745098
42531	0.00392156862745098
42532	0.00392156862745098
42533	0.00392156862745098
42534	0.0
42535	0.0
42536	0.0
42537	0.00392156862745098
42538	0.00392156862745098
42539	0.00392156862745098
42540	0.0
42541	0.0
42542	0.0
42543	0.0
42544	0.0
42545	0.0
42546	0.0
42547	0.0
42548	0.0
42549	0.0
42550	0.0
42551	0.0
42552	0.0
42553	0.0
42554	0.0
42555	0.0
42556	0.0
42557	0.0
42558	0.0
42559	0.0
42560	0.0
42561	0.0
42562	0.0
42563	0.0
42564	0.0
42565	0.0
42566	0.0
42567	0.0
42568	0.0
42569	0.0
42570	0.0
42571	0.0
42572	0.0
42573	0.0
42574	0.0
42575	0.0
42576	0.0
42577	0.0
42578	0.0
42579	0.0
42580	0.0
42581	0.0
42582	0.0
42583	0.0
42584	0.0
42585	0.0
42586	0.0
42587	0.0
42588	0.0
42589	0.0
42590	0.0
42591	0.0
42592	0.0
42593	0.0
42594	0.0
42595	0.0
42596	0.0
42597	0.0
42598	0.0
42599	0.0
42600	0.0
42601	0.0
42602	0.0
42603	0.0
42604	0.0
42605	0.0
42606	0.00392156862745098
42607	0.00392156862745098
42608	0.00392156862745098
42609	0.0
42610	0.0
42611	0.0
42612	0.0
42613	0.0
42614	0.0
42615	0.0
42616	0.0
42617	0.0
42618	0.0
42619	0.0
42620	0.0
42621	0.0
42622	0.0
42623	0.0
42624	0.0
42625	0.0
42626	0.0
42627	0.0
42628	0.0
42629	0.0
42630	0.0
42631	0.0
42632	0.0
42633	0.0
42634	0.0
42635	0.0
42636	0.0
42637	0.0
42638	0.0
42639	0.0
42640	0.0
42641	0.0
42642	0.0
42643	0.0
42644	0.0
42645	0.0
42646	0.0
42647	0.0
42648	0.0
42649	0.0
42650	0.0
42651	0.0
42652	0.00392156862745098
42653	0.00784313725490196
42654	0.00392156862745098
42655	0.00784313725490196
42656	0.0196078431372549
42657	0.0
42658	0.0
42659	0.0
42660	0.0
42661	0.0
42662	0.0
42663	0.0
42664	0.0
42665	0.0
42666	0.0
42667	0.0
42668	0.0
42669	0.0
42670	0.0
42671	0.0
42672	0.0
42673	0.0
42674	0.0
42675	0.0
42676	0.0
42677	0.0
42678	0.00392156862745098
42679	0.00392156862745098
42680	0.00392156862745098
42681	0.00392156862745098
42682	0.00392156862745098
42683	0.00392156862745098
42684	0.0
42685	0.0
42686	0.0
42687	0.0
42688	0.0
42689	0.0
42690	0.0
42691	0.0
42692	0.0
42693	0.0
42694	0.0
42695	0.0
42696	0.0
42697	0.0
42698	0.0
42699	0.0
42700	0.0
42701	0.0
42702	0.0
42703	0.0
42704	0.0
42705	0.0
42706	0.0
42707	0.0
42708	0.0
42709	0.0
42710	0.0
42711	0.0
42712	0.0
42713	0.0
42714	0.0
42715	0.0
42716	0.0
42717	0.0
42718	0.0
42719	0.0
42720	0.0
42721	0.0
42722	0.0
42723	0.0
42724	0.0
42725	0.0
42726	0.0
42727	0.0
42728	0.0
42729	0.0
42730	0.0
42731	0.0
42732	0.0
42733	0.0
42734	0.0
42735	0.0
42736	0.0
42737	0.0
42738	0.0
42739	0.0
42740	0.0
42741	0.0
42742	0.0
42743	0.0
42744	0.0
42745	0.0
42746	0.0
42747	0.0
42748	0.0
42749	0.0
42750	0.0
42751	0.0
42752	0.0
42753	0.0
42754	0.0
42755	0.0
42756	0.0
42757	0.0
42758	0.0
42759	0.0
42760	0.0
42761	0.0
42762	0.0
42763	0.0
42764	0.0
42765	0.0
42766	0.0
42767	0.0
42768	0.0
42769	0.0
42770	0.0
42771	0.0
42772	0.0
42773	0.0
42774	0.0
42775	0.0
42776	0.0
42777	0.0
42778	0.0
42779	0.0
42780	0.0
42781	0.0
42782	0.0
42783	0.0
42784	0.0
42785	0.0
42786	0.0
42787	0.0
42788	0.0
42789	0.0
42790	0.0
42791	0.0
42792	0.0
42793	0.0
42794	0.0
42795	0.0
42796	0.0
42797	0.0
42798	0.0
42799	0.0
42800	0.0
42801	0.0
42802	0.0
42803	0.0
42804	0.0
42805	0.0
42806	0.0
42807	0.0
42808	0.0
42809	0.0
42810	0.0
42811	0.0
42812	0.0
42813	0.0
42814	0.0
42815	0.0
42816	0.0
42817	0.0
42818	0.0
42819	0.0
42820	0.0
42821	0.0
42822	0.0
42823	0.0
42824	0.0
42825	0.0
42826	0.0
42827	0.0
42828	0.0
42829	0.0
42830	0.0
42831	0.0
42832	0.0
42833	0.0
42834	0.0
42835	0.0
42836	0.0
42837	0.0
42838	0.0
42839	0.0
42840	0.0
42841	0.0
42842	0.0
42843	0.0
42844	0.0
42845	0.0
42846	0.0
42847	0.0
42848	0.0
42849	0.0
42850	0.0
42851	0.0
42852	0.00392156862745098
42853	0.00392156862745098
42854	0.00392156862745098
42855	0.00392156862745098
42856	0.00392156862745098
42857	0.00392156862745098
42858	0.0
42859	0.0
42860	0.0
42861	0.0
42862	0.0
42863	0.0
42864	0.0
42865	0.0
42866	0.0
42867	0.0
42868	0.0
42869	0.0
42870	0.0
42871	0.0
42872	0.0
42873	0.0
42874	0.0
42875	0.0
42876	0.0
42877	0.0
42878	0.0
42879	0.0
42880	0.0
42881	0.0
42882	0.0
42883	0.0
42884	0.0
42885	0.0
42886	0.0
42887	0.0
42888	0.00392156862745098
42889	0.00392156862745098
42890	0.00392156862745098
42891	0.00392156862745098
42892	0.00392156862745098
42893	0.00392156862745098
42894	0.0
42895	0.0
42896	0.0
42897	0.0
42898	0.0
42899	0.0
42900	0.0
42901	0.0
42902	0.0
42903	0.0
42904	0.0
42905	0.0
42906	0.0
42907	0.0
42908	0.0
42909	0.0
42910	0.0
42911	0.0
42912	0.00392156862745098
42913	0.00392156862745098
42914	0.00392156862745098
42915	0.00392156862745098
42916	0.00392156862745098
42917	0.00392156862745098
42918	0.0
42919	0.0
42920	0.0
42921	0.00392156862745098
42922	0.00392156862745098
42923	0.00392156862745098
42924	0.0
42925	0.0
42926	0.0
42927	0.0
42928	0.0
42929	0.0
42930	0.0
42931	0.0
42932	0.0
42933	0.0
42934	0.0
42935	0.0
42936	0.0
42937	0.0
42938	0.0
42939	0.0
42940	0.0
42941	0.0
42942	0.0
42943	0.0
42944	0.0
42945	0.0
42946	0.0
42947	0.0
42948	0.0
42949	0.0
42950	0.0
42951	0.0
42952	0.0
42953	0.0
42954	0.0
42955	0.0
42956	0.0
42957	0.0
42958	0.0
42959	0.0
42960	0.0
42961	0.0
42962	0.0
42963	0.0
42964	0.0
42965	0.0
42966	0.0
42967	0.0
42968	0.0
42969	0.0
42970	0.0
42971	0.0
42972	0.0
42973	0.0
42974	0.0
42975	0.0
42976	0.0
42977	0.0
42978	0.0
42979	0.0
42980	0.0
42981	0.0
42982	0.0
42983	0.0
42984	0.0
42985	0.0
42986	0.0
42987	0.0
42988	0.0
42989	0.0
42990	0.0
42991	0.0
42992	0.0
42993	0.0
42994	0.0
42995	0.0
42996	0.0
42997	0.0
42998	0.0
42999	0.0
43000	0.0
43001	0.0
43002	0.0
43003	0.0
43004	0.0
43005	0.00392156862745098
43006	0.00392156862745098
43007	0.00392156862745098
43008	0.0
43009	0.0
43010	0.0
43011	0.0
43012	0.0
43013	0.0
43014	0.0
43015	0.0
43016	0.0
43017	0.0
43018	0.0
43019	0.0
43020	0.0
43021	0.0
43022	0.0
43023	0.0
43024	0.0
43025	0.0
43026	0.0
43027	0.0
43028	0.0
43029	0.0
43030	0.0
43031	0.0
43032	0.00392156862745098
43033	0.00392156862745098
43034	0.00392156862745098
43035	0.00392156862745098
43036	0.00392156862745098
43037	0.00784313725490196
43038	0.0
43039	0.0
43040	0.011764705882352941
43041	0.0
43042	0.0
43043	0.0
43044	0.0
43045	0.0
43046	0.0
43047	0.0
43048	0.0
43049	0.0
43050	0.0
43051	0.0
43052	0.0
43053	0.0
43054	0.0
43055	0.0
43056	0.0
43057	0.0
43058	0.0
43059	0.0
43060	0.0
43061	0.0
43062	0.0
43063	0.0
43064	0.0
43065	0.0
43066	0.0
43067	0.0
43068	0.0
43069	0.0
43070	0.0
43071	0.0
43072	0.0
43073	0.0
43074	0.0
43075	0.0
43076	0.0
43077	0.0
43078	0.0
43079	0.0
43080	0.0
43081	0.0
43082	0.0
43083	0.0
43084	0.0
43085	0.0
43086	0.0
43087	0.0
43088	0.0
43089	0.0
43090	0.0
43091	0.0
43092	0.0
43093	0.0
43094	0.0
43095	0.0
43096	0.0
43097	0.0
43098	0.0
43099	0.0
43100	0.0
43101	0.0
43102	0.0
43103	0.0
43104	0.0
43105	0.0
43106	0.0
43107	0.0
43108	0.0
43109	0.0
43110	0.0
43111	0.0
43112	0.0
43113	0.0
43114	0.0
43115	0.0
43116	0.0
43117	0.0
43118	0.0
43119	0.00392156862745098
43120	0.00392156862745098
43121	0.00392156862745098
43122	0.0
43123	0.0
43124	0.0
43125	0.0
43126	0.0
43127	0.0
43128	0.0
43129	0.0
43130	0.0
43131	0.0
43132	0.0
43133	0.0
43134	0.0
43135	0.0
43136	0.0
43137	0.0
43138	0.0
43139	0.0
43140	0.0
43141	0.0
43142	0.0
43143	0.0
43144	0.0
43145	0.0
43146	0.0
43147	0.0
43148	0.0
43149	0.0
43150	0.0
43151	0.0
43152	0.0
43153	0.0
43154	0.0
43155	0.0
43156	0.0
43157	0.0
43158	0.0
43159	0.0
43160	0.0
43161	0.0
43162	0.0
43163	0.0
43164	0.0
43165	0.0
43166	0.0
43167	0.0
43168	0.0
43169	0.0
43170	0.0
43171	0.0
43172	0.0
43173	0.0
43174	0.0
43175	0.0
43176	0.0
43177	0.0
43178	0.0
43179	0.0
43180	0.0
43181	0.0
43182	0.0
43183	0.0
43184	0.0
43185	0.0
43186	0.0
43187	0.0
43188	0.0
43189	0.0
43190	0.0
43191	0.0
43192	0.0
43193	0.0
43194	0.00392156862745098
43195	0.00392156862745098
43196	0.00392156862745098
43197	0.0
43198	0.0
43199	0.0
43200	0.0
43201	0.0
43202	0.0
43203	0.0
43204	0.0
43205	0.0
43206	0.0
43207	0.0
43208	0.0
43209	0.0
43210	0.0
43211	0.0
43212	0.011764705882352941
43213	0.011764705882352941
43214	0.011764705882352941
43215	0.00392156862745098
43216	0.00392156862745098
43217	0.00392156862745098
43218	0.0
43219	0.0
43220	0.0
43221	0.0
43222	0.0
43223	0.0
43224	0.0
43225	0.0
43226	0.0
43227	0.0
43228	0.0
43229	0.0
43230	0.0
43231	0.0
43232	0.0
43233	0.0
43234	0.0
43235	0.0
43236	0.00392156862745098
43237	0.00392156862745098
43238	0.00392156862745098
43239	0.00392156862745098
43240	0.00392156862745098
43241	0.00392156862745098
43242	0.00392156862745098
43243	0.00392156862745098
43244	0.00392156862745098
43245	0.0
43246	0.0
43247	0.0
43248	0.0
43249	0.0
43250	0.0
43251	0.0
43252	0.0
43253	0.0
43254	0.0
43255	0.0
43256	0.0
43257	0.0
43258	0.0
43259	0.0
43260	0.0
43261	0.0
43262	0.0
43263	0.0
43264	0.0
43265	0.0
43266	0.0
43267	0.0
43268	0.0
43269	0.0
43270	0.0
43271	0.0
43272	0.0
43273	0.0
43274	0.0
43275	0.0
43276	0.0
43277	0.0
43278	0.0
43279	0.0
43280	0.0
43281	0.0
43282	0.0
43283	0.0
43284	0.0
43285	0.0
43286	0.0
43287	0.0
43288	0.0
43289	0.0
43290	0.0
43291	0.0
43292	0.0
43293	0.00392156862745098
43294	0.00392156862745098
43295	0.00392156862745098
43296	0.00392156862745098
43297	0.00392156862745098
43298	0.00392156862745098
43299	0.00392156862745098
43300	0.00392156862745098
43301	0.00392156862745098
43302	0.0
43303	0.0
43304	0.0
43305	0.00392156862745098
43306	0.00392156862745098
43307	0.00392156862745098
43308	0.0
43309	0.0
43310	0.0
43311	0.0
43312	0.0
43313	0.0
43314	0.0
43315	0.0
43316	0.0
43317	0.00392156862745098
43318	0.00392156862745098
43319	0.00392156862745098
43320	0.00392156862745098
43321	0.00392156862745098
43322	0.00392156862745098
43323	0.0
43324	0.0
43325	0.0
43326	0.0
43327	0.0
43328	0.0
43329	0.0
43330	0.0
43331	0.0
43332	0.0
43333	0.0
43334	0.0
43335	0.0
43336	0.0
43337	0.0
43338	0.0
43339	0.0
43340	0.0
43341	0.0
43342	0.0
43343	0.0
43344	0.0
43345	0.0
43346	0.0
43347	0.0
43348	0.0
43349	0.0
43350	0.0
43351	0.0
43352	0.0
43353	0.0
43354	0.0
43355	0.0
43356	0.0
43357	0.0
43358	0.0
43359	0.00392156862745098
43360	0.00392156862745098
43361	0.00392156862745098
43362	0.0
43363	0.0
43364	0.0
43365	0.0
43366	0.0
43367	0.0
43368	0.0
43369	0.0
43370	0.0
43371	0.0
43372	0.0
43373	0.0
43374	0.0
43375	0.0
43376	0.0
43377	0.0
43378	0.0
43379	0.0
43380	0.0
43381	0.0
43382	0.0
43383	0.0
43384	0.0
43385	0.0
43386	0.0
43387	0.0
43388	0.0
43389	0.00784313725490196
43390	0.00784313725490196
43391	0.00784313725490196
43392	0.0
43393	0.0
43394	0.0
43395	0.0
43396	0.0
43397	0.0
43398	0.0
43399	0.0
43400	0.0
43401	0.0
43402	0.0
43403	0.0
43404	0.0
43405	0.0
43406	0.0
43407	0.0
43408	0.0
43409	0.0
43410	0.00392156862745098
43411	0.00392156862745098
43412	0.00392156862745098
43413	0.0
43414	0.0
43415	0.0
43416	0.0
43417	0.0
43418	0.0
43419	0.00392156862745098
43420	0.00392156862745098
43421	0.00392156862745098
43422	0.0
43423	0.0
43424	0.0
43425	0.0
43426	0.0
43427	0.0
43428	0.0
43429	0.0
43430	0.0
43431	0.0
43432	0.0
43433	0.0
43434	0.0
43435	0.0
43436	0.0
43437	0.0
43438	0.0
43439	0.0
43440	0.0
43441	0.0
43442	0.0
43443	0.0
43444	0.0
43445	0.0
43446	0.0
43447	0.0
43448	0.0
43449	0.00392156862745098
43450	0.00392156862745098
43451	0.00392156862745098
43452	0.00392156862745098
43453	0.00392156862745098
43454	0.00392156862745098
43455	0.0
43456	0.0
43457	0.0
43458	0.0
43459	0.0
43460	0.0
43461	0.0
43462	0.0
43463	0.0
43464	0.00392156862745098
43465	0.00392156862745098
43466	0.00392156862745098
43467	0.0
43468	0.0
43469	0.0
43470	0.0
43471	0.0
43472	0.0
43473	0.0
43474	0.0
43475	0.0
43476	0.00392156862745098
43477	0.00392156862745098
43478	0.00392156862745098
43479	0.0
43480	0.0
43481	0.0
43482	0.0
43483	0.0
43484	0.0
43485	0.0
43486	0.0
43487	0.0
43488	0.00392156862745098
43489	0.00392156862745098
43490	0.00392156862745098
43491	0.0
43492	0.0
43493	0.0
43494	0.0
43495	0.0
43496	0.0
43497	0.0
43498	0.0
43499	0.0
43500	0.0
43501	0.0
43502	0.0
43503	0.00392156862745098
43504	0.00392156862745098
43505	0.00392156862745098
43506	0.0
43507	0.0
43508	0.0
43509	0.0
43510	0.0
43511	0.0
43512	0.00392156862745098
43513	0.00392156862745098
43514	0.00392156862745098
43515	0.0
43516	0.0
43517	0.0
43518	0.0
43519	0.0
43520	0.0
43521	0.0
43522	0.0
43523	0.0
43524	0.0
43525	0.0
43526	0.0
43527	0.0
43528	0.0
43529	0.0
43530	0.0
43531	0.0
43532	0.0
43533	0.0
43534	0.0
43535	0.0
43536	0.0
43537	0.0
43538	0.0
43539	0.0
43540	0.0
43541	0.0
43542	0.0
43543	0.0
43544	0.0
43545	0.0
43546	0.0
43547	0.0
43548	0.0
43549	0.0
43550	0.0
43551	0.0
43552	0.0
43553	0.0
43554	0.0
43555	0.0
43556	0.0
43557	0.0
43558	0.0
43559	0.0
43560	0.0
43561	0.0
43562	0.0
43563	0.0
43564	0.0
43565	0.0
43566	0.0
43567	0.0
43568	0.0
43569	0.0
43570	0.0
43571	0.0
43572	0.0
43573	0.0
43574	0.0
43575	0.0
43576	0.0
43577	0.0
43578	0.0
43579	0.0
43580	0.0
43581	0.0
43582	0.0
43583	0.0
43584	0.0
43585	0.0
43586	0.0
43587	0.0
43588	0.0
43589	0.0
43590	0.0
43591	0.0
43592	0.0
43593	0.0
43594	0.0
43595	0.0
43596	0.00392156862745098
43597	0.00392156862745098
43598	0.00392156862745098
43599	0.0
43600	0.0
43601	0.0
43602	0.0
43603	0.0
43604	0.0
43605	0.0
43606	0.0
43607	0.0
43608	0.0
43609	0.0
43610	0.0
43611	0.0
43612	0.0
43613	0.0
43614	0.0
43615	0.0
43616	0.0
43617	0.0
43618	0.0
43619	0.0
43620	0.0
43621	0.0
43622	0.0
43623	0.00392156862745098
43624	0.00392156862745098
43625	0.00392156862745098
43626	0.0
43627	0.0
43628	0.0
43629	0.0
43630	0.0
43631	0.0
43632	0.0
43633	0.0
43634	0.0
43635	0.0
43636	0.0
43637	0.0
43638	0.0
43639	0.0
43640	0.0
43641	0.0
43642	0.0
43643	0.0
43644	0.0
43645	0.0
43646	0.0
43647	0.0
43648	0.0
43649	0.0
43650	0.0
43651	0.0
43652	0.0
43653	0.00392156862745098
43654	0.00392156862745098
43655	0.00392156862745098
43656	0.0
43657	0.0
43658	0.0
43659	0.0
43660	0.0
43661	0.0
43662	0.0
43663	0.0
43664	0.0
43665	0.0
43666	0.0
43667	0.0
43668	0.0
43669	0.0
43670	0.0
43671	0.0
43672	0.0
43673	0.0
43674	0.0
43675	0.0
43676	0.0
43677	0.0
43678	0.0
43679	0.0
43680	0.0
43681	0.0
43682	0.0
43683	0.00392156862745098
43684	0.00392156862745098
43685	0.00392156862745098
43686	0.0
43687	0.0
43688	0.0
43689	0.0
43690	0.0
43691	0.0
43692	0.0
43693	0.0
43694	0.0
43695	0.0
43696	0.0
43697	0.0
43698	0.0
43699	0.0
43700	0.0
43701	0.00392156862745098
43702	0.00392156862745098
43703	0.00392156862745098
43704	0.0
43705	0.0
43706	0.0
43707	0.0
43708	0.0
43709	0.0
43710	0.0
43711	0.0
43712	0.0
43713	0.0
43714	0.0
43715	0.0
43716	0.0
43717	0.0
43718	0.0
43719	0.0
43720	0.0
43721	0.0
43722	0.0
43723	0.0
43724	0.0
43725	0.0
43726	0.0
43727	0.0
43728	0.0
43729	0.0
43730	0.0
43731	0.0
43732	0.0
43733	0.0
43734	0.0
43735	0.0
43736	0.0
43737	0.0
43738	0.0
43739	0.0
43740	0.0
43741	0.0
43742	0.0
43743	0.00784313725490196
43744	0.00784313725490196
43745	0.00784313725490196
43746	0.0
43747	0.0
43748	0.0
43749	0.0
43750	0.0
43751	0.0
43752	0.0
43753	0.0
43754	0.0
43755	0.0
43756	0.0
43757	0.0
43758	0.0
43759	0.0
43760	0.0
43761	0.0
43762	0.0
43763	0.0
43764	0.0
43765	0.0
43766	0.0
43767	0.0
43768	0.0
43769	0.0
43770	0.0
43771	0.0
43772	0.0
43773	0.00392156862745098
43774	0.00392156862745098
43775	0.00392156862745098
43776	0.0
43777	0.0
43778	0.0
43779	0.0
43780	0.0
43781	0.0
43782	0.0
43783	0.0
43784	0.0
43785	0.0
43786	0.0
43787	0.0
43788	0.0
43789	0.0
43790	0.0
43791	0.0
43792	0.0
43793	0.0
43794	0.0
43795	0.0
43796	0.0
43797	0.0
43798	0.0
43799	0.0
43800	0.0
43801	0.0
43802	0.0
43803	0.0
43804	0.0
43805	0.0
43806	0.0
43807	0.0
43808	0.0
43809	0.0
43810	0.0
43811	0.0
43812	0.0
43813	0.0
43814	0.0
43815	0.0
43816	0.0
43817	0.0
43818	0.0
43819	0.0
43820	0.0
43821	0.0
43822	0.0
43823	0.0
43824	0.00392156862745098
43825	0.00392156862745098
43826	0.00392156862745098
43827	0.00392156862745098
43828	0.00392156862745098
43829	0.00392156862745098
43830	0.0
43831	0.0
43832	0.0
43833	0.0
43834	0.0
43835	0.0
43836	0.0
43837	0.0
43838	0.0
43839	0.0
43840	0.0
43841	0.0
43842	0.0
43843	0.0
43844	0.0
43845	0.0
43846	0.0
43847	0.0
43848	0.0
43849	0.0
43850	0.0
43851	0.00392156862745098
43852	0.00392156862745098
43853	0.00392156862745098
43854	0.0
43855	0.0
43856	0.0
43857	0.0
43858	0.0
43859	0.0
43860	0.00392156862745098
43861	0.00392156862745098
43862	0.00392156862745098
43863	0.00392156862745098
43864	0.00392156862745098
43865	0.00392156862745098
43866	0.0
43867	0.0
43868	0.0
43869	0.00392156862745098
43870	0.00392156862745098
43871	0.00392156862745098
43872	0.0
43873	0.0
43874	0.0
43875	0.0
43876	0.0
43877	0.0
43878	0.0
43879	0.0
43880	0.0
43881	0.0
43882	0.0
43883	0.0
43884	0.00392156862745098
43885	0.00392156862745098
43886	0.00392156862745098
43887	0.0
43888	0.0
43889	0.0
43890	0.0
43891	0.0
43892	0.0
43893	0.0
43894	0.0
43895	0.0
43896	0.0
43897	0.0
43898	0.0
43899	0.0
43900	0.0
43901	0.0
43902	0.0
43903	0.0
43904	0.0
43905	0.0
43906	0.0
43907	0.0
43908	0.0
43909	0.0
43910	0.0
43911	0.00392156862745098
43912	0.00392156862745098
43913	0.00392156862745098
43914	0.0
43915	0.0
43916	0.0
43917	0.0
43918	0.0
43919	0.0
43920	0.0
43921	0.0
43922	0.0
43923	0.0
43924	0.0
43925	0.0
43926	0.0
43927	0.0
43928	0.0
43929	0.0
43930	0.0
43931	0.0
43932	0.0
43933	0.0
43934	0.0
43935	0.0
43936	0.0
43937	0.0
43938	0.0
43939	0.0
43940	0.0
43941	0.0
43942	0.0
43943	0.0
43944	0.0
43945	0.0
43946	0.0
43947	0.0
43948	0.0
43949	0.0
43950	0.0
43951	0.0
43952	0.0
43953	0.0
43954	0.0
43955	0.0
43956	0.0
43957	0.0
43958	0.0
43959	0.0
43960	0.0
43961	0.0
43962	0.0
43963	0.0
43964	0.0
43965	0.0
43966	0.0
43967	0.0
43968	0.0
43969	0.0
43970	0.0
43971	0.0
43972	0.0
43973	0.0
43974	0.0
43975	0.0
43976	0.0
43977	0.0
43978	0.0
43979	0.0
43980	0.00392156862745098
43981	0.00392156862745098
43982	0.00392156862745098
43983	0.0
43984	0.0
43985	0.0
43986	0.0
43987	0.0
43988	0.0
43989	0.0
43990	0.0
43991	0.0
43992	0.0
43993	0.0
43994	0.0
43995	0.0
43996	0.0
43997	0.0
43998	0.0
43999	0.0
44000	0.0
44001	0.0
44002	0.0
44003	0.0
44004	0.0
44005	0.0
44006	0.0
44007	0.0
44008	0.0
44009	0.0
44010	0.0
44011	0.0
44012	0.0
44013	0.0
44014	0.0
44015	0.0
44016	0.0
44017	0.0
44018	0.0
44019	0.00392156862745098
44020	0.00392156862745098
44021	0.00392156862745098
44022	0.0
44023	0.0
44024	0.0
44025	0.0
44026	0.0
44027	0.0
44028	0.0
44029	0.0
44030	0.0
44031	0.0
44032	0.0
44033	0.0
44034	0.0
44035	0.0
44036	0.0
44037	0.0
44038	0.0
44039	0.0
44040	0.0
44041	0.0
44042	0.0
44043	0.0
44044	0.0
44045	0.0
44046	0.00392156862745098
44047	0.00392156862745098
44048	0.00392156862745098
44049	0.00392156862745098
44050	0.00392156862745098
44051	0.00392156862745098
44052	0.0
44053	0.0
44054	0.0
44055	0.0
44056	0.0
44057	0.0
44058	0.0
44059	0.0
44060	0.0
44061	0.0
44062	0.0
44063	0.0
44064	0.0
44065	0.0
44066	0.0
44067	0.0
44068	0.0
44069	0.0
44070	0.00392156862745098
44071	0.00392156862745098
44072	0.00392156862745098
44073	0.00784313725490196
44074	0.00784313725490196
44075	0.00784313725490196
44076	0.0
44077	0.0
44078	0.0
44079	0.0
44080	0.0
44081	0.0
44082	0.0
44083	0.0
44084	0.0
44085	0.00392156862745098
44086	0.00392156862745098
44087	0.00392156862745098
44088	0.00784313725490196
44089	0.00784313725490196
44090	0.00784313725490196
44091	0.00392156862745098
44092	0.00392156862745098
44093	0.00392156862745098
44094	0.00392156862745098
44095	0.00392156862745098
44096	0.00392156862745098
44097	0.0
44098	0.0
44099	0.0
44100	0.0
44101	0.0
44102	0.0
44103	0.00392156862745098
44104	0.00392156862745098
44105	0.00392156862745098
44106	0.0
44107	0.0
44108	0.0
44109	0.0
44110	0.0
44111	0.0
44112	0.0
44113	0.0
44114	0.0
44115	0.0
44116	0.0
44117	0.0
44118	0.0
44119	0.0
44120	0.0
44121	0.0
44122	0.0
44123	0.0
44124	0.0
44125	0.0
44126	0.0
44127	0.0
44128	0.0
44129	0.0
44130	0.00784313725490196
44131	0.00784313725490196
44132	0.00784313725490196
44133	0.00392156862745098
44134	0.00392156862745098
44135	0.00392156862745098
44136	0.00392156862745098
44137	0.00392156862745098
44138	0.00392156862745098
44139	0.0
44140	0.0
44141	0.0
44142	0.00392156862745098
44143	0.00392156862745098
44144	0.00392156862745098
44145	0.0
44146	0.0
44147	0.0
44148	0.0
44149	0.0
44150	0.0
44151	0.0
44152	0.0
44153	0.0
44154	0.0
44155	0.0
44156	0.0
44157	0.0
44158	0.0
44159	0.0
44160	0.0
44161	0.0
44162	0.0
44163	0.0
44164	0.0
44165	0.0
44166	0.0
44167	0.0
44168	0.0
44169	0.00392156862745098
44170	0.00392156862745098
44171	0.00392156862745098
44172	0.0
44173	0.0
44174	0.0
44175	0.0
44176	0.0
44177	0.0
44178	0.0
44179	0.0
44180	0.0
44181	0.0
44182	0.0
44183	0.0
44184	0.0
44185	0.0
44186	0.0
44187	0.0
44188	0.0
44189	0.0
44190	0.0
44191	0.0
44192	0.0
44193	0.00392156862745098
44194	0.00392156862745098
44195	0.00392156862745098
44196	0.0
44197	0.0
44198	0.0
44199	0.00392156862745098
44200	0.00392156862745098
44201	0.00392156862745098
44202	0.0
44203	0.0
44204	0.0
44205	0.0
44206	0.0
44207	0.0
44208	0.0
44209	0.0
44210	0.0
44211	0.0
44212	0.0
44213	0.0
44214	0.0
44215	0.0
44216	0.0
44217	0.0
44218	0.0
44219	0.0
44220	0.0
44221	0.0
44222	0.0
44223	0.0
44224	0.0
44225	0.0
44226	0.0
44227	0.0
44228	0.0
44229	0.0
44230	0.0
44231	0.0
44232	0.0
44233	0.0
44234	0.0
44235	0.00392156862745098
44236	0.00392156862745098
44237	0.00392156862745098
44238	0.00392156862745098
44239	0.00392156862745098
44240	0.00392156862745098
44241	0.0
44242	0.0
44243	0.0
44244	0.00392156862745098
44245	0.00392156862745098
44246	0.00392156862745098
44247	0.00392156862745098
44248	0.00392156862745098
44249	0.00392156862745098
44250	0.0
44251	0.0
44252	0.0
44253	0.00392156862745098
44254	0.00392156862745098
44255	0.00392156862745098
44256	0.0
44257	0.0
44258	0.0
44259	0.0
44260	0.0
44261	0.0
44262	0.0
44263	0.0
44264	0.0
44265	0.0
44266	0.0
44267	0.0
44268	0.00392156862745098
44269	0.00392156862745098
44270	0.00392156862745098
44271	0.0
44272	0.0
44273	0.0
44274	0.0
44275	0.0
44276	0.0
44277	0.00392156862745098
44278	0.00392156862745098
44279	0.00392156862745098
44280	0.0
44281	0.0
44282	0.0
44283	0.0
44284	0.0
44285	0.0
44286	0.00392156862745098
44287	0.00392156862745098
44288	0.00392156862745098
44289	0.0
44290	0.0
44291	0.0
44292	0.0
44293	0.0
44294	0.0
44295	0.00392156862745098
44296	0.00392156862745098
44297	0.00392156862745098
44298	0.0
44299	0.0
44300	0.0
44301	0.00392156862745098
44302	0.00392156862745098
44303	0.00392156862745098
44304	0.0
44305	0.0
44306	0.0
44307	0.0
44308	0.0
44309	0.0
44310	0.0
44311	0.0
44312	0.0
44313	0.0
44314	0.0
44315	0.0
44316	0.00784313725490196
44317	0.00784313725490196
44318	0.00784313725490196
44319	0.0
44320	0.0
44321	0.0
44322	0.0
44323	0.0
44324	0.0
44325	0.0
44326	0.0
44327	0.0
44328	0.0
44329	0.0
44330	0.0
44331	0.0
44332	0.0
44333	0.0
44334	0.0
44335	0.0
44336	0.0
44337	0.0
44338	0.0
44339	0.0
44340	0.0
44341	0.0
44342	0.0
44343	0.00392156862745098
44344	0.00392156862745098
44345	0.00392156862745098
44346	0.0
44347	0.0
44348	0.0
44349	0.0
44350	0.0
44351	0.0
44352	0.0
44353	0.0
44354	0.0
44355	0.0
44356	0.0
44357	0.0
44358	0.00392156862745098
44359	0.00392156862745098
44360	0.00392156862745098
44361	0.0
44362	0.0
44363	0.0
44364	0.0
44365	0.0
44366	0.0
44367	0.0
44368	0.0
44369	0.0
44370	0.0
44371	0.0
44372	0.0
44373	0.0
44374	0.0
44375	0.0
44376	0.00392156862745098
44377	0.00392156862745098
44378	0.00392156862745098
44379	0.0
44380	0.0
44381	0.0
44382	0.0
44383	0.0
44384	0.0
44385	0.0
44386	0.0
44387	0.0
44388	0.0
44389	0.0
44390	0.0
44391	0.0
44392	0.0
44393	0.0
44394	0.0
44395	0.0
44396	0.0
44397	0.0
44398	0.0
44399	0.0
44400	0.00392156862745098
44401	0.00392156862745098
44402	0.00392156862745098
44403	0.00784313725490196
44404	0.00784313725490196
44405	0.00784313725490196
44406	0.0
44407	0.0
44408	0.0
44409	0.0
44410	0.0
44411	0.0
44412	0.0
44413	0.0
44414	0.0
44415	0.00392156862745098
44416	0.00392156862745098
44417	0.00392156862745098
44418	0.0
44419	0.0
44420	0.0
44421	0.00392156862745098
44422	0.00392156862745098
44423	0.00392156862745098
44424	0.0
44425	0.0
44426	0.0
44427	0.0
44428	0.0
44429	0.0
44430	0.0
44431	0.0
44432	0.0
44433	0.0
44434	0.0
44435	0.0
44436	0.0
44437	0.0
44438	0.0
44439	0.0
44440	0.0
44441	0.0
44442	0.0
44443	0.0
44444	0.0
44445	0.0
44446	0.0
44447	0.0
44448	0.0
44449	0.0
44450	0.0
44451	0.0
44452	0.0
44453	0.0
44454	0.0
44455	0.0
44456	0.0
44457	0.00392156862745098
44458	0.00392156862745098
44459	0.00392156862745098
44460	0.0
44461	0.0
44462	0.0
44463	0.0
44464	0.0
44465	0.0
44466	0.0
44467	0.0
44468	0.0
44469	0.00392156862745098
44470	0.00392156862745098
44471	0.00392156862745098
44472	0.00392156862745098
44473	0.00392156862745098
44474	0.00392156862745098
44475	0.00392156862745098
44476	0.00392156862745098
44477	0.00392156862745098
44478	0.0
44479	0.0
44480	0.0
44481	0.0
44482	0.0
44483	0.0
44484	0.0
44485	0.0
44486	0.0
44487	0.00392156862745098
44488	0.00392156862745098
44489	0.00392156862745098
44490	0.0
44491	0.0
44492	0.0
44493	0.0
44494	0.0
44495	0.0
44496	0.0
44497	0.0
44498	0.0
44499	0.0
44500	0.0
44501	0.0
44502	0.0
44503	0.0
44504	0.0
44505	0.0
44506	0.0
44507	0.0
44508	0.0
44509	0.0
44510	0.0
44511	0.0
44512	0.0
44513	0.0
44514	0.00392156862745098
44515	0.00392156862745098
44516	0.00392156862745098
44517	0.00392156862745098
44518	0.00392156862745098
44519	0.00392156862745098
44520	0.00784313725490196
44521	0.00784313725490196
44522	0.00784313725490196
44523	0.0
44524	0.0
44525	0.0
44526	0.00392156862745098
44527	0.00392156862745098
44528	0.00392156862745098
44529	0.00392156862745098
44530	0.00392156862745098
44531	0.00392156862745098
44532	0.0
44533	0.0
44534	0.0
44535	0.0
44536	0.0
44537	0.0
44538	0.0
44539	0.0
44540	0.0
44541	0.0
44542	0.0
44543	0.0
44544	0.0
44545	0.0
44546	0.0
44547	0.0
44548	0.0
44549	0.0
44550	0.0
44551	0.0
44552	0.0
44553	0.0
44554	0.0
44555	0.0
44556	0.0
44557	0.0
44558	0.0
44559	0.00392156862745098
44560	0.00392156862745098
44561	0.00392156862745098
44562	0.0
44563	0.0
44564	0.0
44565	0.0
44566	0.0
44567	0.0
44568	0.0
44569	0.0
44570	0.0
44571	0.0
44572	0.0
44573	0.0
44574	0.0
44575	0.0
44576	0.0
44577	0.0
44578	0.0
44579	0.0
44580	0.0
44581	0.0
44582	0.0
44583	0.0
44584	0.0
44585	0.0
44586	0.0
44587	0.0
44588	0.0
44589	0.00392156862745098
44590	0.00392156862745098
44591	0.00392156862745098
44592	0.00392156862745098
44593	0.00392156862745098
44594	0.00392156862745098
44595	0.00392156862745098
44596	0.00392156862745098
44597	0.00392156862745098
44598	0.0
44599	0.0
44600	0.0
44601	0.0
44602	0.0
44603	0.0
44604	0.0
44605	0.0
44606	0.0
44607	0.0
44608	0.0
44609	0.0
44610	0.0
44611	0.0
44612	0.0
44613	0.0
44614	0.0
44615	0.0
44616	0.00784313725490196
44617	0.00784313725490196
44618	0.00784313725490196
44619	0.00392156862745098
44620	0.00392156862745098
44621	0.00392156862745098
44622	0.0
44623	0.0
44624	0.0
44625	0.00392156862745098
44626	0.00392156862745098
44627	0.00392156862745098
44628	0.00392156862745098
44629	0.00392156862745098
44630	0.00392156862745098
44631	0.00392156862745098
44632	0.00392156862745098
44633	0.00392156862745098
44634	0.0
44635	0.0
44636	0.0
44637	0.0
44638	0.0
44639	0.0
44640	0.00392156862745098
44641	0.00392156862745098
44642	0.00392156862745098
44643	0.0
44644	0.0
44645	0.0
44646	0.0
44647	0.0
44648	0.0
44649	0.0
44650	0.0
44651	0.0
44652	0.00392156862745098
44653	0.00392156862745098
44654	0.00392156862745098
44655	0.0
44656	0.0
44657	0.0
44658	0.0
44659	0.0
44660	0.0
44661	0.00392156862745098
44662	0.00392156862745098
44663	0.00392156862745098
44664	0.0
44665	0.0
44666	0.0
44667	0.0
44668	0.0
44669	0.0
44670	0.0
44671	0.0
44672	0.0
44673	0.0
44674	0.0
44675	0.0
44676	0.0
44677	0.0
44678	0.0
44679	0.0
44680	0.0
44681	0.0
44682	0.0
44683	0.0
44684	0.0
44685	0.00392156862745098
44686	0.00392156862745098
44687	0.00392156862745098
44688	0.0
44689	0.0
44690	0.0
44691	0.0
44692	0.0
44693	0.0
44694	0.0
44695	0.0
44696	0.0
44697	0.0
44698	0.0
44699	0.0
44700	0.00392156862745098
44701	0.00392156862745098
44702	0.00392156862745098
44703	0.0
44704	0.0
44705	0.0
44706	0.00392156862745098
44707	0.00392156862745098
44708	0.00392156862745098
44709	0.00392156862745098
44710	0.00392156862745098
44711	0.00392156862745098
44712	0.0
44713	0.0
44714	0.0
44715	0.0
44716	0.0
44717	0.0
44718	0.0
44719	0.0
44720	0.0
44721	0.0
44722	0.0
44723	0.0
44724	0.00392156862745098
44725	0.00392156862745098
44726	0.00392156862745098
44727	0.00392156862745098
44728	0.00392156862745098
44729	0.00392156862745098
44730	0.0
44731	0.0
44732	0.0
44733	0.0
44734	0.0
44735	0.0
44736	0.0
44737	0.0
44738	0.0
44739	0.0
44740	0.0
44741	0.0
44742	0.00784313725490196
44743	0.00784313725490196
44744	0.00784313725490196
44745	0.0
44746	0.0
44747	0.0
44748	0.0
44749	0.0
44750	0.0
44751	0.0
44752	0.0
44753	0.0
44754	0.0
44755	0.0
44756	0.0
44757	0.00392156862745098
44758	0.00392156862745098
44759	0.00392156862745098
44760	0.011764705882352941
44761	0.011764705882352941
44762	0.011764705882352941
44763	0.00392156862745098
44764	0.00392156862745098
44765	0.00392156862745098
44766	0.00392156862745098
44767	0.00392156862745098
44768	0.00392156862745098
44769	0.0
44770	0.0
44771	0.0
44772	0.0
44773	0.0
44774	0.0
44775	0.00392156862745098
44776	0.00392156862745098
44777	0.00392156862745098
44778	0.0
44779	0.0
44780	0.0
44781	0.0
44782	0.0
44783	0.0
44784	0.00392156862745098
44785	0.00392156862745098
44786	0.00392156862745098
44787	0.00784313725490196
44788	0.00784313725490196
44789	0.00784313725490196
44790	0.0
44791	0.0
44792	0.0
44793	0.0
44794	0.0
44795	0.0
44796	0.0
44797	0.0
44798	0.0
44799	0.0
44800	0.0
44801	0.0
44802	0.0
44803	0.0
44804	0.0
44805	0.0
44806	0.0
44807	0.0
44808	0.0
44809	0.0
44810	0.0
44811	0.0
44812	0.0
44813	0.0
44814	0.0
44815	0.0
44816	0.0
44817	0.0
44818	0.0
44819	0.0
44820	0.0
44821	0.0
44822	0.0
44823	0.0
44824	0.0
44825	0.0
44826	0.0
44827	0.0
44828	0.0
44829	0.00392156862745098
44830	0.00392156862745098
44831	0.00392156862745098
44832	0.00392156862745098
44833	0.00392156862745098
44834	0.00392156862745098
44835	0.00392156862745098
44836	0.00392156862745098
44837	0.00392156862745098
44838	0.0
44839	0.0
44840	0.0
44841	0.0
44842	0.0
44843	0.0
44844	0.0
44845	0.0
44846	0.0
44847	0.0
44848	0.0
44849	0.0
44850	0.0
44851	0.0
44852	0.0
44853	0.0
44854	0.0
44855	0.0
44856	0.00784313725490196
44857	0.00784313725490196
44858	0.00784313725490196
44859	0.00392156862745098
44860	0.00392156862745098
44861	0.00392156862745098
44862	0.00392156862745098
44863	0.00392156862745098
44864	0.00392156862745098
44865	0.0
44866	0.0
44867	0.0
44868	0.0
44869	0.0
44870	0.0
44871	0.0
44872	0.0
44873	0.0
44874	0.0
44875	0.0
44876	0.0
44877	0.0
44878	0.0
44879	0.0
44880	0.0
44881	0.0
44882	0.0
44883	0.00392156862745098
44884	0.00392156862745098
44885	0.00392156862745098
44886	0.00784313725490196
44887	0.00784313725490196
44888	0.00784313725490196
44889	0.0
44890	0.0
44891	0.0
44892	0.0
44893	0.0
44894	0.0
44895	0.0
44896	0.0
44897	0.0
44898	0.0
44899	0.0
44900	0.0
44901	0.00392156862745098
44902	0.00392156862745098
44903	0.00392156862745098
44904	0.0
44905	0.0
44906	0.0
44907	0.00392156862745098
44908	0.00392156862745098
44909	0.00392156862745098
44910	0.0
44911	0.0
44912	0.0
44913	0.00392156862745098
44914	0.00392156862745098
44915	0.00392156862745098
44916	0.0
44917	0.0
44918	0.0
44919	0.0
44920	0.0
44921	0.0
44922	0.0
44923	0.0
44924	0.0
44925	0.00392156862745098
44926	0.00392156862745098
44927	0.00392156862745098
44928	0.0
44929	0.0
44930	0.0
44931	0.0
44932	0.0
44933	0.0
44934	0.00392156862745098
44935	0.00392156862745098
44936	0.00392156862745098
44937	0.0
44938	0.0
44939	0.0
44940	0.0
44941	0.0
44942	0.0
44943	0.00392156862745098
44944	0.00392156862745098
44945	0.00392156862745098
44946	0.00392156862745098
44947	0.00392156862745098
44948	0.00392156862745098
44949	0.0
44950	0.0
44951	0.0
44952	0.0
44953	0.0
44954	0.0
44955	0.0
44956	0.0
44957	0.0
44958	0.0
44959	0.0
44960	0.0
44961	0.0
44962	0.0
44963	0.0
44964	0.0
44965	0.0
44966	0.0
44967	0.00392156862745098
44968	0.00392156862745098
44969	0.00392156862745098
44970	0.00392156862745098
44971	0.00392156862745098
44972	0.00392156862745098
44973	0.0
44974	0.0
44975	0.0
44976	0.0
44977	0.0
44978	0.0
44979	0.0
44980	0.0
44981	0.0
44982	0.0
44983	0.0
44984	0.0
44985	0.0
44986	0.0
44987	0.0
44988	0.0
44989	0.0
44990	0.0
44991	0.0
44992	0.0
44993	0.0
44994	0.0
44995	0.0
44996	0.0
44997	0.0
44998	0.0
44999	0.0
45000	0.00392156862745098
45001	0.00392156862745098
45002	0.00392156862745098
45003	0.0
45004	0.0
45005	0.0
45006	0.0
45007	0.0
45008	0.0
45009	0.0
45010	0.0
45011	0.0
45012	0.00392156862745098
45013	0.00392156862745098
45014	0.00392156862745098
45015	0.00392156862745098
45016	0.00392156862745098
45017	0.00392156862745098
45018	0.0
45019	0.0
45020	0.0
45021	0.0
45022	0.0
45023	0.0
45024	0.0
45025	0.0
45026	0.0
45027	0.0
45028	0.0
45029	0.0
45030	0.0
45031	0.0
45032	0.0
45033	0.0
45034	0.0
45035	0.0
45036	0.00392156862745098
45037	0.00392156862745098
45038	0.00392156862745098
45039	0.0
45040	0.0
45041	0.0
45042	0.0
45043	0.0
45044	0.0
45045	0.00392156862745098
45046	0.00392156862745098
45047	0.00392156862745098
45048	0.0
45049	0.0
45050	0.0
45051	0.0
45052	0.0
45053	0.0
45054	0.0
45055	0.0
45056	0.0
45057	0.0
45058	0.0
45059	0.0
45060	0.0
45061	0.0
45062	0.0
45063	0.00392156862745098
45064	0.00392156862745098
45065	0.00392156862745098
45066	0.0
45067	0.0
45068	0.0
45069	0.0
45070	0.0
45071	0.0
45072	0.0
45073	0.0
45074	0.0
45075	0.00784313725490196
45076	0.00784313725490196
45077	0.00784313725490196
45078	0.0
45079	0.0
45080	0.0
45081	0.0
45082	0.0
45083	0.0
45084	0.00392156862745098
45085	0.00392156862745098
45086	0.00392156862745098
45087	0.0
45088	0.0
45089	0.0
45090	0.00392156862745098
45091	0.00392156862745098
45092	0.00392156862745098
45093	0.0
45094	0.0
45095	0.0
45096	0.0
45097	0.0
45098	0.0
45099	0.00392156862745098
45100	0.00392156862745098
45101	0.00392156862745098
45102	0.0
45103	0.0
45104	0.0
45105	0.0
45106	0.0
45107	0.0
45108	0.0
45109	0.0
45110	0.0
45111	0.0
45112	0.0
45113	0.0
45114	0.0
45115	0.0
45116	0.0
45117	0.0
45118	0.0
45119	0.0
45120	0.0
45121	0.0
45122	0.0
45123	0.0
45124	0.0
45125	0.0
45126	0.0
45127	0.0
45128	0.0
45129	0.0
45130	0.0
45131	0.0
45132	0.0
45133	0.0
45134	0.0
45135	0.0
45136	0.0
45137	0.0
45138	0.0
45139	0.0
45140	0.0
45141	0.00784313725490196
45142	0.00784313725490196
45143	0.00784313725490196
45144	0.00392156862745098
45145	0.00392156862745098
45146	0.00392156862745098
45147	0.00392156862745098
45148	0.00392156862745098
45149	0.00392156862745098
45150	0.00392156862745098
45151	0.00392156862745098
45152	0.00392156862745098
45153	0.0
45154	0.0
45155	0.0
45156	0.0
45157	0.0
45158	0.0
45159	0.0
45160	0.0
45161	0.0
45162	0.00392156862745098
45163	0.00392156862745098
45164	0.00392156862745098
45165	0.0
45166	0.0
45167	0.0
45168	0.0
45169	0.0
45170	0.0
45171	0.0
45172	0.0
45173	0.0
45174	0.0
45175	0.0
45176	0.0
45177	0.0
45178	0.0
45179	0.0
45180	0.0
45181	0.0
45182	0.0
45183	0.0
45184	0.0
45185	0.0
45186	0.0
45187	0.0
45188	0.0
45189	0.0
45190	0.0
45191	0.0
45192	0.0
45193	0.0
45194	0.0
45195	0.0
45196	0.0
45197	0.0
45198	0.0
45199	0.0
45200	0.0
45201	0.00392156862745098
45202	0.00392156862745098
45203	0.00392156862745098
45204	0.00392156862745098
45205	0.00392156862745098
45206	0.00392156862745098
45207	0.0
45208	0.0
45209	0.0
45210	0.0
45211	0.0
45212	0.0
45213	0.0
45214	0.0
45215	0.0
45216	0.00392156862745098
45217	0.00392156862745098
45218	0.00392156862745098
45219	0.0
45220	0.0
45221	0.0
45222	0.0
45223	0.0
45224	0.0
45225	0.0
45226	0.0
45227	0.0
45228	0.0
45229	0.0
45230	0.0
45231	0.0
45232	0.0
45233	0.0
45234	0.0
45235	0.0
45236	0.0
45237	0.0
45238	0.0
45239	0.0
45240	0.00392156862745098
45241	0.00392156862745098
45242	0.00392156862745098
45243	0.0
45244	0.0
45245	0.0
45246	0.00392156862745098
45247	0.00392156862745098
45248	0.00392156862745098
45249	0.0
45250	0.0
45251	0.0
45252	0.0
45253	0.0
45254	0.0
45255	0.0
45256	0.0
45257	0.0
45258	0.0
45259	0.0
45260	0.0
45261	0.0
45262	0.0
45263	0.0
45264	0.0
45265	0.0
45266	0.0
45267	0.0
45268	0.0
45269	0.0
45270	0.0
45271	0.0
45272	0.0
45273	0.0
45274	0.0
45275	0.0
45276	0.0
45277	0.0
45278	0.0
45279	0.0
45280	0.0
45281	0.0
45282	0.0
45283	0.0
45284	0.0
45285	0.0
45286	0.0
45287	0.0
45288	0.0
45289	0.0
45290	0.0
45291	0.00392156862745098
45292	0.00392156862745098
45293	0.00392156862745098
45294	0.0
45295	0.0
45296	0.0
45297	0.0
45298	0.0
45299	0.0
45300	0.00392156862745098
45301	0.00392156862745098
45302	0.00392156862745098
45303	0.0
45304	0.0
45305	0.0
45306	0.00392156862745098
45307	0.00392156862745098
45308	0.00392156862745098
45309	0.00392156862745098
45310	0.00392156862745098
45311	0.00392156862745098
45312	0.0
45313	0.0
45314	0.0
45315	0.0
45316	0.0
45317	0.0
45318	0.0
45319	0.0
45320	0.0
45321	0.0
45322	0.0
45323	0.0
45324	0.0
45325	0.0
45326	0.0
45327	0.0
45328	0.0
45329	0.0
45330	0.0
45331	0.0
45332	0.0
45333	0.00392156862745098
45334	0.00392156862745098
45335	0.00392156862745098
45336	0.00392156862745098
45337	0.00392156862745098
45338	0.00392156862745098
45339	0.0
45340	0.0
45341	0.0
45342	0.0
45343	0.0
45344	0.0
45345	0.0
45346	0.0
45347	0.0
45348	0.0
45349	0.0
45350	0.0
45351	0.00392156862745098
45352	0.00392156862745098
45353	0.00392156862745098
45354	0.00784313725490196
45355	0.00784313725490196
45356	0.00784313725490196
45357	0.0
45358	0.0
45359	0.0
45360	0.0
45361	0.0
45362	0.0
45363	0.0
45364	0.0
45365	0.0
45366	0.0
45367	0.0
45368	0.0
45369	0.00392156862745098
45370	0.00392156862745098
45371	0.00392156862745098
45372	0.0
45373	0.0
45374	0.0
45375	0.0
45376	0.0
45377	0.0
45378	0.0
45379	0.0
45380	0.0
45381	0.0
45382	0.0
45383	0.0
45384	0.0
45385	0.0
45386	0.0
45387	0.0
45388	0.0
45389	0.0
45390	0.0
45391	0.0
45392	0.0
45393	0.0
45394	0.0
45395	0.0
45396	0.0
45397	0.0
45398	0.0
45399	0.0
45400	0.0
45401	0.0
45402	0.0
45403	0.0
45404	0.0
45405	0.0
45406	0.0
45407	0.0
45408	0.00784313725490196
45409	0.00784313725490196
45410	0.00784313725490196
45411	0.0
45412	0.0
45413	0.0
45414	0.0
45415	0.0
45416	0.0
45417	0.0
45418	0.0
45419	0.0
45420	0.0
45421	0.0
45422	0.0
45423	0.00392156862745098
45424	0.00392156862745098
45425	0.00392156862745098
45426	0.00392156862745098
45427	0.00392156862745098
45428	0.00392156862745098
45429	0.00784313725490196
45430	0.00784313725490196
45431	0.00784313725490196
45432	0.00392156862745098
45433	0.00392156862745098
45434	0.00392156862745098
45435	0.0
45436	0.0
45437	0.0
45438	0.0
45439	0.0
45440	0.0
45441	0.0
45442	0.0
45443	0.0
45444	0.00392156862745098
45445	0.00392156862745098
45446	0.00392156862745098
45447	0.00392156862745098
45448	0.00392156862745098
45449	0.00392156862745098
45450	0.0
45451	0.0
45452	0.0
45453	0.0
45454	0.0
45455	0.0
45456	0.0
45457	0.0
45458	0.0
45459	0.0
45460	0.0
45461	0.0
45462	0.0
45463	0.0
45464	0.0
45465	0.0
45466	0.0
45467	0.0
45468	0.0
45469	0.0
45470	0.0
45471	0.0
45472	0.0
45473	0.0
45474	0.0
45475	0.0
45476	0.0
45477	0.00392156862745098
45478	0.00392156862745098
45479	0.00392156862745098
45480	0.0
45481	0.0
45482	0.0
45483	0.00392156862745098
45484	0.00392156862745098
45485	0.00392156862745098
45486	0.00392156862745098
45487	0.00392156862745098
45488	0.00392156862745098
45489	0.0
45490	0.0
45491	0.0
45492	0.0
45493	0.0
45494	0.0
45495	0.0
45496	0.0
45497	0.0
45498	0.0
45499	0.0
45500	0.0
45501	0.0
45502	0.0
45503	0.0
45504	0.0
45505	0.0
45506	0.0
45507	0.0
45508	0.0
45509	0.0
45510	0.0
45511	0.0
45512	0.0
45513	0.0
45514	0.0
45515	0.0
45516	0.0
45517	0.0
45518	0.0
45519	0.0
45520	0.0
45521	0.0
45522	0.00392156862745098
45523	0.00392156862745098
45524	0.00392156862745098
45525	0.0
45526	0.0
45527	0.0
45528	0.0
45529	0.0
45530	0.0
45531	0.0
45532	0.0
45533	0.0
45534	0.0
45535	0.0
45536	0.0
45537	0.0
45538	0.0
45539	0.0
45540	0.0
45541	0.0
45542	0.0
45543	0.0
45544	0.0
45545	0.0
45546	0.0
45547	0.0
45548	0.0
45549	0.0
45550	0.0
45551	0.0
45552	0.0
45553	0.0
45554	0.0
45555	0.0
45556	0.0
45557	0.0
45558	0.0
45559	0.0
45560	0.0
45561	0.0
45562	0.0
45563	0.0
45564	0.0
45565	0.0
45566	0.0
45567	0.0
45568	0.0
45569	0.0
45570	0.0
45571	0.0
45572	0.0
45573	0.0
45574	0.0
45575	0.0
45576	0.0
45577	0.0
45578	0.0
45579	0.0
45580	0.0
45581	0.0
45582	0.0
45583	0.0
45584	0.0
45585	0.0
45586	0.0
45587	0.0
45588	0.0
45589	0.0
45590	0.0
45591	0.0
45592	0.0
45593	0.0
45594	0.0
45595	0.0
45596	0.0
45597	0.0
45598	0.0
45599	0.0
45600	0.0
45601	0.0
45602	0.0
45603	0.0
45604	0.0
45605	0.0
45606	0.0
45607	0.0
45608	0.0
45609	0.0
45610	0.0
45611	0.0
45612	0.0
45613	0.0
45614	0.0
45615	0.0
45616	0.0
45617	0.0
45618	0.0
45619	0.0
45620	0.0
45621	0.0
45622	0.0
45623	0.0
45624	0.0
45625	0.0
45626	0.0
45627	0.0
45628	0.0
45629	0.0
45630	0.0
45631	0.0
45632	0.0
45633	0.0
45634	0.0
45635	0.0
45636	0.0
45637	0.0
45638	0.0
45639	0.0
45640	0.0
45641	0.0
45642	0.0
45643	0.0
45644	0.0
45645	0.0
45646	0.0
45647	0.0
45648	0.0
45649	0.0
45650	0.0
45651	0.00392156862745098
45652	0.00392156862745098
45653	0.00392156862745098
45654	0.0
45655	0.0
45656	0.0
45657	0.0
45658	0.0
45659	0.0
45660	0.0
45661	0.0
45662	0.0
45663	0.0
45664	0.0
45665	0.0
45666	0.0
45667	0.0
45668	0.0
45669	0.0
45670	0.0
45671	0.0
45672	0.0
45673	0.0
45674	0.0
45675	0.0
45676	0.0
45677	0.0
45678	0.0
45679	0.0
45680	0.0
45681	0.0
45682	0.0
45683	0.0
45684	0.0
45685	0.0
45686	0.0
45687	0.0
45688	0.0
45689	0.0
45690	0.00392156862745098
45691	0.00392156862745098
45692	0.00392156862745098
45693	0.00784313725490196
45694	0.00784313725490196
45695	0.00784313725490196
45696	0.0
45697	0.0
45698	0.0
45699	0.0
45700	0.0
45701	0.0
45702	0.0
45703	0.0
45704	0.0
45705	0.0
45706	0.0
45707	0.0
45708	0.0
45709	0.0
45710	0.0
45711	0.0
45712	0.0
45713	0.0
45714	0.0
45715	0.0
45716	0.0
45717	0.0
45718	0.0
45719	0.0
45720	0.0
45721	0.0
45722	0.0
45723	0.0
45724	0.0
45725	0.0
45726	0.0
45727	0.0
45728	0.0
45729	0.0
45730	0.0
45731	0.0
45732	0.00392156862745098
45733	0.00392156862745098
45734	0.00392156862745098
45735	0.00392156862745098
45736	0.00392156862745098
45737	0.00392156862745098
45738	0.0
45739	0.0
45740	0.0
45741	0.00392156862745098
45742	0.00392156862745098
45743	0.00392156862745098
45744	0.0
45745	0.0
45746	0.0
45747	0.0
45748	0.0
45749	0.0
45750	0.0
45751	0.0
45752	0.0
45753	0.0
45754	0.0
45755	0.0
45756	0.00392156862745098
45757	0.00392156862745098
45758	0.00392156862745098
45759	0.0
45760	0.0
45761	0.0
45762	0.0
45763	0.0
45764	0.0
45765	0.00392156862745098
45766	0.00392156862745098
45767	0.00392156862745098
45768	0.0
45769	0.0
45770	0.0
45771	0.00392156862745098
45772	0.00392156862745098
45773	0.00392156862745098
45774	0.0
45775	0.0
45776	0.0
45777	0.0
45778	0.0
45779	0.0
45780	0.0
45781	0.0
45782	0.0
45783	0.0
45784	0.0
45785	0.0
45786	0.0
45787	0.0
45788	0.0
45789	0.0
45790	0.0
45791	0.0
45792	0.0
45793	0.0
45794	0.0
45795	0.0
45796	0.0
45797	0.0
45798	0.0
45799	0.0
45800	0.0
45801	0.00392156862745098
45802	0.00392156862745098
45803	0.00392156862745098
45804	0.00392156862745098
45805	0.00392156862745098
45806	0.00392156862745098
45807	0.00392156862745098
45808	0.00392156862745098
45809	0.00392156862745098
45810	0.00392156862745098
45811	0.00392156862745098
45812	0.00392156862745098
45813	0.0
45814	0.0
45815	0.0
45816	0.0
45817	0.0
45818	0.0
45819	0.0
45820	0.0
45821	0.0
45822	0.0
45823	0.0
45824	0.0
45825	0.0
45826	0.0
45827	0.0
45828	0.0
45829	0.0
45830	0.0
45831	0.0
45832	0.0
45833	0.0
45834	0.00392156862745098
45835	0.00392156862745098
45836	0.00392156862745098
45837	0.0
45838	0.0
45839	0.0
45840	0.0
45841	0.0
45842	0.0
45843	0.0
45844	0.0
45845	0.0
45846	0.0
45847	0.0
45848	0.0
45849	0.00392156862745098
45850	0.00392156862745098
45851	0.00392156862745098
45852	0.0
45853	0.0
45854	0.0
45855	0.0
45856	0.0
45857	0.0
45858	0.0
45859	0.0
45860	0.0
45861	0.00392156862745098
45862	0.00392156862745098
45863	0.00392156862745098
45864	0.0
45865	0.0
45866	0.0
45867	0.00392156862745098
45868	0.00392156862745098
45869	0.00392156862745098
45870	0.0
45871	0.0
45872	0.0
45873	0.0
45874	0.0
45875	0.0
45876	0.0
45877	0.0
45878	0.0
45879	0.0
45880	0.0
45881	0.0
45882	0.0
45883	0.0
45884	0.0
45885	0.0
45886	0.0
45887	0.0
45888	0.0
45889	0.0
45890	0.0
45891	0.00392156862745098
45892	0.00392156862745098
45893	0.00392156862745098
45894	0.0
45895	0.0
45896	0.0
45897	0.0
45898	0.0
45899	0.0
45900	0.0
45901	0.0
45902	0.0
45903	0.0
45904	0.0
45905	0.0
45906	0.00392156862745098
45907	0.00392156862745098
45908	0.00392156862745098
45909	0.0
45910	0.0
45911	0.0
45912	0.00392156862745098
45913	0.00392156862745098
45914	0.00392156862745098
45915	0.00392156862745098
45916	0.00392156862745098
45917	0.00392156862745098
45918	0.0
45919	0.0
45920	0.0
45921	0.0
45922	0.0
45923	0.0
45924	0.0
45925	0.0
45926	0.0
45927	0.0
45928	0.0
45929	0.0
45930	0.0
45931	0.0
45932	0.0
45933	0.0
45934	0.0
45935	0.0
45936	0.0
45937	0.0
45938	0.0
45939	0.0
45940	0.0
45941	0.0
45942	0.0
45943	0.0
45944	0.0
45945	0.0
45946	0.0
45947	0.0
45948	0.0
45949	0.0
45950	0.0
45951	0.0
45952	0.0
45953	0.0
45954	0.0
45955	0.0
45956	0.0
45957	0.00784313725490196
45958	0.00784313725490196
45959	0.00784313725490196
45960	0.0
45961	0.0
45962	0.0
45963	0.0
45964	0.0
45965	0.0
45966	0.0
45967	0.0
45968	0.0
45969	0.00392156862745098
45970	0.00392156862745098
45971	0.00392156862745098
45972	0.0
45973	0.0
45974	0.0
45975	0.0
45976	0.0
45977	0.0
45978	0.0
45979	0.0
45980	0.0
45981	0.0
45982	0.0
45983	0.0
45984	0.011764705882352941
45985	0.011764705882352941
45986	0.011764705882352941
45987	0.00392156862745098
45988	0.00392156862745098
45989	0.00392156862745098
45990	0.0
45991	0.0
45992	0.0
45993	0.0
45994	0.0
45995	0.0
45996	0.0
45997	0.0
45998	0.0
45999	0.0
46000	0.0
46001	0.0
46002	0.00392156862745098
46003	0.00392156862745098
46004	0.00392156862745098
46005	0.0
46006	0.0
46007	0.0
46008	0.00392156862745098
46009	0.00392156862745098
46010	0.00392156862745098
46011	0.0
46012	0.0
46013	0.0
46014	0.00392156862745098
46015	0.00392156862745098
46016	0.00392156862745098
46017	0.0
46018	0.0
46019	0.0
46020	0.0
46021	0.0
46022	0.0
46023	0.0
46024	0.0
46025	0.0
46026	0.0
46027	0.0
46028	0.0
46029	0.0
46030	0.0
46031	0.0
46032	0.0
46033	0.0
46034	0.0
46035	0.0
46036	0.0
46037	0.0
46038	0.00392156862745098
46039	0.00392156862745098
46040	0.00392156862745098
46041	0.0
46042	0.0
46043	0.0
46044	0.0
46045	0.0
46046	0.0
46047	0.0
46048	0.0
46049	0.0
46050	0.00392156862745098
46051	0.00392156862745098
46052	0.00392156862745098
46053	0.0
46054	0.0
46055	0.0
46056	0.0
46057	0.0
46058	0.0
46059	0.0
46060	0.0
46061	0.0
46062	0.0
46063	0.0
46064	0.0
46065	0.0
46066	0.0
46067	0.0
46068	0.0
46069	0.0
46070	0.0
46071	0.0
46072	0.0
46073	0.0
46074	0.0
46075	0.0
46076	0.0
46077	0.00784313725490196
46078	0.00784313725490196
46079	0.00784313725490196
46080	0.0
46081	0.0
46082	0.0
46083	0.0
46084	0.0
46085	0.0
46086	0.0
46087	0.0
46088	0.0
46089	0.0
46090	0.0
46091	0.0
46092	0.0
46093	0.0
46094	0.0
46095	0.0
46096	0.0
46097	0.0
46098	0.0
46099	0.0
46100	0.0
46101	0.00392156862745098
46102	0.00392156862745098
46103	0.00392156862745098
46104	0.0
46105	0.0
46106	0.0
46107	0.0
46108	0.0
46109	0.0
46110	0.0
46111	0.0
46112	0.0
46113	0.0
46114	0.0
46115	0.0
46116	0.0
46117	0.0
46118	0.0
46119	0.0
46120	0.0
46121	0.0
46122	0.0
46123	0.0
46124	0.0
46125	0.00784313725490196
46126	0.00784313725490196
46127	0.00784313725490196
46128	0.0
46129	0.0
46130	0.0
46131	0.0
46132	0.0
46133	0.0
46134	0.0
46135	0.0
46136	0.0
46137	0.0
46138	0.0
46139	0.0
46140	0.00392156862745098
46141	0.00392156862745098
46142	0.00392156862745098
46143	0.0
46144	0.0
46145	0.0
46146	0.0
46147	0.0
46148	0.0
46149	0.00392156862745098
46150	0.00392156862745098
46151	0.00392156862745098
46152	0.00392156862745098
46153	0.00392156862745098
46154	0.00392156862745098
46155	0.00392156862745098
46156	0.00392156862745098
46157	0.00392156862745098
46158	0.0
46159	0.0
46160	0.0
46161	0.0
46162	0.0
46163	0.0
46164	0.0
46165	0.0
46166	0.0
46167	0.0
46168	0.0
46169	0.0
46170	0.0
46171	0.0
46172	0.0
46173	0.0
46174	0.0
46175	0.0
46176	0.0
46177	0.0
46178	0.0
46179	0.0
46180	0.0
46181	0.0
46182	0.0
46183	0.0
46184	0.0
46185	0.00784313725490196
46186	0.00784313725490196
46187	0.00784313725490196
46188	0.0
46189	0.0
46190	0.0
46191	0.0
46192	0.0
46193	0.0
46194	0.0
46195	0.0
46196	0.0
46197	0.00392156862745098
46198	0.00392156862745098
46199	0.00392156862745098
46200	0.0
46201	0.0
46202	0.0
46203	0.0
46204	0.0
46205	0.0
46206	0.0
46207	0.0
46208	0.0
46209	0.0
46210	0.0
46211	0.0
46212	0.0
46213	0.0
46214	0.0
46215	0.0
46216	0.0
46217	0.0
46218	0.0
46219	0.0
46220	0.0
46221	0.00392156862745098
46222	0.00392156862745098
46223	0.00392156862745098
46224	0.0
46225	0.0
46226	0.0
46227	0.0
46228	0.0
46229	0.0
46230	0.0
46231	0.0
46232	0.0
46233	0.0
46234	0.0
46235	0.0
46236	0.0
46237	0.0
46238	0.0
46239	0.0
46240	0.0
46241	0.0
46242	0.0
46243	0.0
46244	0.0
46245	0.0
46246	0.0
46247	0.0
46248	0.0
46249	0.0
46250	0.0
46251	0.0
46252	0.0
46253	0.0
46254	0.0
46255	0.0
46256	0.0
46257	0.0
46258	0.0
46259	0.0
46260	0.0
46261	0.0
46262	0.0
46263	0.0
46264	0.0
46265	0.0
46266	0.0
46267	0.0
46268	0.0
46269	0.0
46270	0.0
46271	0.0
46272	0.0
46273	0.0
46274	0.0
46275	0.00392156862745098
46276	0.00392156862745098
46277	0.00392156862745098
46278	0.0
46279	0.0
46280	0.0
46281	0.0
46282	0.0
46283	0.0
46284	0.0
46285	0.0
46286	0.0
46287	0.0
46288	0.0
46289	0.0
46290	0.0
46291	0.0
46292	0.0
46293	0.0
46294	0.0
46295	0.0
46296	0.00392156862745098
46297	0.00392156862745098
46298	0.00392156862745098
46299	0.011764705882352941
46300	0.011764705882352941
46301	0.011764705882352941
46302	0.00392156862745098
46303	0.00392156862745098
46304	0.00392156862745098
46305	0.0
46306	0.0
46307	0.0
46308	0.0
46309	0.0
46310	0.0
46311	0.00392156862745098
46312	0.00392156862745098
46313	0.00392156862745098
46314	0.00392156862745098
46315	0.00392156862745098
46316	0.00392156862745098
46317	0.0
46318	0.0
46319	0.0
46320	0.0
46321	0.0
46322	0.0
46323	0.0
46324	0.0
46325	0.0
46326	0.0
46327	0.0
46328	0.0
46329	0.0
46330	0.0
46331	0.0
46332	0.0
46333	0.0
46334	0.0
46335	0.0
46336	0.0
46337	0.0
46338	0.0
46339	0.0
46340	0.0
46341	0.00784313725490196
46342	0.00784313725490196
46343	0.00784313725490196
46344	0.00784313725490196
46345	0.00784313725490196
46346	0.00784313725490196
46347	0.00392156862745098
46348	0.00392156862745098
46349	0.00392156862745098
46350	0.0
46351	0.0
46352	0.0
46353	0.0
46354	0.0
46355	0.0
46356	0.0
46357	0.0
46358	0.0
46359	0.0
46360	0.0
46361	0.0
46362	0.0
46363	0.0
46364	0.0
46365	0.00392156862745098
46366	0.00392156862745098
46367	0.00392156862745098
46368	0.00784313725490196
46369	0.00784313725490196
46370	0.00784313725490196
46371	0.0
46372	0.0
46373	0.0
46374	0.0
46375	0.0
46376	0.0
46377	0.0
46378	0.0
46379	0.0
46380	0.0
46381	0.0
46382	0.0
46383	0.0
46384	0.0
46385	0.0
46386	0.00392156862745098
46387	0.00392156862745098
46388	0.00392156862745098
46389	0.0
46390	0.0
46391	0.0
46392	0.0
46393	0.0
46394	0.0
46395	0.0
46396	0.0
46397	0.0
46398	0.0
46399	0.0
46400	0.0
46401	0.0
46402	0.0
46403	0.0
46404	0.0
46405	0.0
46406	0.0
46407	0.0
46408	0.0
46409	0.0
46410	0.0
46411	0.0
46412	0.0
46413	0.0
46414	0.0
46415	0.0
46416	0.0
46417	0.0
46418	0.0
46419	0.0
46420	0.0
46421	0.0
46422	0.0
46423	0.0
46424	0.0
46425	0.0
46426	0.0
46427	0.0
46428	0.0
46429	0.0
46430	0.0
46431	0.0
46432	0.0
46433	0.0
46434	0.00784313725490196
46435	0.00784313725490196
46436	0.00784313725490196
46437	0.0
46438	0.0
46439	0.0
46440	0.0
46441	0.0
46442	0.0
46443	0.0
46444	0.0
46445	0.0
46446	0.0
46447	0.0
46448	0.0
46449	0.0
46450	0.0
46451	0.0
46452	0.0
46453	0.0
46454	0.0
46455	0.0
46456	0.0
46457	0.0
46458	0.0
46459	0.0
46460	0.0
46461	0.00784313725490196
46462	0.00784313725490196
46463	0.00784313725490196
46464	0.00784313725490196
46465	0.00784313725490196
46466	0.00784313725490196
46467	0.0
46468	0.0
46469	0.0
46470	0.0
46471	0.0
46472	0.0
46473	0.0
46474	0.0
46475	0.0
46476	0.0
46477	0.0
46478	0.0
46479	0.0
46480	0.0
46481	0.0
46482	0.0
46483	0.0
46484	0.0
46485	0.0
46486	0.0
46487	0.0
46488	0.0
46489	0.0
46490	0.0
46491	0.0
46492	0.0
46493	0.0
46494	0.0
46495	0.0
46496	0.0
46497	0.00784313725490196
46498	0.00784313725490196
46499	0.00784313725490196
46500	0.0
46501	0.0
46502	0.0
46503	0.0
46504	0.0
46505	0.0
46506	0.0
46507	0.0
46508	0.0
46509	0.0
46510	0.0
46511	0.0
46512	0.0
46513	0.0
46514	0.0
46515	0.0
46516	0.0
46517	0.0
46518	0.0
46519	0.0
46520	0.0
46521	0.0
46522	0.0
46523	0.0
46524	0.0
46525	0.0
46526	0.0
46527	0.00392156862745098
46528	0.00392156862745098
46529	0.00392156862745098
46530	0.011764705882352941
46531	0.011764705882352941
46532	0.011764705882352941
46533	0.00392156862745098
46534	0.00392156862745098
46535	0.00392156862745098
46536	0.0
46537	0.0
46538	0.0
46539	0.00392156862745098
46540	0.00392156862745098
46541	0.00392156862745098
46542	0.0
46543	0.0
46544	0.0
46545	0.00392156862745098
46546	0.00392156862745098
46547	0.00392156862745098
46548	0.00784313725490196
46549	0.00784313725490196
46550	0.00784313725490196
46551	0.0
46552	0.0
46553	0.0
46554	0.0
46555	0.0
46556	0.0
46557	0.0
46558	0.0
46559	0.0
46560	0.0
46561	0.0
46562	0.0
46563	0.0
46564	0.0
46565	0.0
46566	0.0
46567	0.0
46568	0.0
46569	0.00392156862745098
46570	0.00392156862745098
46571	0.00392156862745098
46572	0.0
46573	0.0
46574	0.0
46575	0.0
46576	0.0
46577	0.0
46578	0.0
46579	0.0
46580	0.0
46581	0.0
46582	0.0
46583	0.0
46584	0.0
46585	0.0
46586	0.0
46587	0.0
46588	0.0
46589	0.0
46590	0.00392156862745098
46591	0.00392156862745098
46592	0.00392156862745098
46593	0.0
46594	0.0
46595	0.0
46596	0.00392156862745098
46597	0.00392156862745098
46598	0.00392156862745098
46599	0.00392156862745098
46600	0.00392156862745098
46601	0.00392156862745098
46602	0.0
46603	0.0
46604	0.0
46605	0.0
46606	0.0
46607	0.0
46608	0.00392156862745098
46609	0.00392156862745098
46610	0.00392156862745098
46611	0.0
46612	0.0
46613	0.0
46614	0.00392156862745098
46615	0.00392156862745098
46616	0.00392156862745098
46617	0.00392156862745098
46618	0.00392156862745098
46619	0.00392156862745098
46620	0.0
46621	0.0
46622	0.0
46623	0.0
46624	0.0
46625	0.0
46626	0.0
46627	0.0
46628	0.0
46629	0.0
46630	0.0
46631	0.0
46632	0.0
46633	0.0
46634	0.0
46635	0.00392156862745098
46636	0.00392156862745098
46637	0.00392156862745098
46638	0.0
46639	0.0
46640	0.0
46641	0.0
46642	0.0
46643	0.0
46644	0.0
46645	0.0
46646	0.0
46647	0.0
46648	0.0
46649	0.0
46650	0.0
46651	0.0
46652	0.0
46653	0.0
46654	0.0
46655	0.0
46656	0.0
46657	0.0
46658	0.0
46659	0.0
46660	0.0
46661	0.0
46662	0.0
46663	0.0
46664	0.0
46665	0.0
46666	0.0
46667	0.0
46668	0.00392156862745098
46669	0.00392156862745098
46670	0.00392156862745098
46671	0.0
46672	0.0
46673	0.0
46674	0.0
46675	0.0
46676	0.0
46677	0.0
46678	0.0
46679	0.0
46680	0.0
46681	0.0
46682	0.0
46683	0.0
46684	0.0
46685	0.0
46686	0.0
46687	0.0
46688	0.0
46689	0.0
46690	0.0
46691	0.0
46692	0.00392156862745098
46693	0.00392156862745098
46694	0.00392156862745098
46695	0.00392156862745098
46696	0.00392156862745098
46697	0.00392156862745098
46698	0.0
46699	0.0
46700	0.0
46701	0.0
46702	0.0
46703	0.0
46704	0.0
46705	0.0
46706	0.0
46707	0.0
46708	0.0
46709	0.0
46710	0.0
46711	0.0
46712	0.0
46713	0.0
46714	0.0
46715	0.0
46716	0.0
46717	0.0
46718	0.0
46719	0.0
46720	0.0
46721	0.0
46722	0.0
46723	0.0
46724	0.0
46725	0.0
46726	0.0
46727	0.0
46728	0.0
46729	0.0
46730	0.0
46731	0.0
46732	0.0
46733	0.0
46734	0.0
46735	0.0
46736	0.0
46737	0.0
46738	0.0
46739	0.0
46740	0.0
46741	0.0
46742	0.0
46743	0.0
46744	0.0
46745	0.0
46746	0.0
46747	0.0
46748	0.0
46749	0.0
46750	0.0
46751	0.0
46752	0.0
46753	0.0
46754	0.0
46755	0.0
46756	0.0
46757	0.0
46758	0.0
46759	0.0
46760	0.0
46761	0.0
46762	0.0
46763	0.0
46764	0.0
46765	0.0
46766	0.0
46767	0.0
46768	0.0
46769	0.0
46770	0.0
46771	0.0
46772	0.0
46773	0.0
46774	0.0
46775	0.0
46776	0.0
46777	0.0
46778	0.0
46779	0.0
46780	0.0
46781	0.0
46782	0.0
46783	0.0
46784	0.0
46785	0.0
46786	0.0
46787	0.0
46788	0.0
46789	0.0
46790	0.0
46791	0.0
46792	0.0
46793	0.0
46794	0.0
46795	0.0
46796	0.0
46797	0.0
46798	0.0
46799	0.0
46800	0.0
46801	0.0
46802	0.0
46803	0.0
46804	0.0
46805	0.0
46806	0.0
46807	0.0
46808	0.0
46809	0.0
46810	0.0
46811	0.0
46812	0.0
46813	0.0
46814	0.0
46815	0.00392156862745098
46816	0.00392156862745098
46817	0.00392156862745098
46818	0.0
46819	0.0
46820	0.0
46821	0.0
46822	0.0
46823	0.0
46824	0.00392156862745098
46825	0.00392156862745098
46826	0.00392156862745098
46827	0.0
46828	0.0
46829	0.0
46830	0.0
46831	0.0
46832	0.0
46833	0.0
46834	0.0
46835	0.0
46836	0.0
46837	0.0
46838	0.0
46839	0.0
46840	0.0
46841	0.0
46842	0.0
46843	0.0
46844	0.0
46845	0.00784313725490196
46846	0.00784313725490196
46847	0.00784313725490196
46848	0.00392156862745098
46849	0.00392156862745098
46850	0.00392156862745098
46851	0.0
46852	0.0
46853	0.0
46854	0.0
46855	0.0
46856	0.0
46857	0.0
46858	0.0
46859	0.0
46860	0.0
46861	0.0
46862	0.0
46863	0.0
46864	0.0
46865	0.0
46866	0.0
46867	0.0
46868	0.0
46869	0.0
46870	0.0
46871	0.0
46872	0.0
46873	0.0
46874	0.0
46875	0.00392156862745098
46876	0.00392156862745098
46877	0.00392156862745098
46878	0.00392156862745098
46879	0.00392156862745098
46880	0.00392156862745098
46881	0.0
46882	0.0
46883	0.0
46884	0.0
46885	0.0
46886	0.0
46887	0.0
46888	0.0
46889	0.0
46890	0.0
46891	0.0
46892	0.0
46893	0.00392156862745098
46894	0.00392156862745098
46895	0.00392156862745098
46896	0.00392156862745098
46897	0.00392156862745098
46898	0.00392156862745098
46899	0.0
46900	0.0
46901	0.0
46902	0.0
46903	0.0
46904	0.0
46905	0.0
46906	0.0
46907	0.0
46908	0.0
46909	0.0
46910	0.0
46911	0.0
46912	0.0
46913	0.0
46914	0.00784313725490196
46915	0.00784313725490196
46916	0.00784313725490196
46917	0.00392156862745098
46918	0.00392156862745098
46919	0.00392156862745098
46920	0.0
46921	0.0
46922	0.0
46923	0.00784313725490196
46924	0.00784313725490196
46925	0.00784313725490196
46926	0.00392156862745098
46927	0.00392156862745098
46928	0.00392156862745098
46929	0.00392156862745098
46930	0.00392156862745098
46931	0.00392156862745098
46932	0.0
46933	0.0
46934	0.0
46935	0.0
46936	0.0
46937	0.0
46938	0.0
46939	0.0
46940	0.0
46941	0.0
46942	0.0
46943	0.0
46944	0.0
46945	0.0
46946	0.0
46947	0.0
46948	0.0
46949	0.0
46950	0.00784313725490196
46951	0.00784313725490196
46952	0.00784313725490196
46953	0.00392156862745098
46954	0.00392156862745098
46955	0.00392156862745098
46956	0.0
46957	0.0
46958	0.0
46959	0.0
46960	0.0
46961	0.0
46962	0.0
46963	0.0
46964	0.0
46965	0.0
46966	0.0
46967	0.0
46968	0.0
46969	0.0
46970	0.0
46971	0.00392156862745098
46972	0.00392156862745098
46973	0.00392156862745098
46974	0.00392156862745098
46975	0.00392156862745098
46976	0.00392156862745098
46977	0.0
46978	0.0
46979	0.0
46980	0.0
46981	0.0
46982	0.0
46983	0.00784313725490196
46984	0.00784313725490196
46985	0.00784313725490196
46986	0.00392156862745098
46987	0.00392156862745098
46988	0.00392156862745098
46989	0.0
46990	0.0
46991	0.0
46992	0.0
46993	0.0
46994	0.0
46995	0.0
46996	0.0
46997	0.0
46998	0.00784313725490196
46999	0.00784313725490196
47000	0.00784313725490196
47001	0.00392156862745098
47002	0.00392156862745098
47003	0.00392156862745098
47004	0.0
47005	0.0
47006	0.0
47007	0.0
47008	0.0
47009	0.0
47010	0.0
47011	0.0
47012	0.0
47013	0.0
47014	0.0
47015	0.0
47016	0.0
47017	0.0
47018	0.0
47019	0.00392156862745098
47020	0.00392156862745098
47021	0.00392156862745098
47022	0.0
47023	0.0
47024	0.0
47025	0.0
47026	0.0
47027	0.0
47028	0.0
47029	0.0
47030	0.0
47031	0.0
47032	0.0
47033	0.0
47034	0.0
47035	0.0
47036	0.0
47037	0.0
47038	0.0
47039	0.0
47040	0.0
47041	0.0
47042	0.0
47043	0.0
47044	0.0
47045	0.0
47046	0.0
47047	0.0
47048	0.0
47049	0.0
47050	0.0
47051	0.0
47052	0.00392156862745098
47053	0.00392156862745098
47054	0.00392156862745098
47055	0.0
47056	0.0
47057	0.0
47058	0.0
47059	0.0
47060	0.0
47061	0.0
47062	0.0
47063	0.0
47064	0.0
47065	0.0
47066	0.0
47067	0.0
47068	0.0
47069	0.0
47070	0.0
47071	0.0
47072	0.0
47073	0.0
47074	0.0
47075	0.0
47076	0.00392156862745098
47077	0.00392156862745098
47078	0.00392156862745098
47079	0.00392156862745098
47080	0.00392156862745098
47081	0.00392156862745098
47082	0.0
47083	0.0
47084	0.0
47085	0.00392156862745098
47086	0.00392156862745098
47087	0.00392156862745098
47088	0.00392156862745098
47089	0.00392156862745098
47090	0.00392156862745098
47091	0.0
47092	0.0
47093	0.0
47094	0.0
47095	0.0
47096	0.0
47097	0.0
47098	0.0
47099	0.0
47100	0.0
47101	0.0
47102	0.0
47103	0.0
47104	0.0
47105	0.0
47106	0.0
47107	0.0
47108	0.0
47109	0.0
47110	0.0
47111	0.0
47112	0.0
47113	0.0
47114	0.0
47115	0.0
47116	0.0
47117	0.0
47118	0.0
47119	0.0
47120	0.0
47121	0.0
47122	0.0
47123	0.0
47124	0.0
47125	0.0
47126	0.0
47127	0.0
47128	0.0
47129	0.0
47130	0.0
47131	0.0
47132	0.0
47133	0.0
47134	0.0
47135	0.0
47136	0.0
47137	0.0
47138	0.0
47139	0.0
47140	0.0
47141	0.0
47142	0.00392156862745098
47143	0.00392156862745098
47144	0.00392156862745098
47145	0.0
47146	0.0
47147	0.0
47148	0.0
47149	0.0
47150	0.0
47151	0.0
47152	0.0
47153	0.0
47154	0.0
47155	0.0
47156	0.0
47157	0.0
47158	0.0
47159	0.0
47160	0.0
47161	0.0
47162	0.0
47163	0.0
47164	0.0
47165	0.0
47166	0.0
47167	0.0
47168	0.0
47169	0.0
47170	0.0
47171	0.0
47172	0.0
47173	0.0
47174	0.0
47175	0.0
47176	0.0
47177	0.0
47178	0.0
47179	0.0
47180	0.0
47181	0.0
47182	0.0
47183	0.0
47184	0.0
47185	0.0
47186	0.0
47187	0.0
47188	0.0
47189	0.0
47190	0.0
47191	0.0
47192	0.0
47193	0.0
47194	0.0
47195	0.0
47196	0.0
47197	0.0
47198	0.0
47199	0.0
47200	0.0
47201	0.0
47202	0.0
47203	0.0
47204	0.0
47205	0.0
47206	0.0
47207	0.0
47208	0.00392156862745098
47209	0.00392156862745098
47210	0.00392156862745098
47211	0.0
47212	0.0
47213	0.0
47214	0.00392156862745098
47215	0.00392156862745098
47216	0.00392156862745098
47217	0.00392156862745098
47218	0.00392156862745098
47219	0.00392156862745098
47220	0.0
47221	0.0
47222	0.0
47223	0.0
47224	0.0
47225	0.0
47226	0.0
47227	0.0
47228	0.0
47229	0.00784313725490196
47230	0.00784313725490196
47231	0.00784313725490196
47232	0.00392156862745098
47233	0.00392156862745098
47234	0.00392156862745098
47235	0.0
47236	0.0
47237	0.0
47238	0.0
47239	0.0
47240	0.0
47241	0.0
47242	0.0
47243	0.0
47244	0.0
47245	0.0
47246	0.0
47247	0.0
47248	0.0
47249	0.0
47250	0.0
47251	0.0
47252	0.0
47253	0.00392156862745098
47254	0.00392156862745098
47255	0.00392156862745098
47256	0.00392156862745098
47257	0.00392156862745098
47258	0.00392156862745098
47259	0.00392156862745098
47260	0.00392156862745098
47261	0.00392156862745098
47262	0.00392156862745098
47263	0.00392156862745098
47264	0.00392156862745098
47265	0.0
47266	0.0
47267	0.0
47268	0.0
47269	0.0
47270	0.0
47271	0.0
47272	0.0
47273	0.0
47274	0.00784313725490196
47275	0.00784313725490196
47276	0.00784313725490196
47277	0.00784313725490196
47278	0.00784313725490196
47279	0.00784313725490196
47280	0.0
47281	0.0
47282	0.0
47283	0.0
47284	0.0
47285	0.0
47286	0.00392156862745098
47287	0.00392156862745098
47288	0.00392156862745098
47289	0.0
47290	0.0
47291	0.0
47292	0.0
47293	0.0
47294	0.0
47295	0.00392156862745098
47296	0.00392156862745098
47297	0.00392156862745098
47298	0.0
47299	0.0
47300	0.0
47301	0.0
47302	0.0
47303	0.0
47304	0.0
47305	0.0
47306	0.0
47307	0.00392156862745098
47308	0.00392156862745098
47309	0.00392156862745098
47310	0.00392156862745098
47311	0.00392156862745098
47312	0.00392156862745098
47313	0.00392156862745098
47314	0.00392156862745098
47315	0.00392156862745098
47316	0.0
47317	0.0
47318	0.0
47319	0.0
47320	0.0
47321	0.0
47322	0.0
47323	0.0
47324	0.0
47325	0.0
47326	0.0
47327	0.0
47328	0.00392156862745098
47329	0.00392156862745098
47330	0.00392156862745098
47331	0.00392156862745098
47332	0.00392156862745098
47333	0.00392156862745098
47334	0.00392156862745098
47335	0.00392156862745098
47336	0.00392156862745098
47337	0.00392156862745098
47338	0.00392156862745098
47339	0.00392156862745098
47340	0.0
47341	0.0
47342	0.0
47343	0.0
47344	0.0
47345	0.0
47346	0.00392156862745098
47347	0.00392156862745098
47348	0.00392156862745098
47349	0.00392156862745098
47350	0.00392156862745098
47351	0.00392156862745098
47352	0.0
47353	0.0
47354	0.0
47355	0.0
47356	0.0
47357	0.0
47358	0.0
47359	0.0
47360	0.0
47361	0.0
47362	0.0
47363	0.0
47364	0.0
47365	0.0
47366	0.0
47367	0.0
47368	0.0
47369	0.0
47370	0.0
47371	0.0
47372	0.0
47373	0.0
47374	0.0
47375	0.0
47376	0.0
47377	0.0
47378	0.0
47379	0.0
47380	0.0
47381	0.0
47382	0.00784313725490196
47383	0.00784313725490196
47384	0.00784313725490196
47385	0.00392156862745098
47386	0.00392156862745098
47387	0.00392156862745098
47388	0.0
47389	0.0
47390	0.0
47391	0.0
47392	0.0
47393	0.0
47394	0.0
47395	0.0
47396	0.0
47397	0.0
47398	0.0
47399	0.0
47400	0.00784313725490196
47401	0.00784313725490196
47402	0.00784313725490196
47403	0.00392156862745098
47404	0.00392156862745098
47405	0.00392156862745098
47406	0.0
47407	0.0
47408	0.0
47409	0.0
47410	0.0
47411	0.0
47412	0.0
47413	0.0
47414	0.0
47415	0.0
47416	0.0
47417	0.0
47418	0.0
47419	0.0
47420	0.0
47421	0.0
47422	0.0
47423	0.0
47424	0.0
47425	0.0
47426	0.0
47427	0.00392156862745098
47428	0.00392156862745098
47429	0.00392156862745098
47430	0.0
47431	0.0
47432	0.0
47433	0.0
47434	0.0
47435	0.0
47436	0.0
47437	0.0
47438	0.0
47439	0.0
47440	0.0
47441	0.0
47442	0.0
47443	0.0
47444	0.0
47445	0.0
47446	0.0
47447	0.0
47448	0.0
47449	0.0
47450	0.0
47451	0.0
47452	0.0
47453	0.0
47454	0.0
47455	0.0
47456	0.0
47457	0.0
47458	0.0
47459	0.0
47460	0.0
47461	0.0
47462	0.0
47463	0.0
47464	0.0
47465	0.0
47466	0.0
47467	0.0
47468	0.0
47469	0.0
47470	0.0
47471	0.0
47472	0.0
47473	0.0
47474	0.0
47475	0.0
47476	0.0
47477	0.0
47478	0.0
47479	0.0
47480	0.0
47481	0.0
47482	0.0
47483	0.0
47484	0.0
47485	0.0
47486	0.0
47487	0.0
47488	0.0
47489	0.0
47490	0.0
47491	0.0
47492	0.0
47493	0.0
47494	0.0
47495	0.0
47496	0.0
47497	0.0
47498	0.0
47499	0.0
47500	0.0
47501	0.0
47502	0.0
47503	0.0
47504	0.0
47505	0.00392156862745098
47506	0.00392156862745098
47507	0.00392156862745098
47508	0.00392156862745098
47509	0.00392156862745098
47510	0.00392156862745098
47511	0.0
47512	0.0
47513	0.0
47514	0.0
47515	0.0
47516	0.0
47517	0.0
47518	0.0
47519	0.0
47520	0.0
47521	0.0
47522	0.0
47523	0.0
47524	0.0
47525	0.0
47526	0.00392156862745098
47527	0.00392156862745098
47528	0.00392156862745098
47529	0.0
47530	0.0
47531	0.0
47532	0.0
47533	0.0
47534	0.0
47535	0.0
47536	0.0
47537	0.0
47538	0.0
47539	0.0
47540	0.0
47541	0.0
47542	0.0
47543	0.0
47544	0.0
47545	0.0
47546	0.0
47547	0.0
47548	0.0
47549	0.0
47550	0.0
47551	0.0
47552	0.0
47553	0.00392156862745098
47554	0.00392156862745098
47555	0.00392156862745098
47556	0.0
47557	0.0
47558	0.0
47559	0.0
47560	0.0
47561	0.0
47562	0.0
47563	0.0
47564	0.0
47565	0.00392156862745098
47566	0.00392156862745098
47567	0.00392156862745098
47568	0.0
47569	0.0
47570	0.0
47571	0.0
47572	0.0
47573	0.0
47574	0.0
47575	0.0
47576	0.0
47577	0.0
47578	0.0
47579	0.0
47580	0.0
47581	0.0
47582	0.0
47583	0.00784313725490196
47584	0.00784313725490196
47585	0.00784313725490196
47586	0.0
47587	0.0
47588	0.0
47589	0.0
47590	0.0
47591	0.0
47592	0.0
47593	0.0
47594	0.0
47595	0.0
47596	0.0
47597	0.0
47598	0.0
47599	0.0
47600	0.0
47601	0.0
47602	0.0
47603	0.0
47604	0.0
47605	0.0
47606	0.0
47607	0.0
47608	0.0
47609	0.0
47610	0.0
47611	0.0
47612	0.0
47613	0.0
47614	0.0
47615	0.0
47616	0.00392156862745098
47617	0.00392156862745098
47618	0.00392156862745098
47619	0.00392156862745098
47620	0.00392156862745098
47621	0.00392156862745098
47622	0.0
47623	0.0
47624	0.0
47625	0.0
47626	0.0
47627	0.0
47628	0.0
47629	0.0
47630	0.0
47631	0.0
47632	0.0
47633	0.0
47634	0.0
47635	0.0
47636	0.0
47637	0.00392156862745098
47638	0.00392156862745098
47639	0.00392156862745098
47640	0.0
47641	0.0
47642	0.0
47643	0.00392156862745098
47644	0.00392156862745098
47645	0.00392156862745098
47646	0.0
47647	0.0
47648	0.0
47649	0.00392156862745098
47650	0.00392156862745098
47651	0.00392156862745098
47652	0.00392156862745098
47653	0.00392156862745098
47654	0.00392156862745098
47655	0.00392156862745098
47656	0.00392156862745098
47657	0.00392156862745098
47658	0.00392156862745098
47659	0.00392156862745098
47660	0.00392156862745098
47661	0.00392156862745098
47662	0.00392156862745098
47663	0.00392156862745098
47664	0.0
47665	0.0
47666	0.0
47667	0.0
47668	0.0
47669	0.0
47670	0.0
47671	0.0
47672	0.0
47673	0.0
47674	0.0
47675	0.0
47676	0.0
47677	0.0
47678	0.0
47679	0.00392156862745098
47680	0.00392156862745098
47681	0.00392156862745098
47682	0.00392156862745098
47683	0.00392156862745098
47684	0.00392156862745098
47685	0.0
47686	0.0
47687	0.0
47688	0.0
47689	0.0
47690	0.0
47691	0.0
47692	0.0
47693	0.0
47694	0.00392156862745098
47695	0.00392156862745098
47696	0.00392156862745098
47697	0.00392156862745098
47698	0.00392156862745098
47699	0.00392156862745098
47700	0.00392156862745098
47701	0.00392156862745098
47702	0.00392156862745098
47703	0.00392156862745098
47704	0.00392156862745098
47705	0.00392156862745098
47706	0.0
47707	0.0
47708	0.0
47709	0.0
47710	0.0
47711	0.0
47712	0.0
47713	0.0
47714	0.0
47715	0.00784313725490196
47716	0.00784313725490196
47717	0.00784313725490196
47718	0.00392156862745098
47719	0.00392156862745098
47720	0.00392156862745098
47721	0.0
47722	0.0
47723	0.0
47724	0.0
47725	0.0
47726	0.0
47727	0.0
47728	0.0
47729	0.0
47730	0.00392156862745098
47731	0.00392156862745098
47732	0.00392156862745098
47733	0.0
47734	0.0
47735	0.0
47736	0.0
47737	0.0
47738	0.0
47739	0.0
47740	0.0
47741	0.0
47742	0.0
47743	0.0
47744	0.0
47745	0.00392156862745098
47746	0.00392156862745098
47747	0.00392156862745098
47748	0.0
47749	0.0
47750	0.0
47751	0.0
47752	0.0
47753	0.0
47754	0.0
47755	0.0
47756	0.0
47757	0.0
47758	0.0
47759	0.0
47760	0.0
47761	0.0
47762	0.0
47763	0.00392156862745098
47764	0.00392156862745098
47765	0.00392156862745098
47766	0.00784313725490196
47767	0.00784313725490196
47768	0.00784313725490196
47769	0.0
47770	0.0
47771	0.0
47772	0.0
47773	0.0
47774	0.0
47775	0.0
47776	0.0
47777	0.0
47778	0.0
47779	0.0
47780	0.0
47781	0.0
47782	0.0
47783	0.0
47784	0.00784313725490196
47785	0.00784313725490196
47786	0.00784313725490196
47787	0.0
47788	0.0
47789	0.0
47790	0.0
47791	0.0
47792	0.0
47793	0.0
47794	0.0
47795	0.0
47796	0.0
47797	0.0
47798	0.0
47799	0.0
47800	0.0
47801	0.0
47802	0.0
47803	0.0
47804	0.0
47805	0.0
47806	0.0
47807	0.0
47808	0.0
47809	0.0
47810	0.0
47811	0.00392156862745098
47812	0.00392156862745098
47813	0.00392156862745098
47814	0.0
47815	0.0
47816	0.0
47817	0.0
47818	0.0
47819	0.0
47820	0.0
47821	0.0
47822	0.0
47823	0.0
47824	0.0
47825	0.0
47826	0.0
47827	0.0
47828	0.0
47829	0.0
47830	0.0
47831	0.0
47832	0.0
47833	0.0
47834	0.0
47835	0.0
47836	0.0
47837	0.0
47838	0.0
47839	0.0
47840	0.0
47841	0.0
47842	0.0
47843	0.0
47844	0.0
47845	0.0
47846	0.0
47847	0.0
47848	0.0
47849	0.0
47850	0.0
47851	0.0
47852	0.0
47853	0.00392156862745098
47854	0.00392156862745098
47855	0.00392156862745098
47856	0.0
47857	0.0
47858	0.0
47859	0.0
47860	0.0
47861	0.0
47862	0.0
47863	0.0
47864	0.0
47865	0.0
47866	0.0
47867	0.0
47868	0.0
47869	0.0
47870	0.0
47871	0.0
47872	0.0
47873	0.0
47874	0.0
47875	0.0
47876	0.0
47877	0.0
47878	0.0
47879	0.0
47880	0.0
47881	0.0
47882	0.0
47883	0.0
47884	0.0
47885	0.0
47886	0.0
47887	0.0
47888	0.0
47889	0.0
47890	0.0
47891	0.0
47892	0.0
47893	0.0
47894	0.0
47895	0.0
47896	0.0
47897	0.0
47898	0.0
47899	0.0
47900	0.0
47901	0.0
47902	0.0
47903	0.0
47904	0.0
47905	0.0
47906	0.0
47907	0.0
47908	0.0
47909	0.0
47910	0.0
47911	0.0
47912	0.0
47913	0.0
47914	0.0
47915	0.0
47916	0.0
47917	0.0
47918	0.0
47919	0.0
47920	0.0
47921	0.0
47922	0.0
47923	0.0
47924	0.0
47925	0.0
47926	0.0
47927	0.0
47928	0.0
47929	0.0
47930	0.0
47931	0.0
47932	0.0
47933	0.0
47934	0.0
47935	0.0
47936	0.0
47937	0.0
47938	0.0
47939	0.0
47940	0.0
47941	0.0
47942	0.0
47943	0.0
47944	0.0
47945	0.0
47946	0.0
47947	0.0
47948	0.0
47949	0.0
47950	0.0
47951	0.0
47952	0.00392156862745098
47953	0.00392156862745098
47954	0.00392156862745098
47955	0.0
47956	0.0
47957	0.0
47958	0.0
47959	0.0
47960	0.0
47961	0.0
47962	0.0
47963	0.0
47964	0.00392156862745098
47965	0.00392156862745098
47966	0.00392156862745098
47967	0.00392156862745098
47968	0.00392156862745098
47969	0.00392156862745098
47970	0.0
47971	0.0
47972	0.0
47973	0.0
47974	0.0
47975	0.0
47976	0.0
47977	0.0
47978	0.0
47979	0.0
47980	0.0
47981	0.0
47982	0.0
47983	0.0
47984	0.0
47985	0.0
47986	0.0
47987	0.0
47988	0.0
47989	0.0
47990	0.0
47991	0.0
47992	0.0
47993	0.0
47994	0.0
47995	0.0
47996	0.0
47997	0.0
47998	0.0
47999	0.0
48000	0.0
48001	0.0
48002	0.0
48003	0.0
48004	0.0
48005	0.0
48006	0.00392156862745098
48007	0.00392156862745098
48008	0.00392156862745098
48009	0.00392156862745098
48010	0.00392156862745098
48011	0.00392156862745098
48012	0.0
48013	0.0
48014	0.0
48015	0.00392156862745098
48016	0.00392156862745098
48017	0.00392156862745098
48018	0.00392156862745098
48019	0.00392156862745098
48020	0.00392156862745098
48021	0.0
48022	0.0
48023	0.0
48024	0.0
48025	0.0
48026	0.0
48027	0.0
48028	0.0
48029	0.0
48030	0.0
48031	0.0
48032	0.0
48033	0.00392156862745098
48034	0.00392156862745098
48035	0.00392156862745098
48036	0.00392156862745098
48037	0.00392156862745098
48038	0.00392156862745098
48039	0.00392156862745098
48040	0.00392156862745098
48041	0.00392156862745098
48042	0.0
48043	0.0
48044	0.0
48045	0.0
48046	0.0
48047	0.0
48048	0.0
48049	0.0
48050	0.0
48051	0.0
48052	0.0
48053	0.0
48054	0.0
48055	0.0
48056	0.0
48057	0.0
48058	0.0
48059	0.0
48060	0.0
48061	0.0
48062	0.0
48063	0.0
48064	0.0
48065	0.0
48066	0.0
48067	0.0
48068	0.0
48069	0.0
48070	0.0
48071	0.0
48072	0.00392156862745098
48073	0.00392156862745098
48074	0.00392156862745098
48075	0.00392156862745098
48076	0.00392156862745098
48077	0.00392156862745098
48078	0.00392156862745098
48079	0.00392156862745098
48080	0.00392156862745098
48081	0.0
48082	0.0
48083	0.0
48084	0.0
48085	0.0
48086	0.0
48087	0.00392156862745098
48088	0.00392156862745098
48089	0.00392156862745098
48090	0.0
48091	0.0
48092	0.0
48093	0.0
48094	0.0
48095	0.0
48096	0.0
48097	0.0
48098	0.0
48099	0.0
48100	0.0
48101	0.0
48102	0.0
48103	0.0
48104	0.0
48105	0.0
48106	0.0
48107	0.0
48108	0.0
48109	0.0
48110	0.0
48111	0.0
48112	0.0
48113	0.0
48114	0.0
48115	0.0
48116	0.0
48117	0.00392156862745098
48118	0.00392156862745098
48119	0.00392156862745098
48120	0.00392156862745098
48121	0.00392156862745098
48122	0.00392156862745098
48123	0.0
48124	0.0
48125	0.0
48126	0.00392156862745098
48127	0.00392156862745098
48128	0.00392156862745098
48129	0.0
48130	0.0
48131	0.0
48132	0.0
48133	0.0
48134	0.0
48135	0.0
48136	0.0
48137	0.0
48138	0.0
48139	0.0
48140	0.0
48141	0.0
48142	0.0
48143	0.0
48144	0.0
48145	0.0
48146	0.0
48147	0.00784313725490196
48148	0.00784313725490196
48149	0.00784313725490196
48150	0.0
48151	0.0
48152	0.0
48153	0.00392156862745098
48154	0.00392156862745098
48155	0.00392156862745098
48156	0.00392156862745098
48157	0.00392156862745098
48158	0.00392156862745098
48159	0.0
48160	0.0
48161	0.0
48162	0.0
48163	0.0
48164	0.0
48165	0.0
48166	0.0
48167	0.0
48168	0.00392156862745098
48169	0.00392156862745098
48170	0.00392156862745098
48171	0.00392156862745098
48172	0.00392156862745098
48173	0.00392156862745098
48174	0.0
48175	0.0
48176	0.0
48177	0.0
48178	0.0
48179	0.0
48180	0.0
48181	0.0
48182	0.0
48183	0.0
48184	0.0
48185	0.0
48186	0.0
48187	0.0
48188	0.0
48189	0.0
48190	0.0
48191	0.0
48192	0.0
48193	0.0
48194	0.0
48195	0.0
48196	0.0
48197	0.0
48198	0.00392156862745098
48199	0.00392156862745098
48200	0.00392156862745098
48201	0.00392156862745098
48202	0.00392156862745098
48203	0.00392156862745098
48204	0.0
48205	0.0
48206	0.0
48207	0.0
48208	0.0
48209	0.0
48210	0.0
48211	0.0
48212	0.0
48213	0.0
48214	0.0
48215	0.0
48216	0.0
48217	0.0
48218	0.0
48219	0.0
48220	0.0
48221	0.0
48222	0.0
48223	0.0
48224	0.0
48225	0.0
48226	0.0
48227	0.0
48228	0.0
48229	0.0
48230	0.0
48231	0.0
48232	0.0
48233	0.0
48234	0.0
48235	0.0
48236	0.0
48237	0.00392156862745098
48238	0.00392156862745098
48239	0.00392156862745098
48240	0.0
48241	0.0
48242	0.0
48243	0.0
48244	0.0
48245	0.0
48246	0.0
48247	0.0
48248	0.0
48249	0.0
48250	0.0
48251	0.0
48252	0.0
48253	0.0
48254	0.0
48255	0.00392156862745098
48256	0.00392156862745098
48257	0.00392156862745098
48258	0.0
48259	0.0
48260	0.0
48261	0.0
48262	0.0
48263	0.0
48264	0.0
48265	0.0
48266	0.0
48267	0.00392156862745098
48268	0.00392156862745098
48269	0.00392156862745098
48270	0.0
48271	0.0
48272	0.0
48273	0.0
48274	0.0
48275	0.0
48276	0.0
48277	0.0
48278	0.0
48279	0.0
48280	0.0
48281	0.0
48282	0.0
48283	0.0
48284	0.0
48285	0.0
48286	0.0
48287	0.0
48288	0.0
48289	0.0
48290	0.0
48291	0.0
48292	0.0
48293	0.0
48294	0.0
48295	0.0
48296	0.0
48297	0.0
48298	0.0
48299	0.0
48300	0.0
48301	0.0
48302	0.0
48303	0.0
48304	0.0
48305	0.0
48306	0.00392156862745098
48307	0.00392156862745098
48308	0.00392156862745098
48309	0.00392156862745098
48310	0.00392156862745098
48311	0.00392156862745098
48312	0.0
48313	0.0
48314	0.0
48315	0.0
48316	0.0
48317	0.0
48318	0.0
48319	0.0
48320	0.0
48321	0.0
48322	0.0
48323	0.0
48324	0.0
48325	0.0
48326	0.0
48327	0.0
48328	0.0
48329	0.0
48330	0.0
48331	0.0
48332	0.0
48333	0.0
48334	0.0
48335	0.0
48336	0.0
48337	0.0
48338	0.0
48339	0.0
48340	0.0
48341	0.0
48342	0.0
48343	0.0
48344	0.0
48345	0.0
48346	0.0
48347	0.0
48348	0.0
48349	0.0
48350	0.0
48351	0.00392156862745098
48352	0.00392156862745098
48353	0.00392156862745098
48354	0.0
48355	0.0
48356	0.0
48357	0.0
48358	0.0
48359	0.0
48360	0.0
48361	0.0
48362	0.0
48363	0.0
48364	0.0
48365	0.0
48366	0.0
48367	0.0
48368	0.0
48369	0.0
48370	0.0
48371	0.0
48372	0.0
48373	0.0
48374	0.0
48375	0.0
48376	0.0
48377	0.0
48378	0.0
48379	0.0
48380	0.0
48381	0.00392156862745098
48382	0.00392156862745098
48383	0.00392156862745098
48384	0.0
48385	0.0
48386	0.0
48387	0.00392156862745098
48388	0.00392156862745098
48389	0.00392156862745098
48390	0.00392156862745098
48391	0.00392156862745098
48392	0.00392156862745098
48393	0.011764705882352941
48394	0.011764705882352941
48395	0.011764705882352941
48396	0.00392156862745098
48397	0.00392156862745098
48398	0.00392156862745098
48399	0.00392156862745098
48400	0.00392156862745098
48401	0.00392156862745098
48402	0.00784313725490196
48403	0.00784313725490196
48404	0.00784313725490196
48405	0.0
48406	0.0
48407	0.0
48408	0.0
48409	0.0
48410	0.0
48411	0.00392156862745098
48412	0.00392156862745098
48413	0.00392156862745098
48414	0.00392156862745098
48415	0.00392156862745098
48416	0.00392156862745098
48417	0.011764705882352941
48418	0.011764705882352941
48419	0.011764705882352941
48420	0.00392156862745098
48421	0.00392156862745098
48422	0.00392156862745098
48423	0.00392156862745098
48424	0.00392156862745098
48425	0.00392156862745098
48426	0.0
48427	0.0
48428	0.0
48429	0.0
48430	0.0
48431	0.0
48432	0.00392156862745098
48433	0.00392156862745098
48434	0.00392156862745098
48435	0.00784313725490196
48436	0.00784313725490196
48437	0.00784313725490196
48438	0.00392156862745098
48439	0.00392156862745098
48440	0.00392156862745098
48441	0.00392156862745098
48442	0.00392156862745098
48443	0.00392156862745098
48444	0.00392156862745098
48445	0.00392156862745098
48446	0.00392156862745098
48447	0.00392156862745098
48448	0.00392156862745098
48449	0.00392156862745098
48450	0.00392156862745098
48451	0.00392156862745098
48452	0.00392156862745098
48453	0.00392156862745098
48454	0.00392156862745098
48455	0.00392156862745098
48456	0.00392156862745098
48457	0.00392156862745098
48458	0.00392156862745098
48459	0.00392156862745098
48460	0.00392156862745098
48461	0.00392156862745098
48462	0.00392156862745098
48463	0.00392156862745098
48464	0.00392156862745098
48465	0.0
48466	0.0
48467	0.0
48468	0.00784313725490196
48469	0.00784313725490196
48470	0.00784313725490196
48471	0.0
48472	0.0
48473	0.0
48474	0.00392156862745098
48475	0.00392156862745098
48476	0.00392156862745098
48477	0.00392156862745098
48478	0.00392156862745098
48479	0.00392156862745098
48480	0.00784313725490196
48481	0.00784313725490196
48482	0.00784313725490196
48483	0.00392156862745098
48484	0.00392156862745098
48485	0.00392156862745098
48486	0.00392156862745098
48487	0.00392156862745098
48488	0.00392156862745098
48489	0.00392156862745098
48490	0.00392156862745098
48491	0.00392156862745098
48492	0.0
48493	0.0
48494	0.0
48495	0.00392156862745098
48496	0.00392156862745098
48497	0.00392156862745098
48498	0.0
48499	0.0
48500	0.0
48501	0.00392156862745098
48502	0.00392156862745098
48503	0.00392156862745098
48504	0.00392156862745098
48505	0.00392156862745098
48506	0.00392156862745098
48507	0.00784313725490196
48508	0.00784313725490196
48509	0.00784313725490196
48510	0.00784313725490196
48511	0.00784313725490196
48512	0.00784313725490196
48513	0.00392156862745098
48514	0.00392156862745098
48515	0.00392156862745098
48516	0.00392156862745098
48517	0.00392156862745098
48518	0.00392156862745098
48519	0.00392156862745098
48520	0.00392156862745098
48521	0.00392156862745098
48522	0.00784313725490196
48523	0.00784313725490196
48524	0.00784313725490196
48525	0.00392156862745098
48526	0.00392156862745098
48527	0.00392156862745098
48528	0.00392156862745098
48529	0.00392156862745098
48530	0.00392156862745098
48531	0.011764705882352941
48532	0.011764705882352941
48533	0.011764705882352941
48534	0.00784313725490196
48535	0.00784313725490196
48536	0.00784313725490196
48537	0.00784313725490196
48538	0.00784313725490196
48539	0.00784313725490196
48540	0.00392156862745098
48541	0.00392156862745098
48542	0.00392156862745098
48543	0.00392156862745098
48544	0.00392156862745098
48545	0.00392156862745098
48546	0.0
48547	0.0
48548	0.0
48549	0.00392156862745098
48550	0.00392156862745098
48551	0.00392156862745098
48552	0.0
48553	0.0
48554	0.0
48555	0.00392156862745098
48556	0.00392156862745098
48557	0.00392156862745098
48558	0.0
48559	0.0
48560	0.0
48561	0.00392156862745098
48562	0.00392156862745098
48563	0.00392156862745098
48564	0.0
48565	0.0
48566	0.0
48567	0.00392156862745098
48568	0.00392156862745098
48569	0.00392156862745098
48570	0.0
48571	0.0
48572	0.0
48573	0.0
48574	0.0
48575	0.0
48576	0.0
48577	0.0
48578	0.0
48579	0.0
48580	0.0
48581	0.0
48582	0.00392156862745098
48583	0.00392156862745098
48584	0.00392156862745098
48585	0.011764705882352941
48586	0.011764705882352941
48587	0.011764705882352941
48588	0.00392156862745098
48589	0.00392156862745098
48590	0.00392156862745098
48591	0.0
48592	0.0
48593	0.0
48594	0.00784313725490196
48595	0.00784313725490196
48596	0.00784313725490196
48597	0.00392156862745098
48598	0.00392156862745098
48599	0.00392156862745098
48600	0.00392156862745098
48601	0.00392156862745098
48602	0.00392156862745098
48603	0.0
48604	0.0
48605	0.0
48606	0.00392156862745098
48607	0.00392156862745098
48608	0.00392156862745098
48609	0.0
48610	0.0
48611	0.0
48612	0.00392156862745098
48613	0.00392156862745098
48614	0.00392156862745098
48615	0.0
48616	0.0
48617	0.0
48618	0.00784313725490196
48619	0.00784313725490196
48620	0.00784313725490196
48621	0.00392156862745098
48622	0.00392156862745098
48623	0.00392156862745098
48624	0.00392156862745098
48625	0.00392156862745098
48626	0.00392156862745098
48627	0.00392156862745098
48628	0.00392156862745098
48629	0.00392156862745098
48630	0.00392156862745098
48631	0.00392156862745098
48632	0.00392156862745098
48633	0.00392156862745098
48634	0.00392156862745098
48635	0.00392156862745098
48636	0.00392156862745098
48637	0.00392156862745098
48638	0.00392156862745098
48639	0.00392156862745098
48640	0.00392156862745098
48641	0.00392156862745098
48642	0.00392156862745098
48643	0.00392156862745098
48644	0.00392156862745098
48645	0.0
48646	0.0
48647	0.0
48648	0.00392156862745098
48649	0.00392156862745098
48650	0.00392156862745098
48651	0.00392156862745098
48652	0.00392156862745098
48653	0.00392156862745098
48654	0.00784313725490196
48655	0.00784313725490196
48656	0.00784313725490196
48657	0.00392156862745098
48658	0.00392156862745098
48659	0.00392156862745098
48660	0.0
48661	0.0
48662	0.0
48663	0.00392156862745098
48664	0.00392156862745098
48665	0.00392156862745098
48666	0.00784313725490196
48667	0.00784313725490196
48668	0.00784313725490196
48669	0.00392156862745098
48670	0.00392156862745098
48671	0.00392156862745098
48672	0.0
48673	0.0
48674	0.0
48675	0.0
48676	0.0
48677	0.0
48678	0.0
48679	0.0
48680	0.0
48681	0.00392156862745098
48682	0.00392156862745098
48683	0.00392156862745098
48684	0.0
48685	0.0
48686	0.0
48687	0.00392156862745098
48688	0.00392156862745098
48689	0.00392156862745098
48690	0.00784313725490196
48691	0.00784313725490196
48692	0.00784313725490196
48693	0.00392156862745098
48694	0.00392156862745098
48695	0.00392156862745098
48696	0.0
48697	0.0
48698	0.0
48699	0.0
48700	0.0
48701	0.0
48702	0.0
48703	0.0
48704	0.0
48705	0.0
48706	0.0
48707	0.0
48708	0.00784313725490196
48709	0.00784313725490196
48710	0.00784313725490196
48711	0.00392156862745098
48712	0.00392156862745098
48713	0.00392156862745098
48714	0.0
48715	0.0
48716	0.0
48717	0.00392156862745098
48718	0.00392156862745098
48719	0.00392156862745098
48720	0.00392156862745098
48721	0.00392156862745098
48722	0.00392156862745098
48723	0.00392156862745098
48724	0.00392156862745098
48725	0.00392156862745098
48726	0.0
48727	0.0
48728	0.0
48729	0.00392156862745098
48730	0.00392156862745098
48731	0.00392156862745098
48732	0.0
48733	0.0
48734	0.0
48735	0.00784313725490196
48736	0.00784313725490196
48737	0.00784313725490196
48738	0.00392156862745098
48739	0.00392156862745098
48740	0.00392156862745098
48741	0.00392156862745098
48742	0.00392156862745098
48743	0.00392156862745098
48744	0.00784313725490196
48745	0.00784313725490196
48746	0.00784313725490196
48747	0.0
48748	0.0
48749	0.0
48750	0.00392156862745098
48751	0.00392156862745098
48752	0.00392156862745098
48753	0.00392156862745098
48754	0.00392156862745098
48755	0.00392156862745098
48756	0.0
48757	0.0
48758	0.0
48759	0.00392156862745098
48760	0.00392156862745098
48761	0.00392156862745098
48762	0.0
48763	0.0
48764	0.0
48765	0.00784313725490196
48766	0.00784313725490196
48767	0.00784313725490196
48768	0.00392156862745098
48769	0.00392156862745098
48770	0.00392156862745098
48771	0.011764705882352941
48772	0.011764705882352941
48773	0.011764705882352941
48774	0.00784313725490196
48775	0.00784313725490196
48776	0.00784313725490196
48777	0.0
48778	0.0
48779	0.0
48780	0.00392156862745098
48781	0.00392156862745098
48782	0.00392156862745098
48783	0.00784313725490196
48784	0.00784313725490196
48785	0.00784313725490196
48786	0.011764705882352941
48787	0.011764705882352941
48788	0.011764705882352941
48789	0.00784313725490196
48790	0.00784313725490196
48791	0.00784313725490196
48792	0.00784313725490196
48793	0.00784313725490196
48794	0.00784313725490196
48795	0.00784313725490196
48796	0.00784313725490196
48797	0.00784313725490196
48798	0.00784313725490196
48799	0.00784313725490196
48800	0.00784313725490196
48801	0.011764705882352941
48802	0.011764705882352941
48803	0.011764705882352941
48804	0.00784313725490196
48805	0.00784313725490196
48806	0.00784313725490196
48807	0.00392156862745098
48808	0.00392156862745098
48809	0.00392156862745098
48810	0.00392156862745098
48811	0.00392156862745098
48812	0.00392156862745098
48813	0.00392156862745098
48814	0.00392156862745098
48815	0.00392156862745098
48816	0.00784313725490196
48817	0.00784313725490196
48818	0.00784313725490196
48819	0.00392156862745098
48820	0.00392156862745098
48821	0.00392156862745098
48822	0.00392156862745098
48823	0.00392156862745098
48824	0.00392156862745098
48825	0.00392156862745098
48826	0.00392156862745098
48827	0.00392156862745098
48828	0.011764705882352941
48829	0.011764705882352941
48830	0.011764705882352941
48831	0.00392156862745098
48832	0.00392156862745098
48833	0.00392156862745098
48834	0.00392156862745098
48835	0.00392156862745098
48836	0.00392156862745098
48837	0.00392156862745098
48838	0.00392156862745098
48839	0.00392156862745098
48840	0.011764705882352941
48841	0.011764705882352941
48842	0.011764705882352941
48843	0.00784313725490196
48844	0.00784313725490196
48845	0.00784313725490196
48846	0.00392156862745098
48847	0.00392156862745098
48848	0.00392156862745098
48849	0.00392156862745098
48850	0.00392156862745098
48851	0.00392156862745098
48852	0.00784313725490196
48853	0.00784313725490196
48854	0.00784313725490196
48855	0.00784313725490196
48856	0.00784313725490196
48857	0.00784313725490196
48858	0.00784313725490196
48859	0.00784313725490196
48860	0.00784313725490196
48861	0.00392156862745098
48862	0.00392156862745098
48863	0.00392156862745098
48864	0.011764705882352941
48865	0.011764705882352941
48866	0.011764705882352941
48867	0.00784313725490196
48868	0.00784313725490196
48869	0.00784313725490196
48870	0.00392156862745098
48871	0.00392156862745098
48872	0.00392156862745098
48873	0.00784313725490196
48874	0.00784313725490196
48875	0.00784313725490196
48876	0.00392156862745098
48877	0.00392156862745098
48878	0.00392156862745098
48879	0.011764705882352941
48880	0.011764705882352941
48881	0.011764705882352941
48882	0.00392156862745098
48883	0.00392156862745098
48884	0.00392156862745098
48885	0.0
48886	0.0
48887	0.0
48888	0.00392156862745098
48889	0.00392156862745098
48890	0.00392156862745098
48891	0.00392156862745098
48892	0.00392156862745098
48893	0.00392156862745098
48894	0.00392156862745098
48895	0.00392156862745098
48896	0.00392156862745098
48897	0.00784313725490196
48898	0.00784313725490196
48899	0.00784313725490196
48900	0.00784313725490196
48901	0.00784313725490196
48902	0.00784313725490196
48903	0.00392156862745098
48904	0.00392156862745098
48905	0.00392156862745098
48906	0.00392156862745098
48907	0.00392156862745098
48908	0.00392156862745098
48909	0.00392156862745098
48910	0.00392156862745098
48911	0.00392156862745098
48912	0.00392156862745098
48913	0.00392156862745098
48914	0.00392156862745098
48915	0.00784313725490196
48916	0.00784313725490196
48917	0.00784313725490196
48918	0.011764705882352941
48919	0.011764705882352941
48920	0.011764705882352941
48921	0.00392156862745098
48922	0.00392156862745098
48923	0.00392156862745098
48924	0.00392156862745098
48925	0.00392156862745098
48926	0.00392156862745098
48927	0.00392156862745098
48928	0.00392156862745098
48929	0.00392156862745098
48930	0.00392156862745098
48931	0.00392156862745098
48932	0.00392156862745098
48933	0.00784313725490196
48934	0.00784313725490196
48935	0.00784313725490196
48936	0.00392156862745098
48937	0.00392156862745098
48938	0.00392156862745098
48939	0.00784313725490196
48940	0.00784313725490196
48941	0.00784313725490196
48942	0.00392156862745098
48943	0.00392156862745098
48944	0.00392156862745098
48945	0.00784313725490196
48946	0.00784313725490196
48947	0.00784313725490196
48948	0.0
48949	0.0
48950	0.0
48951	0.00784313725490196
48952	0.00784313725490196
48953	0.00784313725490196
48954	0.00392156862745098
48955	0.00392156862745098
48956	0.00392156862745098
48957	0.00392156862745098
48958	0.00392156862745098
48959	0.00392156862745098
48960	0.00392156862745098
48961	0.00392156862745098
48962	0.00392156862745098
48963	0.0
48964	0.0
48965	0.0
48966	0.00392156862745098
48967	0.00392156862745098
48968	0.00392156862745098
48969	0.00784313725490196
48970	0.00784313725490196
48971	0.00784313725490196
48972	0.011764705882352941
48973	0.011764705882352941
48974	0.011764705882352941
48975	0.0
48976	0.0
48977	0.0
48978	0.00784313725490196
48979	0.00784313725490196
48980	0.00784313725490196
48981	0.00784313725490196
48982	0.00784313725490196
48983	0.00784313725490196
48984	0.011764705882352941
48985	0.011764705882352941
48986	0.011764705882352941
48987	0.00392156862745098
48988	0.00392156862745098
48989	0.00392156862745098
48990	0.00784313725490196
48991	0.00784313725490196
48992	0.00784313725490196
48993	0.00784313725490196
48994	0.00784313725490196
48995	0.00784313725490196
48996	0.00784313725490196
48997	0.00784313725490196
48998	0.00784313725490196
48999	0.00784313725490196
49000	0.00784313725490196
49001	0.00784313725490196
49002	0.00784313725490196
49003	0.00784313725490196
49004	0.00784313725490196
49005	0.00784313725490196
49006	0.00784313725490196
49007	0.00784313725490196
49008	0.00392156862745098
49009	0.00392156862745098
49010	0.00392156862745098
49011	0.00784313725490196
49012	0.00784313725490196
49013	0.00784313725490196
49014	0.00392156862745098
49015	0.00392156862745098
49016	0.00392156862745098
49017	0.00784313725490196
49018	0.00784313725490196
49019	0.00784313725490196
49020	0.00784313725490196
49021	0.00784313725490196
49022	0.00784313725490196
49023	0.00784313725490196
49024	0.00784313725490196
49025	0.00784313725490196
49026	0.011764705882352941
49027	0.011764705882352941
49028	0.011764705882352941
49029	0.00392156862745098
49030	0.00392156862745098
49031	0.00392156862745098
49032	0.00784313725490196
49033	0.00784313725490196
49034	0.00784313725490196
49035	0.00392156862745098
49036	0.00392156862745098
49037	0.00392156862745098
49038	0.00784313725490196
49039	0.00784313725490196
49040	0.00784313725490196
49041	0.00784313725490196
49042	0.00784313725490196
49043	0.00784313725490196
49044	0.00392156862745098
49045	0.00392156862745098
49046	0.00392156862745098
49047	0.00392156862745098
49048	0.00392156862745098
49049	0.00392156862745098
49050	0.011764705882352941
49051	0.011764705882352941
49052	0.011764705882352941
49053	0.00392156862745098
49054	0.00392156862745098
49055	0.00392156862745098
49056	0.0
49057	0.0
49058	0.0
49059	0.00392156862745098
49060	0.00392156862745098
49061	0.00392156862745098
49062	0.00392156862745098
49063	0.00392156862745098
49064	0.00392156862745098
49065	0.00784313725490196
49066	0.00784313725490196
49067	0.00784313725490196
49068	0.00392156862745098
49069	0.00392156862745098
49070	0.00392156862745098
49071	0.00392156862745098
49072	0.00392156862745098
49073	0.00392156862745098
49074	0.00784313725490196
49075	0.00784313725490196
49076	0.00784313725490196
49077	0.00392156862745098
49078	0.00392156862745098
49079	0.00392156862745098
49080	0.0
49081	0.0
49082	0.0
49083	0.00392156862745098
49084	0.00392156862745098
49085	0.00392156862745098
49086	0.00392156862745098
49087	0.00392156862745098
49088	0.00392156862745098
49089	0.00392156862745098
49090	0.00392156862745098
49091	0.00392156862745098
49092	0.00392156862745098
49093	0.00392156862745098
49094	0.00392156862745098
49095	0.00784313725490196
49096	0.00784313725490196
49097	0.00784313725490196
49098	0.00784313725490196
49099	0.00784313725490196
49100	0.00784313725490196
49101	0.0
49102	0.0
49103	0.0
49104	0.0
49105	0.0
49106	0.0
49107	0.0
49108	0.0
49109	0.0
49110	0.00392156862745098
49111	0.00392156862745098
49112	0.00392156862745098
49113	0.00392156862745098
49114	0.00392156862745098
49115	0.00392156862745098
49116	0.0
49117	0.0
49118	0.0
49119	0.011764705882352941
49120	0.011764705882352941
49121	0.011764705882352941
49122	0.00392156862745098
49123	0.00392156862745098
49124	0.00392156862745098
49125	0.011764705882352941
49126	0.011764705882352941
49127	0.011764705882352941
49128	0.011764705882352941
49129	0.011764705882352941
49130	0.011764705882352941
49131	0.00392156862745098
49132	0.00392156862745098
49133	0.00392156862745098
49134	0.0
49135	0.0
49136	0.0
49137	0.0
49138	0.0
49139	0.0
49140	0.00784313725490196
49141	0.00784313725490196
49142	0.00784313725490196
49143	0.00392156862745098
49144	0.00392156862745098
49145	0.00392156862745098
49146	0.00784313725490196
49147	0.00784313725490196
49148	0.00784313725490196
49149	0.00784313725490196
49150	0.00784313725490196
49151	0.00784313725490196
